Epoch 1 | Train Loss: 0.50512 | Val Loss: 1.08743
Train Loss Components:
  |- loss_rot: 0.05703
  |- loss_pos: 0.47657
  |- fk_loss: 1.31283
  |- smoothness_loss: 0.28922
Val Loss Components:
  |- loss_rot: 0.07101
  |- loss_pos: 2.00337
  |- fk_loss: 3.40543
  |- smoothness_loss: 0.00718
LR: 1.000e-04
Hole frames in this epoch: [4, 6]

Epoch 2 | Train Loss: 0.39471 | Val Loss: 1.06378
Train Loss Components:
  |- loss_rot: 0.04675
  |- loss_pos: 0.86760
  |- fk_loss: 1.49438
  |- smoothness_loss: 0.15112
Val Loss Components:
  |- loss_rot: 0.05839
  |- loss_pos: 2.00406
  |- fk_loss: 3.23496
  |- smoothness_loss: 0.00702
LR: 1.000e-04
Hole frames in this epoch: [4, 8]

Epoch 3 | Train Loss: 0.46494 | Val Loss: 1.05912
Train Loss Components:
  |- loss_rot: 0.03792
  |- loss_pos: 0.76711
  |- fk_loss: 1.28607
  |- smoothness_loss: 0.09479
Val Loss Components:
  |- loss_rot: 0.05485
  |- loss_pos: 2.00136
  |- fk_loss: 3.21534
  |- smoothness_loss: 0.00708
LR: 1.000e-04
Hole frames in this epoch: [4, 10]

Epoch 4 | Train Loss: 0.52203 | Val Loss: 1.05603
Train Loss Components:
  |- loss_rot: 0.03713
  |- loss_pos: 0.77426
  |- fk_loss: 1.30858
  |- smoothness_loss: 0.06403
Val Loss Components:
  |- loss_rot: 0.05241
  |- loss_pos: 2.00076
  |- fk_loss: 3.20844
  |- smoothness_loss: 0.00712
LR: 1.000e-04
Hole frames in this epoch: [4, 12]

Epoch 5 | Train Loss: 0.57503 | Val Loss: 1.04980
Train Loss Components:
  |- loss_rot: 0.04088
  |- loss_pos: 1.09680
  |- fk_loss: 1.92547
  |- smoothness_loss: 0.09341
Val Loss Components:
  |- loss_rot: 0.05029
  |- loss_pos: 1.98862
  |- fk_loss: 3.19716
  |- smoothness_loss: 0.00715
LR: 1.000e-04
Hole frames in this epoch: [4, 14]

Epoch 6 | Train Loss: 0.66459 | Val Loss: 1.05264
Train Loss Components:
  |- loss_rot: 0.03100
  |- loss_pos: 0.61180
  |- fk_loss: 1.22112
  |- smoothness_loss: 0.06999
Val Loss Components:
  |- loss_rot: 0.04846
  |- loss_pos: 1.99431
  |- fk_loss: 3.20244
  |- smoothness_loss: 0.00694
LR: 1.000e-04
Hole frames in this epoch: [4, 16]

Epoch 7 | Train Loss: 0.62658 | Val Loss: 0.98992
Train Loss Components:
  |- loss_rot: 0.05217
  |- loss_pos: 1.92970
  |- fk_loss: 3.41777
  |- smoothness_loss: 0.05369
Val Loss Components:
  |- loss_rot: 0.04754
  |- loss_pos: 1.84671
  |- fk_loss: 3.11532
  |- smoothness_loss: 0.01102
LR: 1.000e-04
Hole frames in this epoch: [4, 16]

Epoch 8 | Train Loss: 0.65763 | Val Loss: 0.98919
Train Loss Components:
  |- loss_rot: 0.02281
  |- loss_pos: 0.48171
  |- fk_loss: 0.82698
  |- smoothness_loss: 0.07353
Val Loss Components:
  |- loss_rot: 0.04665
  |- loss_pos: 1.87200
  |- fk_loss: 3.10739
  |- smoothness_loss: 0.00937
LR: 1.000e-04
Hole frames in this epoch: [4, 16]

Epoch 9 | Train Loss: 0.61588 | Val Loss: 0.99355
Train Loss Components:
  |- loss_rot: 0.04179
  |- loss_pos: 1.30136
  |- fk_loss: 2.27652
  |- smoothness_loss: 0.05831
Val Loss Components:
  |- loss_rot: 0.04573
  |- loss_pos: 1.88837
  |- fk_loss: 3.11347
  |- smoothness_loss: 0.01081
LR: 1.000e-04
Hole frames in this epoch: [4, 16]

Epoch 10 | Train Loss: 0.59948 | Val Loss: 0.96121
Train Loss Components:
  |- loss_rot: 0.04771
  |- loss_pos: 1.74129
  |- fk_loss: 2.88759
  |- smoothness_loss: 0.06156
Val Loss Components:
  |- loss_rot: 0.04528
  |- loss_pos: 1.81019
  |- fk_loss: 3.06549
  |- smoothness_loss: 0.01378
LR: 1.000e-04
Hole frames in this epoch: [4, 16]

Epoch 11 | Train Loss: 0.60569 | Val Loss: 0.95317
Train Loss Components:
  |- loss_rot: 0.02851
  |- loss_pos: 0.82091
  |- fk_loss: 1.37904
  |- smoothness_loss: 0.06858
Val Loss Components:
  |- loss_rot: 0.04486
  |- loss_pos: 1.78625
  |- fk_loss: 3.04303
  |- smoothness_loss: 0.01559
LR: 1.000e-04
Hole frames in this epoch: [4, 16]

Epoch 12 | Train Loss: 0.59556 | Val Loss: 0.95670
Train Loss Components:
  |- loss_rot: 0.03558
  |- loss_pos: 1.16985
  |- fk_loss: 1.94885
  |- smoothness_loss: 0.04194
Val Loss Components:
  |- loss_rot: 0.04426
  |- loss_pos: 1.77404
  |- fk_loss: 3.02608
  |- smoothness_loss: 0.01001
LR: 1.000e-04
Hole frames in this epoch: [4, 16]

Epoch 13 | Train Loss: 0.59503 | Val Loss: 0.91043
Train Loss Components:
  |- loss_rot: 0.02468
  |- loss_pos: 0.67046
  |- fk_loss: 1.22179
  |- smoothness_loss: 0.05722
Val Loss Components:
  |- loss_rot: 0.04403
  |- loss_pos: 1.70519
  |- fk_loss: 2.99306
  |- smoothness_loss: 0.01325
LR: 1.000e-04
Hole frames in this epoch: [4, 16]

Epoch 14 | Train Loss: 0.57967 | Val Loss: 0.89515
Train Loss Components:
  |- loss_rot: 0.03495
  |- loss_pos: 1.09412
  |- fk_loss: 1.94491
  |- smoothness_loss: 0.07054
Val Loss Components:
  |- loss_rot: 0.04373
  |- loss_pos: 1.65641
  |- fk_loss: 2.95637
  |- smoothness_loss: 0.01461
LR: 1.000e-04
Hole frames in this epoch: [4, 16]

Epoch 15 | Train Loss: 0.55348 | Val Loss: 0.88809
Train Loss Components:
  |- loss_rot: 0.03142
  |- loss_pos: 0.92719
  |- fk_loss: 1.68222
  |- smoothness_loss: 0.07713
Val Loss Components:
  |- loss_rot: 0.04331
  |- loss_pos: 1.57077
  |- fk_loss: 2.93000
  |- smoothness_loss: 0.01948
LR: 1.000e-04
Hole frames in this epoch: [4, 16]

Epoch 16 | Train Loss: 0.52784 | Val Loss: 0.87278
Train Loss Components:
  |- loss_rot: 0.03796
  |- loss_pos: 1.12971
  |- fk_loss: 2.16545
  |- smoothness_loss: 0.09058
Val Loss Components:
  |- loss_rot: 0.04314
  |- loss_pos: 1.60319
  |- fk_loss: 2.91730
  |- smoothness_loss: 0.02251
LR: 1.000e-04
Hole frames in this epoch: [4, 16]

Epoch 17 | Train Loss: 0.49761 | Val Loss: 0.80815
Train Loss Components:
  |- loss_rot: 0.02709
  |- loss_pos: 0.62580
  |- fk_loss: 1.28438
  |- smoothness_loss: 0.11180
Val Loss Components:
  |- loss_rot: 0.04294
  |- loss_pos: 1.41402
  |- fk_loss: 2.81643
  |- smoothness_loss: 0.03277
LR: 1.000e-04
Hole frames in this epoch: [4, 16]

Epoch 18 | Train Loss: 0.48872 | Val Loss: 0.78966
Train Loss Components:
  |- loss_rot: 0.02882
  |- loss_pos: 0.63321
  |- fk_loss: 1.34829
  |- smoothness_loss: 0.08594
Val Loss Components:
  |- loss_rot: 0.04306
  |- loss_pos: 1.38427
  |- fk_loss: 2.79452
  |- smoothness_loss: 0.04379
LR: 1.000e-04
Hole frames in this epoch: [4, 16]

Epoch 19 | Train Loss: 0.44636 | Val Loss: 0.79556
Train Loss Components:
  |- loss_rot: 0.03664
  |- loss_pos: 0.86882
  |- fk_loss: 1.90117
  |- smoothness_loss: 0.14778
Val Loss Components:
  |- loss_rot: 0.04278
  |- loss_pos: 1.34959
  |- fk_loss: 2.72362
  |- smoothness_loss: 0.04465
LR: 1.000e-04
Hole frames in this epoch: [4, 16]

Epoch 20 | Train Loss: 0.45417 | Val Loss: 0.75501
Train Loss Components:
  |- loss_rot: 0.02352
  |- loss_pos: 0.46992
  |- fk_loss: 1.04927
  |- smoothness_loss: 0.08985
Val Loss Components:
  |- loss_rot: 0.04262
  |- loss_pos: 1.26855
  |- fk_loss: 2.59066
  |- smoothness_loss: 0.04822
LR: 1.000e-04
Hole frames in this epoch: [4, 16]

Epoch 21 | Train Loss: 0.42948 | Val Loss: 0.73858
Train Loss Components:
  |- loss_rot: 0.02770
  |- loss_pos: 0.46994
  |- fk_loss: 1.14309
  |- smoothness_loss: 0.16715
Val Loss Components:
  |- loss_rot: 0.04268
  |- loss_pos: 1.19415
  |- fk_loss: 2.53231
  |- smoothness_loss: 0.05036
LR: 1.000e-04
Hole frames in this epoch: [4, 16]

Epoch 22 | Train Loss: 0.45294 | Val Loss: 0.73013
Train Loss Components:
  |- loss_rot: 0.02363
  |- loss_pos: 0.41097
  |- fk_loss: 0.97263
  |- smoothness_loss: 0.10840
Val Loss Components:
  |- loss_rot: 0.04206
  |- loss_pos: 1.24386
  |- fk_loss: 2.51807
  |- smoothness_loss: 0.05618
LR: 1.000e-04
Hole frames in this epoch: [4, 16]

Epoch 23 | Train Loss: 0.41094 | Val Loss: 0.71624
Train Loss Components:
  |- loss_rot: 0.03049
  |- loss_pos: 0.63109
  |- fk_loss: 1.39568
  |- smoothness_loss: 0.15284
Val Loss Components:
  |- loss_rot: 0.04242
  |- loss_pos: 1.19878
  |- fk_loss: 2.49390
  |- smoothness_loss: 0.09489
LR: 1.000e-04
Hole frames in this epoch: [4, 16]

Epoch 24 | Train Loss: 0.40972 | Val Loss: 0.70058
Train Loss Components:
  |- loss_rot: 0.02606
  |- loss_pos: 0.50841
  |- fk_loss: 1.13545
  |- smoothness_loss: 0.13070
Val Loss Components:
  |- loss_rot: 0.04175
  |- loss_pos: 1.15683
  |- fk_loss: 2.40879
  |- smoothness_loss: 0.06567
LR: 1.000e-04
Hole frames in this epoch: [4, 16]

Epoch 25 | Train Loss: 0.40367 | Val Loss: 0.69144
Train Loss Components:
  |- loss_rot: 0.03931
  |- loss_pos: 0.96685
  |- fk_loss: 1.96583
  |- smoothness_loss: 0.19272
Val Loss Components:
  |- loss_rot: 0.04125
  |- loss_pos: 1.13883
  |- fk_loss: 2.38856
  |- smoothness_loss: 0.06449
LR: 1.000e-04
Hole frames in this epoch: [4, 16]

Epoch 26 | Train Loss: 0.39148 | Val Loss: 0.67992
Train Loss Components:
  |- loss_rot: 0.03858
  |- loss_pos: 0.84955
  |- fk_loss: 1.79396
  |- smoothness_loss: 0.18568
Val Loss Components:
  |- loss_rot: 0.04129
  |- loss_pos: 1.13002
  |- fk_loss: 2.34006
  |- smoothness_loss: 0.07799
LR: 1.000e-04
Hole frames in this epoch: [4, 16]

Epoch 27 | Train Loss: 0.40829 | Val Loss: 0.66726
Train Loss Components:
  |- loss_rot: 0.03259
  |- loss_pos: 0.67071
  |- fk_loss: 1.53405
  |- smoothness_loss: 0.14487
Val Loss Components:
  |- loss_rot: 0.04080
  |- loss_pos: 1.10466
  |- fk_loss: 2.28656
  |- smoothness_loss: 0.06793
LR: 1.000e-04
Hole frames in this epoch: [4, 16]

Epoch 28 | Train Loss: 0.39170 | Val Loss: 0.66492
Train Loss Components:
  |- loss_rot: 0.04541
  |- loss_pos: 1.13022
  |- fk_loss: 2.45030
  |- smoothness_loss: 0.21872
Val Loss Components:
  |- loss_rot: 0.04076
  |- loss_pos: 1.07672
  |- fk_loss: 2.26202
  |- smoothness_loss: 0.07395
LR: 1.000e-04
Hole frames in this epoch: [4, 16]

Epoch 29 | Train Loss: 0.39381 | Val Loss: 0.64256
Train Loss Components:
  |- loss_rot: 0.04322
  |- loss_pos: 1.05462
  |- fk_loss: 2.24384
  |- smoothness_loss: 0.19853
Val Loss Components:
  |- loss_rot: 0.04099
  |- loss_pos: 1.03084
  |- fk_loss: 2.21592
  |- smoothness_loss: 0.08315
LR: 1.000e-04
Hole frames in this epoch: [4, 16]

Epoch 30 | Train Loss: 0.38531 | Val Loss: 0.66536
Train Loss Components:
  |- loss_rot: 0.02259
  |- loss_pos: 0.38182
  |- fk_loss: 0.90095
  |- smoothness_loss: 0.14600
Val Loss Components:
  |- loss_rot: 0.04065
  |- loss_pos: 1.09334
  |- fk_loss: 2.24999
  |- smoothness_loss: 0.07692
LR: 1.000e-04
Hole frames in this epoch: [4, 16]

Epoch 31 | Train Loss: 0.35935 | Val Loss: 0.63665
Train Loss Components:
  |- loss_rot: 0.03151
  |- loss_pos: 0.56454
  |- fk_loss: 1.30244
  |- smoothness_loss: 0.15802
Val Loss Components:
  |- loss_rot: 0.04069
  |- loss_pos: 1.04634
  |- fk_loss: 2.20884
  |- smoothness_loss: 0.07425
LR: 1.000e-04
Hole frames in this epoch: [4, 16]

Epoch 32 | Train Loss: 0.36586 | Val Loss: 0.62161
Train Loss Components:
  |- loss_rot: 0.01465
  |- loss_pos: 0.19293
  |- fk_loss: 0.46292
  |- smoothness_loss: 0.09501
Val Loss Components:
  |- loss_rot: 0.04037
  |- loss_pos: 1.00062
  |- fk_loss: 2.14697
  |- smoothness_loss: 0.08716
LR: 1.000e-04
Hole frames in this epoch: [4, 16]

Epoch 33 | Train Loss: 0.36133 | Val Loss: 0.62151
Train Loss Components:
  |- loss_rot: 0.03407
  |- loss_pos: 0.58591
  |- fk_loss: 1.42858
  |- smoothness_loss: 0.16897
Val Loss Components:
  |- loss_rot: 0.04028
  |- loss_pos: 1.02336
  |- fk_loss: 2.16665
  |- smoothness_loss: 0.08317
LR: 1.000e-04
Hole frames in this epoch: [4, 16]

Epoch 34 | Train Loss: 0.37714 | Val Loss: 0.61599
Train Loss Components:
  |- loss_rot: 0.03594
  |- loss_pos: 0.74415
  |- fk_loss: 1.71324
  |- smoothness_loss: 0.21238
Val Loss Components:
  |- loss_rot: 0.03996
  |- loss_pos: 1.04757
  |- fk_loss: 2.13676
  |- smoothness_loss: 0.08902
LR: 1.000e-04
Hole frames in this epoch: [4, 16]

Epoch 35 | Train Loss: 0.36443 | Val Loss: 0.60142
Train Loss Components:
  |- loss_rot: 0.04372
  |- loss_pos: 1.02334
  |- fk_loss: 2.24548
  |- smoothness_loss: 0.24487
Val Loss Components:
  |- loss_rot: 0.03979
  |- loss_pos: 1.01405
  |- fk_loss: 2.12105
  |- smoothness_loss: 0.09978
LR: 1.000e-04
Hole frames in this epoch: [4, 16]

Epoch 36 | Train Loss: 0.36321 | Val Loss: 0.60311
Train Loss Components:
  |- loss_rot: 0.02578
  |- loss_pos: 0.43316
  |- fk_loss: 0.98264
  |- smoothness_loss: 0.14391
Val Loss Components:
  |- loss_rot: 0.03995
  |- loss_pos: 0.96767
  |- fk_loss: 2.11720
  |- smoothness_loss: 0.08769
LR: 1.000e-04
Hole frames in this epoch: [4, 16]

Epoch 37 | Train Loss: 0.35346 | Val Loss: 0.59337
Train Loss Components:
  |- loss_rot: 0.01879
  |- loss_pos: 0.27065
  |- fk_loss: 0.67426
  |- smoothness_loss: 0.11943
Val Loss Components:
  |- loss_rot: 0.03962
  |- loss_pos: 0.97856
  |- fk_loss: 2.07171
  |- smoothness_loss: 0.09091
LR: 1.000e-04
Hole frames in this epoch: [4, 16]

Epoch 38 | Train Loss: 0.32918 | Val Loss: 0.59087
Train Loss Components:
  |- loss_rot: 0.04134
  |- loss_pos: 0.87020
  |- fk_loss: 1.90435
  |- smoothness_loss: 0.25730
Val Loss Components:
  |- loss_rot: 0.03987
  |- loss_pos: 0.99391
  |- fk_loss: 2.06966
  |- smoothness_loss: 0.10190
LR: 1.000e-04
Hole frames in this epoch: [4, 16]

Epoch 39 | Train Loss: 0.34280 | Val Loss: 0.58882
Train Loss Components:
  |- loss_rot: 0.03222
  |- loss_pos: 0.61137
  |- fk_loss: 1.35366
  |- smoothness_loss: 0.17053
Val Loss Components:
  |- loss_rot: 0.03964
  |- loss_pos: 1.00776
  |- fk_loss: 2.08034
  |- smoothness_loss: 0.08786
LR: 1.000e-04
Hole frames in this epoch: [4, 16]

Epoch 40 | Train Loss: 0.33126 | Val Loss: 0.58353
Train Loss Components:
  |- loss_rot: 0.03460
  |- loss_pos: 0.64245
  |- fk_loss: 1.40079
  |- smoothness_loss: 0.24238
Val Loss Components:
  |- loss_rot: 0.03905
  |- loss_pos: 0.94976
  |- fk_loss: 1.99485
  |- smoothness_loss: 0.10019
LR: 1.000e-04
Hole frames in this epoch: [4, 16]

Epoch 41 | Train Loss: 0.33015 | Val Loss: 0.57097
Train Loss Components:
  |- loss_rot: 0.01546
  |- loss_pos: 0.21682
  |- fk_loss: 0.48855
  |- smoothness_loss: 0.09589
Val Loss Components:
  |- loss_rot: 0.03908
  |- loss_pos: 0.93412
  |- fk_loss: 2.00012
  |- smoothness_loss: 0.09759
LR: 1.000e-04
Hole frames in this epoch: [4, 16]

Epoch 42 | Train Loss: 0.33600 | Val Loss: 0.56815
Train Loss Components:
  |- loss_rot: 0.04126
  |- loss_pos: 0.79866
  |- fk_loss: 1.83883
  |- smoothness_loss: 0.28343
Val Loss Components:
  |- loss_rot: 0.03881
  |- loss_pos: 0.93021
  |- fk_loss: 1.97616
  |- smoothness_loss: 0.10005
LR: 1.000e-04
Hole frames in this epoch: [4, 16]

Epoch 43 | Train Loss: 0.32505 | Val Loss: 0.57024
Train Loss Components:
  |- loss_rot: 0.01873
  |- loss_pos: 0.25479
  |- fk_loss: 0.63338
  |- smoothness_loss: 0.11361
Val Loss Components:
  |- loss_rot: 0.03893
  |- loss_pos: 0.94143
  |- fk_loss: 1.97119
  |- smoothness_loss: 0.10128
LR: 1.000e-04
Hole frames in this epoch: [4, 16]

Epoch 44 | Train Loss: 0.31783 | Val Loss: 0.55949
Train Loss Components:
  |- loss_rot: 0.01392
  |- loss_pos: 0.17816
  |- fk_loss: 0.42513
  |- smoothness_loss: 0.10227
Val Loss Components:
  |- loss_rot: 0.03883
  |- loss_pos: 0.97041
  |- fk_loss: 1.98689
  |- smoothness_loss: 0.10000
LR: 1.000e-04
Hole frames in this epoch: [4, 16]

Epoch 45 | Train Loss: 0.31227 | Val Loss: 0.55249
Train Loss Components:
  |- loss_rot: 0.03702
  |- loss_pos: 0.73871
  |- fk_loss: 1.57978
  |- smoothness_loss: 0.25113
Val Loss Components:
  |- loss_rot: 0.03864
  |- loss_pos: 0.93112
  |- fk_loss: 1.92863
  |- smoothness_loss: 0.10465
LR: 1.000e-04
Hole frames in this epoch: [4, 16]

Epoch 46 | Train Loss: 0.31453 | Val Loss: 0.55483
Train Loss Components:
  |- loss_rot: 0.02432
  |- loss_pos: 0.38682
  |- fk_loss: 0.92233
  |- smoothness_loss: 0.17856
Val Loss Components:
  |- loss_rot: 0.03860
  |- loss_pos: 0.92318
  |- fk_loss: 1.91944
  |- smoothness_loss: 0.09991
LR: 1.000e-04
Hole frames in this epoch: [4, 16]

Epoch 47 | Train Loss: 0.31058 | Val Loss: 0.55008
Train Loss Components:
  |- loss_rot: 0.02166
  |- loss_pos: 0.34198
  |- fk_loss: 0.79602
  |- smoothness_loss: 0.13911
Val Loss Components:
  |- loss_rot: 0.03855
  |- loss_pos: 0.88897
  |- fk_loss: 1.85485
  |- smoothness_loss: 0.10161
LR: 1.000e-04
Hole frames in this epoch: [4, 16]

Epoch 48 | Train Loss: 0.31145 | Val Loss: 0.54300
Train Loss Components:
  |- loss_rot: 0.02341
  |- loss_pos: 0.33096
  |- fk_loss: 0.81488
  |- smoothness_loss: 0.14710
Val Loss Components:
  |- loss_rot: 0.03826
  |- loss_pos: 0.93296
  |- fk_loss: 1.87984
  |- smoothness_loss: 0.10467
LR: 1.000e-04
Hole frames in this epoch: [4, 16]

Epoch 49 | Train Loss: 0.30351 | Val Loss: 0.54409
Train Loss Components:
  |- loss_rot: 0.01923
  |- loss_pos: 0.31024
  |- fk_loss: 0.66036
  |- smoothness_loss: 0.13383
Val Loss Components:
  |- loss_rot: 0.03821
  |- loss_pos: 0.93240
  |- fk_loss: 1.89591
  |- smoothness_loss: 0.09803
LR: 1.000e-04
Hole frames in this epoch: [4, 16]

Epoch 50 | Train Loss: 0.29369 | Val Loss: 0.53748
Train Loss Components:
  |- loss_rot: 0.04222
  |- loss_pos: 0.83238
  |- fk_loss: 1.90687
  |- smoothness_loss: 0.28053
Val Loss Components:
  |- loss_rot: 0.03824
  |- loss_pos: 0.89247
  |- fk_loss: 1.82406
  |- smoothness_loss: 0.09405
LR: 1.000e-04
Hole frames in this epoch: [4, 16]

Epoch 51 | Train Loss: 0.29926 | Val Loss: 0.53244
Train Loss Components:
  |- loss_rot: 0.01768
  |- loss_pos: 0.22851
  |- fk_loss: 0.54798
  |- smoothness_loss: 0.10065
Val Loss Components:
  |- loss_rot: 0.03822
  |- loss_pos: 0.86169
  |- fk_loss: 1.80971
  |- smoothness_loss: 0.10067
LR: 1.000e-04
Hole frames in this epoch: [4, 16]

Epoch 52 | Train Loss: 0.29694 | Val Loss: 0.53064
Train Loss Components:
  |- loss_rot: 0.03686
  |- loss_pos: 0.61595
  |- fk_loss: 1.52140
  |- smoothness_loss: 0.26680
Val Loss Components:
  |- loss_rot: 0.03784
  |- loss_pos: 0.83097
  |- fk_loss: 1.79126
  |- smoothness_loss: 0.10300
LR: 1.000e-04
Hole frames in this epoch: [4, 16]

Epoch 53 | Train Loss: 0.30726 | Val Loss: 0.52436
Train Loss Components:
  |- loss_rot: 0.03392
  |- loss_pos: 0.55143
  |- fk_loss: 1.32906
  |- smoothness_loss: 0.23840
Val Loss Components:
  |- loss_rot: 0.03803
  |- loss_pos: 0.82994
  |- fk_loss: 1.76855
  |- smoothness_loss: 0.09825
LR: 1.000e-04
Hole frames in this epoch: [4, 16]

Epoch 54 | Train Loss: 0.29122 | Val Loss: 0.53327
Train Loss Components:
  |- loss_rot: 0.01489
  |- loss_pos: 0.19790
  |- fk_loss: 0.48382
  |- smoothness_loss: 0.11638
Val Loss Components:
  |- loss_rot: 0.03790
  |- loss_pos: 0.90417
  |- fk_loss: 1.85426
  |- smoothness_loss: 0.10376
LR: 1.000e-04
Hole frames in this epoch: [4, 16]

Epoch 55 | Train Loss: 0.29845 | Val Loss: 0.51838
Train Loss Components:
  |- loss_rot: 0.03682
  |- loss_pos: 0.61370
  |- fk_loss: 1.43090
  |- smoothness_loss: 0.25492
Val Loss Components:
  |- loss_rot: 0.03782
  |- loss_pos: 0.83832
  |- fk_loss: 1.76107
  |- smoothness_loss: 0.10394
LR: 1.000e-04
Hole frames in this epoch: [4, 16]

Epoch 56 | Train Loss: 0.29295 | Val Loss: 0.52019
Train Loss Components:
  |- loss_rot: 0.02186
  |- loss_pos: 0.29800
  |- fk_loss: 0.74041
  |- smoothness_loss: 0.16939
Val Loss Components:
  |- loss_rot: 0.03767
  |- loss_pos: 0.81963
  |- fk_loss: 1.73653
  |- smoothness_loss: 0.10973
LR: 1.000e-04
Hole frames in this epoch: [4, 16]

Epoch 57 | Train Loss: 0.26324 | Val Loss: 0.51456
Train Loss Components:
  |- loss_rot: 0.03980
  |- loss_pos: 0.77092
  |- fk_loss: 1.65156
  |- smoothness_loss: 0.30155
Val Loss Components:
  |- loss_rot: 0.03764
  |- loss_pos: 0.85658
  |- fk_loss: 1.74065
  |- smoothness_loss: 0.10474
LR: 1.000e-04
Hole frames in this epoch: [4, 16]

Epoch 58 | Train Loss: 0.27862 | Val Loss: 0.51168
Train Loss Components:
  |- loss_rot: 0.02581
  |- loss_pos: 0.35991
  |- fk_loss: 0.94683
  |- smoothness_loss: 0.16858
Val Loss Components:
  |- loss_rot: 0.03777
  |- loss_pos: 0.83399
  |- fk_loss: 1.73793
  |- smoothness_loss: 0.10616
LR: 1.000e-04
Hole frames in this epoch: [4, 16]

Epoch 59 | Train Loss: 0.27558 | Val Loss: 0.50346
Train Loss Components:
  |- loss_rot: 0.03961
  |- loss_pos: 0.66491
  |- fk_loss: 1.55923
  |- smoothness_loss: 0.28173
Val Loss Components:
  |- loss_rot: 0.03762
  |- loss_pos: 0.80104
  |- fk_loss: 1.70241
  |- smoothness_loss: 0.11010
LR: 1.000e-04
Hole frames in this epoch: [4, 16]

Epoch 60 | Train Loss: 0.27783 | Val Loss: 0.51115
Train Loss Components:
  |- loss_rot: 0.02653
  |- loss_pos: 0.37611
  |- fk_loss: 0.92036
  |- smoothness_loss: 0.12827
Val Loss Components:
  |- loss_rot: 0.03746
  |- loss_pos: 0.77385
  |- fk_loss: 1.69555
  |- smoothness_loss: 0.09854
LR: 1.000e-04
Hole frames in this epoch: [4, 16]

Epoch 61 | Train Loss: 0.27004 | Val Loss: 0.51334
Train Loss Components:
  |- loss_rot: 0.02732
  |- loss_pos: 0.37082
  |- fk_loss: 0.93286
  |- smoothness_loss: 0.24088
Val Loss Components:
  |- loss_rot: 0.03750
  |- loss_pos: 0.86287
  |- fk_loss: 1.70276
  |- smoothness_loss: 0.11435
LR: 1.000e-04
Hole frames in this epoch: [4, 16]

Epoch 62 | Train Loss: 0.26996 | Val Loss: 0.50026
Train Loss Components:
  |- loss_rot: 0.02653
  |- loss_pos: 0.37464
  |- fk_loss: 0.96684
  |- smoothness_loss: 0.18340
Val Loss Components:
  |- loss_rot: 0.03737
  |- loss_pos: 0.77948
  |- fk_loss: 1.66494
  |- smoothness_loss: 0.10837
LR: 1.000e-04
Hole frames in this epoch: [4, 16]

Epoch 63 | Train Loss: 0.26151 | Val Loss: 0.51041
Train Loss Components:
  |- loss_rot: 0.02393
  |- loss_pos: 0.28744
  |- fk_loss: 0.79383
  |- smoothness_loss: 0.17134
Val Loss Components:
  |- loss_rot: 0.03718
  |- loss_pos: 0.81182
  |- fk_loss: 1.67766
  |- smoothness_loss: 0.10303
LR: 1.000e-04
Hole frames in this epoch: [4, 16]

Epoch 64 | Train Loss: 0.26294 | Val Loss: 0.49893
Train Loss Components:
  |- loss_rot: 0.03680
  |- loss_pos: 0.56735
  |- fk_loss: 1.46550
  |- smoothness_loss: 0.29957
Val Loss Components:
  |- loss_rot: 0.03747
  |- loss_pos: 0.78244
  |- fk_loss: 1.65954
  |- smoothness_loss: 0.11258
LR: 1.000e-04
Hole frames in this epoch: [4, 16]

Epoch 65 | Train Loss: 0.27032 | Val Loss: 0.49816
Train Loss Components:
  |- loss_rot: 0.03975
  |- loss_pos: 0.70764
  |- fk_loss: 1.56437
  |- smoothness_loss: 0.34671
Val Loss Components:
  |- loss_rot: 0.03746
  |- loss_pos: 0.82076
  |- fk_loss: 1.66737
  |- smoothness_loss: 0.11150
LR: 1.000e-04
Hole frames in this epoch: [4, 16]

Epoch 66 | Train Loss: 0.25928 | Val Loss: 0.49449
Train Loss Components:
  |- loss_rot: 0.02682
  |- loss_pos: 0.36823
  |- fk_loss: 0.92392
  |- smoothness_loss: 0.17953
Val Loss Components:
  |- loss_rot: 0.03711
  |- loss_pos: 0.79559
  |- fk_loss: 1.63454
  |- smoothness_loss: 0.11188
LR: 1.000e-04
Hole frames in this epoch: [4, 16]

Epoch 67 | Train Loss: 0.26253 | Val Loss: 0.49809
Train Loss Components:
  |- loss_rot: 0.02210
  |- loss_pos: 0.26016
  |- fk_loss: 0.69430
  |- smoothness_loss: 0.16969
Val Loss Components:
  |- loss_rot: 0.03712
  |- loss_pos: 0.79833
  |- fk_loss: 1.65347
  |- smoothness_loss: 0.11277
LR: 1.000e-04
Hole frames in this epoch: [4, 16]

Epoch 68 | Train Loss: 0.24627 | Val Loss: 0.48955
Train Loss Components:
  |- loss_rot: 0.03160
  |- loss_pos: 0.41012
  |- fk_loss: 1.05757
  |- smoothness_loss: 0.21137
Val Loss Components:
  |- loss_rot: 0.03704
  |- loss_pos: 0.77482
  |- fk_loss: 1.61563
  |- smoothness_loss: 0.10026
LR: 1.000e-04
Hole frames in this epoch: [4, 16]

Epoch 69 | Train Loss: 0.26084 | Val Loss: 0.49039
Train Loss Components:
  |- loss_rot: 0.01794
  |- loss_pos: 0.20695
  |- fk_loss: 0.51580
  |- smoothness_loss: 0.16668
Val Loss Components:
  |- loss_rot: 0.03683
  |- loss_pos: 0.74168
  |- fk_loss: 1.58096
  |- smoothness_loss: 0.11182
LR: 1.000e-04
Hole frames in this epoch: [4, 16]

Epoch 70 | Train Loss: 0.26141 | Val Loss: 0.49103
Train Loss Components:
  |- loss_rot: 0.01599
  |- loss_pos: 0.18753
  |- fk_loss: 0.46844
  |- smoothness_loss: 0.12660
Val Loss Components:
  |- loss_rot: 0.03701
  |- loss_pos: 0.77516
  |- fk_loss: 1.59237
  |- smoothness_loss: 0.11145
LR: 1.000e-04
Hole frames in this epoch: [4, 16]

Epoch 71 | Train Loss: 0.24662 | Val Loss: 0.48716
Train Loss Components:
  |- loss_rot: 0.02469
  |- loss_pos: 0.29368
  |- fk_loss: 0.78935
  |- smoothness_loss: 0.17461
Val Loss Components:
  |- loss_rot: 0.03723
  |- loss_pos: 0.75383
  |- fk_loss: 1.61153
  |- smoothness_loss: 0.10876
LR: 1.000e-04
Hole frames in this epoch: [4, 16]

Epoch 72 | Train Loss: 0.25196 | Val Loss: 0.48450
Train Loss Components:
  |- loss_rot: 0.02602
  |- loss_pos: 0.33726
  |- fk_loss: 0.83434
  |- smoothness_loss: 0.22093
Val Loss Components:
  |- loss_rot: 0.03705
  |- loss_pos: 0.79212
  |- fk_loss: 1.60677
  |- smoothness_loss: 0.11031
LR: 1.000e-04
Hole frames in this epoch: [4, 16]

Epoch 73 | Train Loss: 0.24294 | Val Loss: 0.48645
Train Loss Components:
  |- loss_rot: 0.01551
  |- loss_pos: 0.16710
  |- fk_loss: 0.44529
  |- smoothness_loss: 0.10852
Val Loss Components:
  |- loss_rot: 0.03676
  |- loss_pos: 0.77072
  |- fk_loss: 1.62496
  |- smoothness_loss: 0.10625
LR: 1.000e-04
Hole frames in this epoch: [4, 16]

Epoch 74 | Train Loss: 0.24754 | Val Loss: 0.47986
Train Loss Components:
  |- loss_rot: 0.01802
  |- loss_pos: 0.21049
  |- fk_loss: 0.54220
  |- smoothness_loss: 0.14806
Val Loss Components:
  |- loss_rot: 0.03682
  |- loss_pos: 0.75165
  |- fk_loss: 1.59353
  |- smoothness_loss: 0.11587
LR: 1.000e-04
Hole frames in this epoch: [4, 16]

Epoch 75 | Train Loss: 0.24688 | Val Loss: 0.47777
Train Loss Components:
  |- loss_rot: 0.03526
  |- loss_pos: 0.51711
  |- fk_loss: 1.20636
  |- smoothness_loss: 0.30781
Val Loss Components:
  |- loss_rot: 0.03684
  |- loss_pos: 0.75449
  |- fk_loss: 1.58010
  |- smoothness_loss: 0.11671
LR: 1.000e-04
Hole frames in this epoch: [4, 16]

Epoch 76 | Train Loss: 0.23052 | Val Loss: 0.48624
Train Loss Components:
  |- loss_rot: 0.01835
  |- loss_pos: 0.23522
  |- fk_loss: 0.59240
  |- smoothness_loss: 0.13947
Val Loss Components:
  |- loss_rot: 0.03667
  |- loss_pos: 0.76455
  |- fk_loss: 1.58529
  |- smoothness_loss: 0.10939
LR: 1.000e-04
Hole frames in this epoch: [4, 16]

Epoch 77 | Train Loss: 0.25015 | Val Loss: 0.48126
Train Loss Components:
  |- loss_rot: 0.02993
  |- loss_pos: 0.37246
  |- fk_loss: 1.04200
  |- smoothness_loss: 0.23225
Val Loss Components:
  |- loss_rot: 0.03688
  |- loss_pos: 0.78262
  |- fk_loss: 1.58869
  |- smoothness_loss: 0.11356
LR: 1.000e-04
Hole frames in this epoch: [4, 16]

Epoch 78 | Train Loss: 0.23888 | Val Loss: 0.47463
Train Loss Components:
  |- loss_rot: 0.03401
  |- loss_pos: 0.47677
  |- fk_loss: 1.30257
  |- smoothness_loss: 0.29664
Val Loss Components:
  |- loss_rot: 0.03660
  |- loss_pos: 0.72945
  |- fk_loss: 1.56046
  |- smoothness_loss: 0.11094
LR: 1.000e-04
Hole frames in this epoch: [4, 16]

Epoch 79 | Train Loss: 0.25624 | Val Loss: 0.49206
Train Loss Components:
  |- loss_rot: 0.03284
  |- loss_pos: 0.39977
  |- fk_loss: 1.13279
  |- smoothness_loss: 0.26532
Val Loss Components:
  |- loss_rot: 0.03679
  |- loss_pos: 0.78105
  |- fk_loss: 1.62485
  |- smoothness_loss: 0.10903
LR: 1.000e-04
Hole frames in this epoch: [4, 16]

Epoch 80 | Train Loss: 0.23150 | Val Loss: 0.47043
Train Loss Components:
  |- loss_rot: 0.03274
  |- loss_pos: 0.41189
  |- fk_loss: 1.07593
  |- smoothness_loss: 0.30652
Val Loss Components:
  |- loss_rot: 0.03689
  |- loss_pos: 0.75701
  |- fk_loss: 1.56089
  |- smoothness_loss: 0.12103
LR: 1.000e-04
Hole frames in this epoch: [4, 16]

Epoch 81 | Train Loss: 0.23705 | Val Loss: 0.46817
Train Loss Components:
  |- loss_rot: 0.03135
  |- loss_pos: 0.42373
  |- fk_loss: 1.07439
  |- smoothness_loss: 0.22542
Val Loss Components:
  |- loss_rot: 0.03671
  |- loss_pos: 0.74142
  |- fk_loss: 1.55266
  |- smoothness_loss: 0.11552
LR: 1.000e-04
Hole frames in this epoch: [4, 16]

Epoch 82 | Train Loss: 0.24098 | Val Loss: 0.47050
Train Loss Components:
  |- loss_rot: 0.02472
  |- loss_pos: 0.29330
  |- fk_loss: 0.78086
  |- smoothness_loss: 0.18537
Val Loss Components:
  |- loss_rot: 0.03666
  |- loss_pos: 0.76763
  |- fk_loss: 1.54572
  |- smoothness_loss: 0.11262
LR: 1.000e-04
Hole frames in this epoch: [4, 16]

Epoch 83 | Train Loss: 0.23284 | Val Loss: 0.46263
Train Loss Components:
  |- loss_rot: 0.04437
  |- loss_pos: 0.62136
  |- fk_loss: 1.67111
  |- smoothness_loss: 0.35891
Val Loss Components:
  |- loss_rot: 0.03655
  |- loss_pos: 0.72782
  |- fk_loss: 1.52822
  |- smoothness_loss: 0.11988
LR: 1.000e-04
Hole frames in this epoch: [4, 16]

Epoch 84 | Train Loss: 0.23004 | Val Loss: 0.46601
Train Loss Components:
  |- loss_rot: 0.01294
  |- loss_pos: 0.14059
  |- fk_loss: 0.34535
  |- smoothness_loss: 0.13660
Val Loss Components:
  |- loss_rot: 0.03645
  |- loss_pos: 0.70256
  |- fk_loss: 1.51358
  |- smoothness_loss: 0.11659
LR: 1.000e-04
Hole frames in this epoch: [4, 16]

Epoch 85 | Train Loss: 0.22376 | Val Loss: 0.46095
Train Loss Components:
  |- loss_rot: 0.03791
  |- loss_pos: 0.50993
  |- fk_loss: 1.42938
  |- smoothness_loss: 0.34396
Val Loss Components:
  |- loss_rot: 0.03659
  |- loss_pos: 0.72918
  |- fk_loss: 1.52055
  |- smoothness_loss: 0.12164
LR: 1.000e-04
Hole frames in this epoch: [4, 16]

Epoch 86 | Train Loss: 0.22688 | Val Loss: 0.46360
Train Loss Components:
  |- loss_rot: 0.02305
  |- loss_pos: 0.25630
  |- fk_loss: 0.73174
  |- smoothness_loss: 0.19158
Val Loss Components:
  |- loss_rot: 0.03665
  |- loss_pos: 0.74629
  |- fk_loss: 1.53278
  |- smoothness_loss: 0.12484
LR: 1.000e-04
Hole frames in this epoch: [4, 16]

Epoch 87 | Train Loss: 0.22928 | Val Loss: 0.46576
Train Loss Components:
  |- loss_rot: 0.03636
  |- loss_pos: 0.48029
  |- fk_loss: 1.30016
  |- smoothness_loss: 0.30170
Val Loss Components:
  |- loss_rot: 0.03626
  |- loss_pos: 0.75716
  |- fk_loss: 1.51110
  |- smoothness_loss: 0.12036
LR: 1.000e-04
Hole frames in this epoch: [4, 16]

Epoch 88 | Train Loss: 0.23321 | Val Loss: 0.46528
Train Loss Components:
  |- loss_rot: 0.03046
  |- loss_pos: 0.33150
  |- fk_loss: 1.07590
  |- smoothness_loss: 0.31176
Val Loss Components:
  |- loss_rot: 0.03605
  |- loss_pos: 0.76491
  |- fk_loss: 1.51218
  |- smoothness_loss: 0.12567
LR: 1.000e-04
Hole frames in this epoch: [4, 16]

Epoch 89 | Train Loss: 0.22535 | Val Loss: 0.46193
Train Loss Components:
  |- loss_rot: 0.03146
  |- loss_pos: 0.48230
  |- fk_loss: 1.17048
  |- smoothness_loss: 0.23651
Val Loss Components:
  |- loss_rot: 0.03623
  |- loss_pos: 0.71024
  |- fk_loss: 1.49825
  |- smoothness_loss: 0.12496
LR: 1.000e-04
Hole frames in this epoch: [4, 16]

Epoch 90 | Train Loss: 0.22388 | Val Loss: 0.45962
Train Loss Components:
  |- loss_rot: 0.03232
  |- loss_pos: 0.43613
  |- fk_loss: 1.11688
  |- smoothness_loss: 0.25897
Val Loss Components:
  |- loss_rot: 0.03601
  |- loss_pos: 0.72119
  |- fk_loss: 1.50195
  |- smoothness_loss: 0.11512
LR: 1.000e-04
Hole frames in this epoch: [4, 16]

Epoch 91 | Train Loss: 0.21557 | Val Loss: 0.45856
Train Loss Components:
  |- loss_rot: 0.01210
  |- loss_pos: 0.12170
  |- fk_loss: 0.33915
  |- smoothness_loss: 0.12749
Val Loss Components:
  |- loss_rot: 0.03585
  |- loss_pos: 0.76722
  |- fk_loss: 1.51456
  |- smoothness_loss: 0.12081
LR: 1.000e-04
Hole frames in this epoch: [4, 16]

Epoch 92 | Train Loss: 0.22269 | Val Loss: 0.45306
Train Loss Components:
  |- loss_rot: 0.01896
  |- loss_pos: 0.22092
  |- fk_loss: 0.56772
  |- smoothness_loss: 0.17081
Val Loss Components:
  |- loss_rot: 0.03597
  |- loss_pos: 0.73174
  |- fk_loss: 1.49292
  |- smoothness_loss: 0.12135
LR: 1.000e-04
Hole frames in this epoch: [4, 16]

Epoch 93 | Train Loss: 0.21675 | Val Loss: 0.44957
Train Loss Components:
  |- loss_rot: 0.03290
  |- loss_pos: 0.42169
  |- fk_loss: 1.07971
  |- smoothness_loss: 0.33380
Val Loss Components:
  |- loss_rot: 0.03579
  |- loss_pos: 0.71669
  |- fk_loss: 1.47438
  |- smoothness_loss: 0.12738
LR: 1.000e-04
Hole frames in this epoch: [4, 16]

Epoch 94 | Train Loss: 0.20975 | Val Loss: 0.45312
Train Loss Components:
  |- loss_rot: 0.03570
  |- loss_pos: 0.53633
  |- fk_loss: 1.32230
  |- smoothness_loss: 0.29657
Val Loss Components:
  |- loss_rot: 0.03558
  |- loss_pos: 0.71143
  |- fk_loss: 1.45157
  |- smoothness_loss: 0.12326
LR: 1.000e-04
Hole frames in this epoch: [4, 16]

Epoch 95 | Train Loss: 0.22219 | Val Loss: 0.45043
Train Loss Components:
  |- loss_rot: 0.01856
  |- loss_pos: 0.19222
  |- fk_loss: 0.52274
  |- smoothness_loss: 0.16547
Val Loss Components:
  |- loss_rot: 0.03567
  |- loss_pos: 0.70543
  |- fk_loss: 1.43288
  |- smoothness_loss: 0.12761
LR: 1.000e-04
Hole frames in this epoch: [4, 16]

Epoch 96 | Train Loss: 0.21446 | Val Loss: 0.44686
Train Loss Components:
  |- loss_rot: 0.02909
  |- loss_pos: 0.33841
  |- fk_loss: 0.91656
  |- smoothness_loss: 0.22371
Val Loss Components:
  |- loss_rot: 0.03543
  |- loss_pos: 0.67553
  |- fk_loss: 1.44620
  |- smoothness_loss: 0.11907
LR: 1.000e-04
Hole frames in this epoch: [4, 16]

Epoch 97 | Train Loss: 0.21190 | Val Loss: 0.45177
Train Loss Components:
  |- loss_rot: 0.01456
  |- loss_pos: 0.13939
  |- fk_loss: 0.40109
  |- smoothness_loss: 0.11762
Val Loss Components:
  |- loss_rot: 0.03554
  |- loss_pos: 0.74057
  |- fk_loss: 1.46815
  |- smoothness_loss: 0.11313
LR: 1.000e-04
Hole frames in this epoch: [4, 16]

Epoch 98 | Train Loss: 0.21274 | Val Loss: 0.44637
Train Loss Components:
  |- loss_rot: 0.02160
  |- loss_pos: 0.21542
  |- fk_loss: 0.61785
  |- smoothness_loss: 0.14741
Val Loss Components:
  |- loss_rot: 0.03554
  |- loss_pos: 0.75313
  |- fk_loss: 1.45450
  |- smoothness_loss: 0.12357
LR: 1.000e-04
Hole frames in this epoch: [4, 16]

Epoch 99 | Train Loss: 0.21051 | Val Loss: 0.45227
Train Loss Components:
  |- loss_rot: 0.03439
  |- loss_pos: 0.38983
  |- fk_loss: 1.12048
  |- smoothness_loss: 0.32827
Val Loss Components:
  |- loss_rot: 0.03552
  |- loss_pos: 0.73660
  |- fk_loss: 1.44229
  |- smoothness_loss: 0.12872
LR: 1.000e-04
Hole frames in this epoch: [4, 16]

Epoch 100 | Train Loss: 0.21344 | Val Loss: 0.44243
Train Loss Components:
  |- loss_rot: 0.03712
  |- loss_pos: 0.46885
  |- fk_loss: 1.23254
  |- smoothness_loss: 0.34917
Val Loss Components:
  |- loss_rot: 0.03525
  |- loss_pos: 0.70774
  |- fk_loss: 1.42436
  |- smoothness_loss: 0.12593
LR: 1.000e-04
Hole frames in this epoch: [4, 16]

Epoch 101 | Train Loss: 0.21811 | Val Loss: 0.44032
Train Loss Components:
  |- loss_rot: 0.02190
  |- loss_pos: 0.23220
  |- fk_loss: 0.62622
  |- smoothness_loss: 0.18497
Val Loss Components:
  |- loss_rot: 0.03548
  |- loss_pos: 0.70791
  |- fk_loss: 1.43722
  |- smoothness_loss: 0.12445
LR: 1.000e-04
Hole frames in this epoch: [4, 16]

Epoch 102 | Train Loss: 0.20188 | Val Loss: 0.44292
Train Loss Components:
  |- loss_rot: 0.03903
  |- loss_pos: 0.48737
  |- fk_loss: 1.32212
  |- smoothness_loss: 0.37453
Val Loss Components:
  |- loss_rot: 0.03571
  |- loss_pos: 0.73375
  |- fk_loss: 1.45070
  |- smoothness_loss: 0.12560
LR: 1.000e-04
Hole frames in this epoch: [4, 16]

Epoch 103 | Train Loss: 0.21026 | Val Loss: 0.43852
Train Loss Components:
  |- loss_rot: 0.01156
  |- loss_pos: 0.11448
  |- fk_loss: 0.29698
  |- smoothness_loss: 0.11048
Val Loss Components:
  |- loss_rot: 0.03513
  |- loss_pos: 0.72225
  |- fk_loss: 1.42389
  |- smoothness_loss: 0.12393
LR: 1.000e-04
Hole frames in this epoch: [4, 16]

Epoch 104 | Train Loss: 0.20338 | Val Loss: 0.43825
Train Loss Components:
  |- loss_rot: 0.03764
  |- loss_pos: 0.42662
  |- fk_loss: 1.21188
  |- smoothness_loss: 0.38243
Val Loss Components:
  |- loss_rot: 0.03538
  |- loss_pos: 0.68961
  |- fk_loss: 1.41343
  |- smoothness_loss: 0.12467
LR: 1.000e-04
Hole frames in this epoch: [4, 16]

Epoch 105 | Train Loss: 0.21187 | Val Loss: 0.43858
Train Loss Components:
  |- loss_rot: 0.02995
  |- loss_pos: 0.33605
  |- fk_loss: 0.96978
  |- smoothness_loss: 0.24668
Val Loss Components:
  |- loss_rot: 0.03532
  |- loss_pos: 0.70294
  |- fk_loss: 1.42212
  |- smoothness_loss: 0.12118
LR: 1.000e-04
Hole frames in this epoch: [4, 16]

Epoch 106 | Train Loss: 0.20845 | Val Loss: 0.43395
Train Loss Components:
  |- loss_rot: 0.03464
  |- loss_pos: 0.38656
  |- fk_loss: 1.12763
  |- smoothness_loss: 0.29927
Val Loss Components:
  |- loss_rot: 0.03508
  |- loss_pos: 0.70269
  |- fk_loss: 1.41538
  |- smoothness_loss: 0.12197
LR: 1.000e-04
Hole frames in this epoch: [4, 16]

Epoch 107 | Train Loss: 0.20572 | Val Loss: 0.43818
Train Loss Components:
  |- loss_rot: 0.04024
  |- loss_pos: 0.55875
  |- fk_loss: 1.45392
  |- smoothness_loss: 0.35077
Val Loss Components:
  |- loss_rot: 0.03528
  |- loss_pos: 0.71900
  |- fk_loss: 1.42484
  |- smoothness_loss: 0.12656
LR: 1.000e-04
Hole frames in this epoch: [4, 16]

Epoch 108 | Train Loss: 0.21282 | Val Loss: 0.43307
Train Loss Components:
  |- loss_rot: 0.03569
  |- loss_pos: 0.48323
  |- fk_loss: 1.18859
  |- smoothness_loss: 0.33278
Val Loss Components:
  |- loss_rot: 0.03521
  |- loss_pos: 0.70493
  |- fk_loss: 1.40126
  |- smoothness_loss: 0.13116
LR: 1.000e-04
Hole frames in this epoch: [4, 16]

Epoch 109 | Train Loss: 0.20491 | Val Loss: 0.43030
Train Loss Components:
  |- loss_rot: 0.01916
  |- loss_pos: 0.18498
  |- fk_loss: 0.55520
  |- smoothness_loss: 0.16183
Val Loss Components:
  |- loss_rot: 0.03522
  |- loss_pos: 0.69717
  |- fk_loss: 1.40340
  |- smoothness_loss: 0.13058
LR: 1.000e-04
Hole frames in this epoch: [4, 16]

Epoch 110 | Train Loss: 0.20337 | Val Loss: 0.43794
Train Loss Components:
  |- loss_rot: 0.02768
  |- loss_pos: 0.29846
  |- fk_loss: 0.80231
  |- smoothness_loss: 0.25036
Val Loss Components:
  |- loss_rot: 0.03541
  |- loss_pos: 0.73248
  |- fk_loss: 1.45026
  |- smoothness_loss: 0.12800
LR: 1.000e-04
Hole frames in this epoch: [4, 16]

Epoch 111 | Train Loss: 0.19740 | Val Loss: 0.43407
Train Loss Components:
  |- loss_rot: 0.02305
  |- loss_pos: 0.22026
  |- fk_loss: 0.64490
  |- smoothness_loss: 0.18119
Val Loss Components:
  |- loss_rot: 0.03513
  |- loss_pos: 0.71837
  |- fk_loss: 1.40837
  |- smoothness_loss: 0.12762
LR: 1.000e-04
Hole frames in this epoch: [4, 16]

Epoch 112 | Train Loss: 0.19727 | Val Loss: 0.43615
Train Loss Components:
  |- loss_rot: 0.02377
  |- loss_pos: 0.22673
  |- fk_loss: 0.68914
  |- smoothness_loss: 0.19399
Val Loss Components:
  |- loss_rot: 0.03533
  |- loss_pos: 0.71065
  |- fk_loss: 1.42267
  |- smoothness_loss: 0.13309
LR: 1.000e-04
Hole frames in this epoch: [4, 16]

Epoch 113 | Train Loss: 0.20495 | Val Loss: 0.43150
Train Loss Components:
  |- loss_rot: 0.03361
  |- loss_pos: 0.36223
  |- fk_loss: 1.06662
  |- smoothness_loss: 0.30703
Val Loss Components:
  |- loss_rot: 0.03510
  |- loss_pos: 0.70879
  |- fk_loss: 1.40255
  |- smoothness_loss: 0.13166
LR: 1.000e-04
Hole frames in this epoch: [4, 16]

Epoch 114 | Train Loss: 0.19438 | Val Loss: 0.43485
Train Loss Components:
  |- loss_rot: 0.03085
  |- loss_pos: 0.37412
  |- fk_loss: 1.04585
  |- smoothness_loss: 0.29368
Val Loss Components:
  |- loss_rot: 0.03498
  |- loss_pos: 0.70372
  |- fk_loss: 1.43019
  |- smoothness_loss: 0.12591
LR: 1.000e-04
Hole frames in this epoch: [4, 16]

Epoch 115 | Train Loss: 0.20214 | Val Loss: 0.44510
Train Loss Components:
  |- loss_rot: 0.02086
  |- loss_pos: 0.25296
  |- fk_loss: 0.61253
  |- smoothness_loss: 0.19422
Val Loss Components:
  |- loss_rot: 0.03528
  |- loss_pos: 0.72723
  |- fk_loss: 1.41546
  |- smoothness_loss: 0.13040
LR: 1.000e-04
Hole frames in this epoch: [4, 16]

Epoch 116 | Train Loss: 0.18473 | Val Loss: 0.41141
Train Loss Components:
  |- loss_rot: 0.03212
  |- loss_pos: 0.32497
  |- fk_loss: 0.95328
  |- smoothness_loss: 0.29279
Val Loss Components:
  |- loss_rot: 0.03475
  |- loss_pos: 0.65690
  |- fk_loss: 1.32934
  |- smoothness_loss: 0.13140
LR: 5.000e-05
Hole frames in this epoch: [4, 16]

Epoch 117 | Train Loss: 0.18050 | Val Loss: 0.41009
Train Loss Components:
  |- loss_rot: 0.03468
  |- loss_pos: 0.31816
  |- fk_loss: 1.02638
  |- smoothness_loss: 0.35180
Val Loss Components:
  |- loss_rot: 0.03490
  |- loss_pos: 0.63679
  |- fk_loss: 1.32077
  |- smoothness_loss: 0.13060
LR: 5.000e-05
Hole frames in this epoch: [4, 16]

Epoch 118 | Train Loss: 0.17745 | Val Loss: 0.40903
Train Loss Components:
  |- loss_rot: 0.02831
  |- loss_pos: 0.24425
  |- fk_loss: 0.75941
  |- smoothness_loss: 0.27006
Val Loss Components:
  |- loss_rot: 0.03496
  |- loss_pos: 0.64704
  |- fk_loss: 1.31559
  |- smoothness_loss: 0.13150
LR: 5.000e-05
Hole frames in this epoch: [4, 16]

Epoch 119 | Train Loss: 0.18133 | Val Loss: 0.40815
Train Loss Components:
  |- loss_rot: 0.03538
  |- loss_pos: 0.37114
  |- fk_loss: 1.10151
  |- smoothness_loss: 0.32168
Val Loss Components:
  |- loss_rot: 0.03465
  |- loss_pos: 0.63418
  |- fk_loss: 1.30924
  |- smoothness_loss: 0.13461
LR: 5.000e-05
Hole frames in this epoch: [4, 16]

Epoch 120 | Train Loss: 0.17363 | Val Loss: 0.40678
Train Loss Components:
  |- loss_rot: 0.02593
  |- loss_pos: 0.21112
  |- fk_loss: 0.71516
  |- smoothness_loss: 0.21595
Val Loss Components:
  |- loss_rot: 0.03480
  |- loss_pos: 0.63948
  |- fk_loss: 1.31502
  |- smoothness_loss: 0.13235
LR: 5.000e-05
Hole frames in this epoch: [4, 16]

Epoch 121 | Train Loss: 0.17487 | Val Loss: 0.41122
Train Loss Components:
  |- loss_rot: 0.02447
  |- loss_pos: 0.21735
  |- fk_loss: 0.67390
  |- smoothness_loss: 0.19816
Val Loss Components:
  |- loss_rot: 0.03468
  |- loss_pos: 0.63340
  |- fk_loss: 1.31437
  |- smoothness_loss: 0.12887
LR: 5.000e-05
Hole frames in this epoch: [4, 16]

Epoch 122 | Train Loss: 0.17673 | Val Loss: 0.40670
Train Loss Components:
  |- loss_rot: 0.02908
  |- loss_pos: 0.24361
  |- fk_loss: 0.78439
  |- smoothness_loss: 0.27284
Val Loss Components:
  |- loss_rot: 0.03471
  |- loss_pos: 0.64203
  |- fk_loss: 1.31124
  |- smoothness_loss: 0.13186
LR: 5.000e-05
Hole frames in this epoch: [4, 16]

Epoch 123 | Train Loss: 0.17750 | Val Loss: 0.40752
Train Loss Components:
  |- loss_rot: 0.02123
  |- loss_pos: 0.17816
  |- fk_loss: 0.56831
  |- smoothness_loss: 0.23538
Val Loss Components:
  |- loss_rot: 0.03481
  |- loss_pos: 0.62847
  |- fk_loss: 1.30496
  |- smoothness_loss: 0.13888
LR: 5.000e-05
Hole frames in this epoch: [4, 16]

Epoch 124 | Train Loss: 0.16322 | Val Loss: 0.40587
Train Loss Components:
  |- loss_rot: 0.01546
  |- loss_pos: 0.14241
  |- fk_loss: 0.39569
  |- smoothness_loss: 0.12231
Val Loss Components:
  |- loss_rot: 0.03488
  |- loss_pos: 0.64662
  |- fk_loss: 1.31402
  |- smoothness_loss: 0.14078
LR: 5.000e-05
Hole frames in this epoch: [4, 16]

Epoch 125 | Train Loss: 0.17230 | Val Loss: 0.40474
Train Loss Components:
  |- loss_rot: 0.03053
  |- loss_pos: 0.25468
  |- fk_loss: 0.82212
  |- smoothness_loss: 0.27912
Val Loss Components:
  |- loss_rot: 0.03474
  |- loss_pos: 0.63396
  |- fk_loss: 1.29891
  |- smoothness_loss: 0.13194
LR: 5.000e-05
Hole frames in this epoch: [4, 16]

Epoch 126 | Train Loss: 0.17329 | Val Loss: 0.40469
Train Loss Components:
  |- loss_rot: 0.02579
  |- loss_pos: 0.20680
  |- fk_loss: 0.69473
  |- smoothness_loss: 0.23580
Val Loss Components:
  |- loss_rot: 0.03466
  |- loss_pos: 0.63881
  |- fk_loss: 1.30084
  |- smoothness_loss: 0.13392
LR: 5.000e-05
Hole frames in this epoch: [4, 16]

Epoch 127 | Train Loss: 0.17215 | Val Loss: 0.40540
Train Loss Components:
  |- loss_rot: 0.03093
  |- loss_pos: 0.27530
  |- fk_loss: 0.87210
  |- smoothness_loss: 0.30000
Val Loss Components:
  |- loss_rot: 0.03466
  |- loss_pos: 0.62951
  |- fk_loss: 1.31138
  |- smoothness_loss: 0.13710
LR: 5.000e-05
Hole frames in this epoch: [4, 16]

Epoch 128 | Train Loss: 0.17416 | Val Loss: 0.40308
Train Loss Components:
  |- loss_rot: 0.03599
  |- loss_pos: 0.33347
  |- fk_loss: 1.10752
  |- smoothness_loss: 0.32642
Val Loss Components:
  |- loss_rot: 0.03468
  |- loss_pos: 0.64503
  |- fk_loss: 1.30364
  |- smoothness_loss: 0.14174
LR: 5.000e-05
Hole frames in this epoch: [4, 16]

Epoch 129 | Train Loss: 0.17226 | Val Loss: 0.40369
Train Loss Components:
  |- loss_rot: 0.02852
  |- loss_pos: 0.24543
  |- fk_loss: 0.80525
  |- smoothness_loss: 0.25116
Val Loss Components:
  |- loss_rot: 0.03461
  |- loss_pos: 0.65100
  |- fk_loss: 1.30598
  |- smoothness_loss: 0.13408
LR: 5.000e-05
Hole frames in this epoch: [4, 16]

Epoch 130 | Train Loss: 0.16736 | Val Loss: 0.40204
Train Loss Components:
  |- loss_rot: 0.02776
  |- loss_pos: 0.23721
  |- fk_loss: 0.73999
  |- smoothness_loss: 0.23481
Val Loss Components:
  |- loss_rot: 0.03452
  |- loss_pos: 0.63656
  |- fk_loss: 1.29028
  |- smoothness_loss: 0.13856
LR: 5.000e-05
Hole frames in this epoch: [4, 16]

Epoch 131 | Train Loss: 0.16552 | Val Loss: 0.40650
Train Loss Components:
  |- loss_rot: 0.01671
  |- loss_pos: 0.14070
  |- fk_loss: 0.42775
  |- smoothness_loss: 0.17252
Val Loss Components:
  |- loss_rot: 0.03447
  |- loss_pos: 0.67389
  |- fk_loss: 1.31248
  |- smoothness_loss: 0.13712
LR: 5.000e-05
Hole frames in this epoch: [4, 16]

Epoch 132 | Train Loss: 0.16736 | Val Loss: 0.40043
Train Loss Components:
  |- loss_rot: 0.03341
  |- loss_pos: 0.33529
  |- fk_loss: 0.97582
  |- smoothness_loss: 0.32203
Val Loss Components:
  |- loss_rot: 0.03462
  |- loss_pos: 0.65693
  |- fk_loss: 1.29862
  |- smoothness_loss: 0.14067
LR: 5.000e-05
Hole frames in this epoch: [4, 16]

Epoch 133 | Train Loss: 0.16707 | Val Loss: 0.40120
Train Loss Components:
  |- loss_rot: 0.03047
  |- loss_pos: 0.26174
  |- fk_loss: 0.84345
  |- smoothness_loss: 0.27214
Val Loss Components:
  |- loss_rot: 0.03455
  |- loss_pos: 0.63459
  |- fk_loss: 1.29538
  |- smoothness_loss: 0.13835
LR: 5.000e-05
Hole frames in this epoch: [4, 16]

Epoch 134 | Train Loss: 0.16373 | Val Loss: 0.40235
Train Loss Components:
  |- loss_rot: 0.01638
  |- loss_pos: 0.13347
  |- fk_loss: 0.41221
  |- smoothness_loss: 0.13652
Val Loss Components:
  |- loss_rot: 0.03476
  |- loss_pos: 0.66924
  |- fk_loss: 1.30993
  |- smoothness_loss: 0.13353
LR: 5.000e-05
Hole frames in this epoch: [4, 16]

Epoch 135 | Train Loss: 0.16548 | Val Loss: 0.40065
Train Loss Components:
  |- loss_rot: 0.02685
  |- loss_pos: 0.21660
  |- fk_loss: 0.70467
  |- smoothness_loss: 0.26150
Val Loss Components:
  |- loss_rot: 0.03474
  |- loss_pos: 0.64647
  |- fk_loss: 1.28500
  |- smoothness_loss: 0.13807
LR: 5.000e-05
Hole frames in this epoch: [4, 16]

Epoch 136 | Train Loss: 0.16909 | Val Loss: 0.39950
Train Loss Components:
  |- loss_rot: 0.03458
  |- loss_pos: 0.35973
  |- fk_loss: 1.02392
  |- smoothness_loss: 0.31667
Val Loss Components:
  |- loss_rot: 0.03455
  |- loss_pos: 0.64731
  |- fk_loss: 1.28945
  |- smoothness_loss: 0.13855
LR: 5.000e-05
Hole frames in this epoch: [4, 16]

Epoch 137 | Train Loss: 0.16768 | Val Loss: 0.39870
Train Loss Components:
  |- loss_rot: 0.01055
  |- loss_pos: 0.11011
  |- fk_loss: 0.27282
  |- smoothness_loss: 0.09763
Val Loss Components:
  |- loss_rot: 0.03448
  |- loss_pos: 0.63774
  |- fk_loss: 1.29474
  |- smoothness_loss: 0.13222
LR: 5.000e-05
Hole frames in this epoch: [4, 16]

Epoch 138 | Train Loss: 0.16794 | Val Loss: 0.39971
Train Loss Components:
  |- loss_rot: 0.02512
  |- loss_pos: 0.20690
  |- fk_loss: 0.65181
  |- smoothness_loss: 0.19695
Val Loss Components:
  |- loss_rot: 0.03452
  |- loss_pos: 0.64326
  |- fk_loss: 1.29500
  |- smoothness_loss: 0.13367
LR: 5.000e-05
Hole frames in this epoch: [4, 16]

Epoch 139 | Train Loss: 0.16660 | Val Loss: 0.39990
Train Loss Components:
  |- loss_rot: 0.01322
  |- loss_pos: 0.11604
  |- fk_loss: 0.32585
  |- smoothness_loss: 0.11266
Val Loss Components:
  |- loss_rot: 0.03460
  |- loss_pos: 0.62203
  |- fk_loss: 1.27237
  |- smoothness_loss: 0.14266
LR: 5.000e-05
Hole frames in this epoch: [4, 16]

Epoch 140 | Train Loss: 0.16413 | Val Loss: 0.39805
Train Loss Components:
  |- loss_rot: 0.01039
  |- loss_pos: 0.09932
  |- fk_loss: 0.25571
  |- smoothness_loss: 0.07939
Val Loss Components:
  |- loss_rot: 0.03451
  |- loss_pos: 0.63582
  |- fk_loss: 1.29018
  |- smoothness_loss: 0.14288
LR: 5.000e-05
Hole frames in this epoch: [4, 16]

Epoch 141 | Train Loss: 0.16491 | Val Loss: 0.39653
Train Loss Components:
  |- loss_rot: 0.03113
  |- loss_pos: 0.22416
  |- fk_loss: 0.79720
  |- smoothness_loss: 0.29690
Val Loss Components:
  |- loss_rot: 0.03450
  |- loss_pos: 0.65914
  |- fk_loss: 1.29161
  |- smoothness_loss: 0.13876
LR: 5.000e-05
Hole frames in this epoch: [4, 16]

Epoch 142 | Train Loss: 0.16281 | Val Loss: 0.39737
Train Loss Components:
  |- loss_rot: 0.01843
  |- loss_pos: 0.15147
  |- fk_loss: 0.45171
  |- smoothness_loss: 0.14784
Val Loss Components:
  |- loss_rot: 0.03450
  |- loss_pos: 0.62662
  |- fk_loss: 1.27871
  |- smoothness_loss: 0.13406
LR: 5.000e-05
Hole frames in this epoch: [4, 16]

Epoch 143 | Train Loss: 0.16454 | Val Loss: 0.39674
Train Loss Components:
  |- loss_rot: 0.02365
  |- loss_pos: 0.17305
  |- fk_loss: 0.57053
  |- smoothness_loss: 0.21536
Val Loss Components:
  |- loss_rot: 0.03441
  |- loss_pos: 0.63504
  |- fk_loss: 1.27685
  |- smoothness_loss: 0.13915
LR: 5.000e-05
Hole frames in this epoch: [4, 16]

Epoch 144 | Train Loss: 0.16648 | Val Loss: 0.39947
Train Loss Components:
  |- loss_rot: 0.02835
  |- loss_pos: 0.20800
  |- fk_loss: 0.71387
  |- smoothness_loss: 0.26923
Val Loss Components:
  |- loss_rot: 0.03439
  |- loss_pos: 0.64689
  |- fk_loss: 1.27461
  |- smoothness_loss: 0.13792
LR: 5.000e-05
Hole frames in this epoch: [4, 16]

Epoch 145 | Train Loss: 0.16169 | Val Loss: 0.39948
Train Loss Components:
  |- loss_rot: 0.02809
  |- loss_pos: 0.21944
  |- fk_loss: 0.73947
  |- smoothness_loss: 0.24536
Val Loss Components:
  |- loss_rot: 0.03459
  |- loss_pos: 0.62976
  |- fk_loss: 1.27935
  |- smoothness_loss: 0.14141
LR: 5.000e-05
Hole frames in this epoch: [4, 16]

Epoch 146 | Train Loss: 0.16524 | Val Loss: 0.39570
Train Loss Components:
  |- loss_rot: 0.03946
  |- loss_pos: 0.34987
  |- fk_loss: 1.25878
  |- smoothness_loss: 0.42817
Val Loss Components:
  |- loss_rot: 0.03448
  |- loss_pos: 0.63942
  |- fk_loss: 1.27834
  |- smoothness_loss: 0.14299
LR: 5.000e-05
Hole frames in this epoch: [4, 16]

Epoch 147 | Train Loss: 0.15500 | Val Loss: 0.39800
Train Loss Components:
  |- loss_rot: 0.01680
  |- loss_pos: 0.12748
  |- fk_loss: 0.40990
  |- smoothness_loss: 0.12974
Val Loss Components:
  |- loss_rot: 0.03458
  |- loss_pos: 0.65463
  |- fk_loss: 1.29463
  |- smoothness_loss: 0.13797
LR: 5.000e-05
Hole frames in this epoch: [4, 16]

Epoch 148 | Train Loss: 0.15821 | Val Loss: 0.39528
Train Loss Components:
  |- loss_rot: 0.02782
  |- loss_pos: 0.20189
  |- fk_loss: 0.70303
  |- smoothness_loss: 0.28944
Val Loss Components:
  |- loss_rot: 0.03447
  |- loss_pos: 0.65256
  |- fk_loss: 1.27740
  |- smoothness_loss: 0.14327
LR: 5.000e-05
Hole frames in this epoch: [4, 16]

Epoch 149 | Train Loss: 0.16230 | Val Loss: 0.39483
Train Loss Components:
  |- loss_rot: 0.03550
  |- loss_pos: 0.31009
  |- fk_loss: 1.01792
  |- smoothness_loss: 0.32364
Val Loss Components:
  |- loss_rot: 0.03450
  |- loss_pos: 0.63840
  |- fk_loss: 1.26522
  |- smoothness_loss: 0.14628
LR: 5.000e-05
Hole frames in this epoch: [4, 16]

Epoch 150 | Train Loss: 0.16021 | Val Loss: 0.39487
Train Loss Components:
  |- loss_rot: 0.02386
  |- loss_pos: 0.17229
  |- fk_loss: 0.58793
  |- smoothness_loss: 0.22476
Val Loss Components:
  |- loss_rot: 0.03421
  |- loss_pos: 0.62678
  |- fk_loss: 1.26438
  |- smoothness_loss: 0.13413
LR: 5.000e-05
Hole frames in this epoch: [4, 16]

Epoch 151 | Train Loss: 0.15810 | Val Loss: 0.39615
Train Loss Components:
  |- loss_rot: 0.01969
  |- loss_pos: 0.15175
  |- fk_loss: 0.49670
  |- smoothness_loss: 0.21345
Val Loss Components:
  |- loss_rot: 0.03416
  |- loss_pos: 0.63000
  |- fk_loss: 1.25173
  |- smoothness_loss: 0.13916
LR: 5.000e-05
Hole frames in this epoch: [4, 16]

Epoch 152 | Train Loss: 0.16116 | Val Loss: 0.39434
Train Loss Components:
  |- loss_rot: 0.03528
  |- loss_pos: 0.36597
  |- fk_loss: 1.03514
  |- smoothness_loss: 0.36244
Val Loss Components:
  |- loss_rot: 0.03433
  |- loss_pos: 0.60745
  |- fk_loss: 1.24165
  |- smoothness_loss: 0.14369
LR: 5.000e-05
Hole frames in this epoch: [4, 16]

Epoch 153 | Train Loss: 0.16018 | Val Loss: 0.39265
Train Loss Components:
  |- loss_rot: 0.01183
  |- loss_pos: 0.10354
  |- fk_loss: 0.29546
  |- smoothness_loss: 0.10756
Val Loss Components:
  |- loss_rot: 0.03425
  |- loss_pos: 0.61979
  |- fk_loss: 1.25320
  |- smoothness_loss: 0.14169
LR: 5.000e-05
Hole frames in this epoch: [4, 16]

Epoch 154 | Train Loss: 0.15206 | Val Loss: 0.39327
Train Loss Components:
  |- loss_rot: 0.03367
  |- loss_pos: 0.26132
  |- fk_loss: 0.89067
  |- smoothness_loss: 0.36084
Val Loss Components:
  |- loss_rot: 0.03440
  |- loss_pos: 0.61975
  |- fk_loss: 1.25639
  |- smoothness_loss: 0.14642
LR: 5.000e-05
Hole frames in this epoch: [4, 16]

Epoch 155 | Train Loss: 0.15405 | Val Loss: 0.39435
Train Loss Components:
  |- loss_rot: 0.01073
  |- loss_pos: 0.09276
  |- fk_loss: 0.26074
  |- smoothness_loss: 0.07631
Val Loss Components:
  |- loss_rot: 0.03437
  |- loss_pos: 0.64465
  |- fk_loss: 1.27441
  |- smoothness_loss: 0.14327
LR: 5.000e-05
Hole frames in this epoch: [4, 16]

Epoch 156 | Train Loss: 0.16136 | Val Loss: 0.39469
Train Loss Components:
  |- loss_rot: 0.03750
  |- loss_pos: 0.41586
  |- fk_loss: 1.12093
  |- smoothness_loss: 0.40012
Val Loss Components:
  |- loss_rot: 0.03436
  |- loss_pos: 0.63711
  |- fk_loss: 1.25974
  |- smoothness_loss: 0.14701
LR: 5.000e-05
Hole frames in this epoch: [4, 16]

Epoch 157 | Train Loss: 0.15465 | Val Loss: 0.39075
Train Loss Components:
  |- loss_rot: 0.02432
  |- loss_pos: 0.19054
  |- fk_loss: 0.61541
  |- smoothness_loss: 0.20833
Val Loss Components:
  |- loss_rot: 0.03434
  |- loss_pos: 0.62496
  |- fk_loss: 1.25292
  |- smoothness_loss: 0.14760
LR: 5.000e-05
Hole frames in this epoch: [4, 16]

Epoch 158 | Train Loss: 0.16472 | Val Loss: 0.39238
Train Loss Components:
  |- loss_rot: 0.02766
  |- loss_pos: 0.19094
  |- fk_loss: 0.67443
  |- smoothness_loss: 0.24993
Val Loss Components:
  |- loss_rot: 0.03438
  |- loss_pos: 0.64032
  |- fk_loss: 1.26760
  |- smoothness_loss: 0.14484
LR: 5.000e-05
Hole frames in this epoch: [4, 16]

Epoch 159 | Train Loss: 0.15286 | Val Loss: 0.39307
Train Loss Components:
  |- loss_rot: 0.01223
  |- loss_pos: 0.11204
  |- fk_loss: 0.31644
  |- smoothness_loss: 0.12199
Val Loss Components:
  |- loss_rot: 0.03432
  |- loss_pos: 0.62154
  |- fk_loss: 1.26328
  |- smoothness_loss: 0.14561
LR: 5.000e-05
Hole frames in this epoch: [4, 16]

Epoch 160 | Train Loss: 0.16065 | Val Loss: 0.39057
Train Loss Components:
  |- loss_rot: 0.02388
  |- loss_pos: 0.17583
  |- fk_loss: 0.57897
  |- smoothness_loss: 0.26258
Val Loss Components:
  |- loss_rot: 0.03417
  |- loss_pos: 0.60723
  |- fk_loss: 1.26061
  |- smoothness_loss: 0.14526
LR: 5.000e-05
Hole frames in this epoch: [4, 16]

Epoch 161 | Train Loss: 0.15533 | Val Loss: 0.39020
Train Loss Components:
  |- loss_rot: 0.02920
  |- loss_pos: 0.20196
  |- fk_loss: 0.72983
  |- smoothness_loss: 0.25028
Val Loss Components:
  |- loss_rot: 0.03409
  |- loss_pos: 0.61900
  |- fk_loss: 1.25938
  |- smoothness_loss: 0.13942
LR: 5.000e-05
Hole frames in this epoch: [4, 16]

Epoch 162 | Train Loss: 0.15883 | Val Loss: 0.39068
Train Loss Components:
  |- loss_rot: 0.03189
  |- loss_pos: 0.23638
  |- fk_loss: 0.84034
  |- smoothness_loss: 0.27047
Val Loss Components:
  |- loss_rot: 0.03425
  |- loss_pos: 0.62236
  |- fk_loss: 1.26288
  |- smoothness_loss: 0.14437
LR: 5.000e-05
Hole frames in this epoch: [4, 16]

Epoch 163 | Train Loss: 0.16076 | Val Loss: 0.39196
Train Loss Components:
  |- loss_rot: 0.01348
  |- loss_pos: 0.11421
  |- fk_loss: 0.33262
  |- smoothness_loss: 0.13671
Val Loss Components:
  |- loss_rot: 0.03432
  |- loss_pos: 0.63779
  |- fk_loss: 1.26575
  |- smoothness_loss: 0.14835
LR: 5.000e-05
Hole frames in this epoch: [4, 16]

Epoch 164 | Train Loss: 0.15248 | Val Loss: 0.38986
Train Loss Components:
  |- loss_rot: 0.01553
  |- loss_pos: 0.11916
  |- fk_loss: 0.37947
  |- smoothness_loss: 0.13004
Val Loss Components:
  |- loss_rot: 0.03437
  |- loss_pos: 0.62253
  |- fk_loss: 1.25356
  |- smoothness_loss: 0.14313
LR: 5.000e-05
Hole frames in this epoch: [4, 16]

Epoch 165 | Train Loss: 0.15459 | Val Loss: 0.39477
Train Loss Components:
  |- loss_rot: 0.02261
  |- loss_pos: 0.15220
  |- fk_loss: 0.54229
  |- smoothness_loss: 0.18860
Val Loss Components:
  |- loss_rot: 0.03421
  |- loss_pos: 0.63916
  |- fk_loss: 1.24961
  |- smoothness_loss: 0.14857
LR: 5.000e-05
Hole frames in this epoch: [4, 16]

Epoch 166 | Train Loss: 0.14865 | Val Loss: 0.38797
Train Loss Components:
  |- loss_rot: 0.03967
  |- loss_pos: 0.36082
  |- fk_loss: 1.21669
  |- smoothness_loss: 0.39472
Val Loss Components:
  |- loss_rot: 0.03431
  |- loss_pos: 0.65050
  |- fk_loss: 1.25281
  |- smoothness_loss: 0.14689
LR: 5.000e-05
Hole frames in this epoch: [4, 16]

Epoch 167 | Train Loss: 0.14804 | Val Loss: 0.38888
Train Loss Components:
  |- loss_rot: 0.02525
  |- loss_pos: 0.17127
  |- fk_loss: 0.58562
  |- smoothness_loss: 0.23712
Val Loss Components:
  |- loss_rot: 0.03428
  |- loss_pos: 0.64726
  |- fk_loss: 1.26710
  |- smoothness_loss: 0.14408
LR: 5.000e-05
Hole frames in this epoch: [4, 16]

Epoch 168 | Train Loss: 0.15376 | Val Loss: 0.38911
Train Loss Components:
  |- loss_rot: 0.02790
  |- loss_pos: 0.22142
  |- fk_loss: 0.72071
  |- smoothness_loss: 0.28172
Val Loss Components:
  |- loss_rot: 0.03429
  |- loss_pos: 0.62713
  |- fk_loss: 1.25326
  |- smoothness_loss: 0.14352
LR: 5.000e-05
Hole frames in this epoch: [4, 16]

Epoch 169 | Train Loss: 0.15505 | Val Loss: 0.38774
Train Loss Components:
  |- loss_rot: 0.03938
  |- loss_pos: 0.34355
  |- fk_loss: 1.09738
  |- smoothness_loss: 0.39706
Val Loss Components:
  |- loss_rot: 0.03427
  |- loss_pos: 0.62334
  |- fk_loss: 1.25039
  |- smoothness_loss: 0.14664
LR: 5.000e-05
Hole frames in this epoch: [4, 16]

Epoch 170 | Train Loss: 0.15517 | Val Loss: 0.38844
Train Loss Components:
  |- loss_rot: 0.02080
  |- loss_pos: 0.15100
  |- fk_loss: 0.53117
  |- smoothness_loss: 0.22044
Val Loss Components:
  |- loss_rot: 0.03414
  |- loss_pos: 0.61192
  |- fk_loss: 1.23873
  |- smoothness_loss: 0.14602
LR: 5.000e-05
Hole frames in this epoch: [4, 16]

Epoch 171 | Train Loss: 0.15214 | Val Loss: 0.38852
Train Loss Components:
  |- loss_rot: 0.02465
  |- loss_pos: 0.17111
  |- fk_loss: 0.60913
  |- smoothness_loss: 0.22895
Val Loss Components:
  |- loss_rot: 0.03417
  |- loss_pos: 0.63277
  |- fk_loss: 1.24872
  |- smoothness_loss: 0.14587
LR: 5.000e-05
Hole frames in this epoch: [4, 16]

Epoch 172 | Train Loss: 0.14564 | Val Loss: 0.38865
Train Loss Components:
  |- loss_rot: 0.02616
  |- loss_pos: 0.18724
  |- fk_loss: 0.66025
  |- smoothness_loss: 0.27027
Val Loss Components:
  |- loss_rot: 0.03412
  |- loss_pos: 0.61616
  |- fk_loss: 1.23941
  |- smoothness_loss: 0.14118
LR: 5.000e-05
Hole frames in this epoch: [4, 16]

Epoch 173 | Train Loss: 0.15245 | Val Loss: 0.38659
Train Loss Components:
  |- loss_rot: 0.01642
  |- loss_pos: 0.12132
  |- fk_loss: 0.39909
  |- smoothness_loss: 0.15395
Val Loss Components:
  |- loss_rot: 0.03416
  |- loss_pos: 0.61080
  |- fk_loss: 1.23629
  |- smoothness_loss: 0.14611
LR: 5.000e-05
Hole frames in this epoch: [4, 16]

Epoch 174 | Train Loss: 0.15009 | Val Loss: 0.38732
Train Loss Components:
  |- loss_rot: 0.02562
  |- loss_pos: 0.17487
  |- fk_loss: 0.63199
  |- smoothness_loss: 0.20939
Val Loss Components:
  |- loss_rot: 0.03416
  |- loss_pos: 0.61103
  |- fk_loss: 1.24791
  |- smoothness_loss: 0.14607
LR: 5.000e-05
Hole frames in this epoch: [4, 16]

Epoch 175 | Train Loss: 0.15520 | Val Loss: 0.38821
Train Loss Components:
  |- loss_rot: 0.02244
  |- loss_pos: 0.15729
  |- fk_loss: 0.53605
  |- smoothness_loss: 0.23218
Val Loss Components:
  |- loss_rot: 0.03418
  |- loss_pos: 0.59005
  |- fk_loss: 1.22035
  |- smoothness_loss: 0.14929
LR: 5.000e-05
Hole frames in this epoch: [4, 16]

Epoch 176 | Train Loss: 0.14602 | Val Loss: 0.38758
Train Loss Components:
  |- loss_rot: 0.03607
  |- loss_pos: 0.32358
  |- fk_loss: 1.09117
  |- smoothness_loss: 0.43372
Val Loss Components:
  |- loss_rot: 0.03422
  |- loss_pos: 0.64123
  |- fk_loss: 1.23859
  |- smoothness_loss: 0.14577
LR: 5.000e-05
Hole frames in this epoch: [4, 16]

Epoch 177 | Train Loss: 0.15291 | Val Loss: 0.38699
Train Loss Components:
  |- loss_rot: 0.03577
  |- loss_pos: 0.28842
  |- fk_loss: 0.95875
  |- smoothness_loss: 0.31828
Val Loss Components:
  |- loss_rot: 0.03417
  |- loss_pos: 0.61443
  |- fk_loss: 1.23852
  |- smoothness_loss: 0.14497
LR: 5.000e-05
Hole frames in this epoch: [4, 16]

Epoch 178 | Train Loss: 0.15347 | Val Loss: 0.38540
Train Loss Components:
  |- loss_rot: 0.01773
  |- loss_pos: 0.12633
  |- fk_loss: 0.42626
  |- smoothness_loss: 0.16770
Val Loss Components:
  |- loss_rot: 0.03402
  |- loss_pos: 0.61923
  |- fk_loss: 1.23727
  |- smoothness_loss: 0.14776
LR: 5.000e-05
Hole frames in this epoch: [4, 16]

Epoch 179 | Train Loss: 0.15068 | Val Loss: 0.38694
Train Loss Components:
  |- loss_rot: 0.03062
  |- loss_pos: 0.23065
  |- fk_loss: 0.78710
  |- smoothness_loss: 0.31676
Val Loss Components:
  |- loss_rot: 0.03409
  |- loss_pos: 0.62635
  |- fk_loss: 1.22203
  |- smoothness_loss: 0.15176
LR: 5.000e-05
Hole frames in this epoch: [4, 16]

Epoch 180 | Train Loss: 0.15003 | Val Loss: 0.38604
Train Loss Components:
  |- loss_rot: 0.01421
  |- loss_pos: 0.10276
  |- fk_loss: 0.33716
  |- smoothness_loss: 0.11020
Val Loss Components:
  |- loss_rot: 0.03417
  |- loss_pos: 0.60172
  |- fk_loss: 1.22234
  |- smoothness_loss: 0.14789
LR: 5.000e-05
Hole frames in this epoch: [4, 16]

Epoch 181 | Train Loss: 0.14866 | Val Loss: 0.38450
Train Loss Components:
  |- loss_rot: 0.02288
  |- loss_pos: 0.17051
  |- fk_loss: 0.56963
  |- smoothness_loss: 0.24243
Val Loss Components:
  |- loss_rot: 0.03419
  |- loss_pos: 0.59657
  |- fk_loss: 1.21974
  |- smoothness_loss: 0.15057
LR: 5.000e-05
Hole frames in this epoch: [4, 16]

Epoch 182 | Train Loss: 0.15351 | Val Loss: 0.38538
Train Loss Components:
  |- loss_rot: 0.01416
  |- loss_pos: 0.10698
  |- fk_loss: 0.33408
  |- smoothness_loss: 0.14453
Val Loss Components:
  |- loss_rot: 0.03404
  |- loss_pos: 0.61467
  |- fk_loss: 1.22966
  |- smoothness_loss: 0.14685
LR: 5.000e-05
Hole frames in this epoch: [4, 16]

Epoch 183 | Train Loss: 0.15218 | Val Loss: 0.38643
Train Loss Components:
  |- loss_rot: 0.03744
  |- loss_pos: 0.30547
  |- fk_loss: 0.98680
  |- smoothness_loss: 0.39763
Val Loss Components:
  |- loss_rot: 0.03415
  |- loss_pos: 0.63016
  |- fk_loss: 1.23040
  |- smoothness_loss: 0.15364
LR: 5.000e-05
Hole frames in this epoch: [4, 16]

Epoch 184 | Train Loss: 0.15033 | Val Loss: 0.38551
Train Loss Components:
  |- loss_rot: 0.02028
  |- loss_pos: 0.13678
  |- fk_loss: 0.46860
  |- smoothness_loss: 0.18483
Val Loss Components:
  |- loss_rot: 0.03415
  |- loss_pos: 0.62506
  |- fk_loss: 1.24873
  |- smoothness_loss: 0.14911
LR: 5.000e-05
Hole frames in this epoch: [4, 16]

Epoch 185 | Train Loss: 0.14915 | Val Loss: 0.38386
Train Loss Components:
  |- loss_rot: 0.02304
  |- loss_pos: 0.16299
  |- fk_loss: 0.53977
  |- smoothness_loss: 0.24694
Val Loss Components:
  |- loss_rot: 0.03414
  |- loss_pos: 0.60658
  |- fk_loss: 1.21592
  |- smoothness_loss: 0.14757
LR: 5.000e-05
Hole frames in this epoch: [4, 16]

Epoch 186 | Train Loss: 0.14767 | Val Loss: 0.38501
Train Loss Components:
  |- loss_rot: 0.03265
  |- loss_pos: 0.23274
  |- fk_loss: 0.83140
  |- smoothness_loss: 0.29312
Val Loss Components:
  |- loss_rot: 0.03428
  |- loss_pos: 0.61948
  |- fk_loss: 1.23871
  |- smoothness_loss: 0.14568
LR: 5.000e-05
Hole frames in this epoch: [4, 16]

Epoch 187 | Train Loss: 0.14798 | Val Loss: 0.38542
Train Loss Components:
  |- loss_rot: 0.01712
  |- loss_pos: 0.12229
  |- fk_loss: 0.40124
  |- smoothness_loss: 0.16481
Val Loss Components:
  |- loss_rot: 0.03391
  |- loss_pos: 0.60686
  |- fk_loss: 1.22177
  |- smoothness_loss: 0.14710
LR: 5.000e-05
Hole frames in this epoch: [4, 16]

Epoch 188 | Train Loss: 0.15091 | Val Loss: 0.38425
Train Loss Components:
  |- loss_rot: 0.02314
  |- loss_pos: 0.16863
  |- fk_loss: 0.57270
  |- smoothness_loss: 0.23170
Val Loss Components:
  |- loss_rot: 0.03423
  |- loss_pos: 0.61315
  |- fk_loss: 1.21582
  |- smoothness_loss: 0.15407
LR: 5.000e-05
Hole frames in this epoch: [4, 16]

Epoch 189 | Train Loss: 0.14855 | Val Loss: 0.38278
Train Loss Components:
  |- loss_rot: 0.01376
  |- loss_pos: 0.12151
  |- fk_loss: 0.33118
  |- smoothness_loss: 0.10796
Val Loss Components:
  |- loss_rot: 0.03394
  |- loss_pos: 0.58952
  |- fk_loss: 1.20219
  |- smoothness_loss: 0.14830
LR: 5.000e-05
Hole frames in this epoch: [4, 16]

Epoch 190 | Train Loss: 0.14653 | Val Loss: 0.38132
Train Loss Components:
  |- loss_rot: 0.02088
  |- loss_pos: 0.14364
  |- fk_loss: 0.49286
  |- smoothness_loss: 0.21027
Val Loss Components:
  |- loss_rot: 0.03416
  |- loss_pos: 0.60499
  |- fk_loss: 1.21670
  |- smoothness_loss: 0.14942
LR: 5.000e-05
Hole frames in this epoch: [4, 16]

Epoch 191 | Train Loss: 0.14416 | Val Loss: 0.38350
Train Loss Components:
  |- loss_rot: 0.02418
  |- loss_pos: 0.15465
  |- fk_loss: 0.55250
  |- smoothness_loss: 0.21238
Val Loss Components:
  |- loss_rot: 0.03408
  |- loss_pos: 0.59453
  |- fk_loss: 1.21140
  |- smoothness_loss: 0.14919
LR: 5.000e-05
Hole frames in this epoch: [4, 16]

Epoch 192 | Train Loss: 0.14738 | Val Loss: 0.38442
Train Loss Components:
  |- loss_rot: 0.01826
  |- loss_pos: 0.12886
  |- fk_loss: 0.42526
  |- smoothness_loss: 0.14221
Val Loss Components:
  |- loss_rot: 0.03412
  |- loss_pos: 0.61500
  |- fk_loss: 1.21093
  |- smoothness_loss: 0.14477
LR: 5.000e-05
Hole frames in this epoch: [4, 16]

Epoch 193 | Train Loss: 0.14337 | Val Loss: 0.38552
Train Loss Components:
  |- loss_rot: 0.01365
  |- loss_pos: 0.09625
  |- fk_loss: 0.31279
  |- smoothness_loss: 0.10784
Val Loss Components:
  |- loss_rot: 0.03412
  |- loss_pos: 0.60400
  |- fk_loss: 1.20764
  |- smoothness_loss: 0.15079
LR: 5.000e-05
Hole frames in this epoch: [4, 16]

Epoch 194 | Train Loss: 0.15215 | Val Loss: 0.37999
Train Loss Components:
  |- loss_rot: 0.02788
  |- loss_pos: 0.20359
  |- fk_loss: 0.66583
  |- smoothness_loss: 0.27970
Val Loss Components:
  |- loss_rot: 0.03421
  |- loss_pos: 0.61200
  |- fk_loss: 1.21674
  |- smoothness_loss: 0.15136
LR: 5.000e-05
Hole frames in this epoch: [4, 16]

Epoch 195 | Train Loss: 0.14708 | Val Loss: 0.38337
Train Loss Components:
  |- loss_rot: 0.02271
  |- loss_pos: 0.15944
  |- fk_loss: 0.54557
  |- smoothness_loss: 0.22970
Val Loss Components:
  |- loss_rot: 0.03408
  |- loss_pos: 0.61859
  |- fk_loss: 1.22483
  |- smoothness_loss: 0.14679
LR: 5.000e-05
Hole frames in this epoch: [4, 16]

Epoch 196 | Train Loss: 0.14967 | Val Loss: 0.38161
Train Loss Components:
  |- loss_rot: 0.02802
  |- loss_pos: 0.19378
  |- fk_loss: 0.68900
  |- smoothness_loss: 0.27623
Val Loss Components:
  |- loss_rot: 0.03399
  |- loss_pos: 0.61017
  |- fk_loss: 1.20969
  |- smoothness_loss: 0.14803
LR: 5.000e-05
Hole frames in this epoch: [4, 16]

Epoch 197 | Train Loss: 0.14771 | Val Loss: 0.38042
Train Loss Components:
  |- loss_rot: 0.02726
  |- loss_pos: 0.18689
  |- fk_loss: 0.61485
  |- smoothness_loss: 0.27340
Val Loss Components:
  |- loss_rot: 0.03386
  |- loss_pos: 0.59417
  |- fk_loss: 1.19639
  |- smoothness_loss: 0.15158
LR: 5.000e-05
Hole frames in this epoch: [4, 16]

Epoch 198 | Train Loss: 0.14332 | Val Loss: 0.37989
Train Loss Components:
  |- loss_rot: 0.03360
  |- loss_pos: 0.28468
  |- fk_loss: 0.87767
  |- smoothness_loss: 0.33627
Val Loss Components:
  |- loss_rot: 0.03386
  |- loss_pos: 0.58727
  |- fk_loss: 1.19423
  |- smoothness_loss: 0.15026
LR: 5.000e-05
Hole frames in this epoch: [4, 16]

Epoch 199 | Train Loss: 0.14777 | Val Loss: 0.38181
Train Loss Components:
  |- loss_rot: 0.02612
  |- loss_pos: 0.19006
  |- fk_loss: 0.63318
  |- smoothness_loss: 0.22413
Val Loss Components:
  |- loss_rot: 0.03395
  |- loss_pos: 0.59975
  |- fk_loss: 1.21588
  |- smoothness_loss: 0.15209
LR: 5.000e-05
Hole frames in this epoch: [4, 16]

Epoch 200 | Train Loss: 0.14205 | Val Loss: 0.38090
Train Loss Components:
  |- loss_rot: 0.03328
  |- loss_pos: 0.23605
  |- fk_loss: 0.82898
  |- smoothness_loss: 0.34892
Val Loss Components:
  |- loss_rot: 0.03396
  |- loss_pos: 0.59166
  |- fk_loss: 1.22160
  |- smoothness_loss: 0.15173
LR: 5.000e-05
Hole frames in this epoch: [4, 16]

Epoch 201 | Train Loss: 0.14102 | Val Loss: 0.38277
Train Loss Components:
  |- loss_rot: 0.00963
  |- loss_pos: 0.08822
  |- fk_loss: 0.23715
  |- smoothness_loss: 0.07646
Val Loss Components:
  |- loss_rot: 0.03390
  |- loss_pos: 0.58972
  |- fk_loss: 1.20276
  |- smoothness_loss: 0.15174
LR: 5.000e-05
Hole frames in this epoch: [4, 16]

Epoch 202 | Train Loss: 0.14206 | Val Loss: 0.38183
Train Loss Components:
  |- loss_rot: 0.02723
  |- loss_pos: 0.18381
  |- fk_loss: 0.64835
  |- smoothness_loss: 0.24284
Val Loss Components:
  |- loss_rot: 0.03375
  |- loss_pos: 0.59305
  |- fk_loss: 1.19064
  |- smoothness_loss: 0.14550
LR: 5.000e-05
Hole frames in this epoch: [4, 16]

Epoch 203 | Train Loss: 0.14684 | Val Loss: 0.38009
Train Loss Components:
  |- loss_rot: 0.02293
  |- loss_pos: 0.14647
  |- fk_loss: 0.52302
  |- smoothness_loss: 0.21936
Val Loss Components:
  |- loss_rot: 0.03381
  |- loss_pos: 0.60467
  |- fk_loss: 1.20046
  |- smoothness_loss: 0.14602
LR: 5.000e-05
Hole frames in this epoch: [4, 16]

Epoch 204 | Train Loss: 0.14722 | Val Loss: 0.37958
Train Loss Components:
  |- loss_rot: 0.02365
  |- loss_pos: 0.15607
  |- fk_loss: 0.52896
  |- smoothness_loss: 0.21938
Val Loss Components:
  |- loss_rot: 0.03385
  |- loss_pos: 0.60663
  |- fk_loss: 1.21506
  |- smoothness_loss: 0.14635
LR: 5.000e-05
Hole frames in this epoch: [4, 16]

Epoch 205 | Train Loss: 0.14598 | Val Loss: 0.37980
Train Loss Components:
  |- loss_rot: 0.01698
  |- loss_pos: 0.13214
  |- fk_loss: 0.40766
  |- smoothness_loss: 0.13537
Val Loss Components:
  |- loss_rot: 0.03389
  |- loss_pos: 0.59266
  |- fk_loss: 1.19137
  |- smoothness_loss: 0.15175
LR: 5.000e-05
Hole frames in this epoch: [4, 16]

Epoch 206 | Train Loss: 0.14920 | Val Loss: 0.38077
Train Loss Components:
  |- loss_rot: 0.02009
  |- loss_pos: 0.13939
  |- fk_loss: 0.46658
  |- smoothness_loss: 0.17141
Val Loss Components:
  |- loss_rot: 0.03372
  |- loss_pos: 0.58981
  |- fk_loss: 1.19893
  |- smoothness_loss: 0.14934
LR: 5.000e-05
Hole frames in this epoch: [4, 16]

Epoch 207 | Train Loss: 0.14668 | Val Loss: 0.37998
Train Loss Components:
  |- loss_rot: 0.01069
  |- loss_pos: 0.09228
  |- fk_loss: 0.26015
  |- smoothness_loss: 0.09686
Val Loss Components:
  |- loss_rot: 0.03381
  |- loss_pos: 0.60856
  |- fk_loss: 1.21635
  |- smoothness_loss: 0.15539
LR: 5.000e-05
Hole frames in this epoch: [4, 16]

Epoch 208 | Train Loss: 0.14343 | Val Loss: 0.37765
Train Loss Components:
  |- loss_rot: 0.02813
  |- loss_pos: 0.17962
  |- fk_loss: 0.66801
  |- smoothness_loss: 0.28844
Val Loss Components:
  |- loss_rot: 0.03376
  |- loss_pos: 0.59670
  |- fk_loss: 1.18155
  |- smoothness_loss: 0.15245
LR: 5.000e-05
Hole frames in this epoch: [4, 16]

Epoch 209 | Train Loss: 0.14766 | Val Loss: 0.38405
Train Loss Components:
  |- loss_rot: 0.03089
  |- loss_pos: 0.23980
  |- fk_loss: 0.80859
  |- smoothness_loss: 0.30963
Val Loss Components:
  |- loss_rot: 0.03384
  |- loss_pos: 0.63156
  |- fk_loss: 1.22153
  |- smoothness_loss: 0.15422
LR: 5.000e-05
Hole frames in this epoch: [4, 16]

Epoch 210 | Train Loss: 0.14116 | Val Loss: 0.37696
Train Loss Components:
  |- loss_rot: 0.03325
  |- loss_pos: 0.22772
  |- fk_loss: 0.85347
  |- smoothness_loss: 0.34250
Val Loss Components:
  |- loss_rot: 0.03363
  |- loss_pos: 0.58234
  |- fk_loss: 1.17720
  |- smoothness_loss: 0.14747
LR: 5.000e-05
Hole frames in this epoch: [4, 16]

Epoch 211 | Train Loss: 0.14521 | Val Loss: 0.37844
Train Loss Components:
  |- loss_rot: 0.02179
  |- loss_pos: 0.13980
  |- fk_loss: 0.47616
  |- smoothness_loss: 0.19759
Val Loss Components:
  |- loss_rot: 0.03371
  |- loss_pos: 0.60172
  |- fk_loss: 1.18156
  |- smoothness_loss: 0.15167
LR: 5.000e-05
Hole frames in this epoch: [4, 16]

Epoch 212 | Train Loss: 0.14651 | Val Loss: 0.37723
Train Loss Components:
  |- loss_rot: 0.01557
  |- loss_pos: 0.10542
  |- fk_loss: 0.35415
  |- smoothness_loss: 0.15722
Val Loss Components:
  |- loss_rot: 0.03371
  |- loss_pos: 0.59154
  |- fk_loss: 1.18352
  |- smoothness_loss: 0.15203
LR: 5.000e-05
Hole frames in this epoch: [4, 16]

Epoch 213 | Train Loss: 0.14877 | Val Loss: 0.37774
Train Loss Components:
  |- loss_rot: 0.03383
  |- loss_pos: 0.25704
  |- fk_loss: 0.87342
  |- smoothness_loss: 0.37923
Val Loss Components:
  |- loss_rot: 0.03363
  |- loss_pos: 0.58951
  |- fk_loss: 1.18458
  |- smoothness_loss: 0.15234
LR: 5.000e-05
Hole frames in this epoch: [4, 16]

Epoch 214 | Train Loss: 0.14304 | Val Loss: 0.37709
Train Loss Components:
  |- loss_rot: 0.03562
  |- loss_pos: 0.26049
  |- fk_loss: 0.93921
  |- smoothness_loss: 0.37178
Val Loss Components:
  |- loss_rot: 0.03366
  |- loss_pos: 0.58969
  |- fk_loss: 1.18005
  |- smoothness_loss: 0.14698
LR: 5.000e-05
Hole frames in this epoch: [4, 16]

Epoch 215 | Train Loss: 0.14037 | Val Loss: 0.37575
Train Loss Components:
  |- loss_rot: 0.03348
  |- loss_pos: 0.25771
  |- fk_loss: 0.82968
  |- smoothness_loss: 0.34782
Val Loss Components:
  |- loss_rot: 0.03375
  |- loss_pos: 0.58922
  |- fk_loss: 1.17330
  |- smoothness_loss: 0.15344
LR: 5.000e-05
Hole frames in this epoch: [4, 16]

Epoch 216 | Train Loss: 0.14306 | Val Loss: 0.37691
Train Loss Components:
  |- loss_rot: 0.02628
  |- loss_pos: 0.17173
  |- fk_loss: 0.58822
  |- smoothness_loss: 0.29140
Val Loss Components:
  |- loss_rot: 0.03382
  |- loss_pos: 0.59034
  |- fk_loss: 1.19130
  |- smoothness_loss: 0.15515
LR: 5.000e-05
Hole frames in this epoch: [4, 16]

Epoch 217 | Train Loss: 0.14533 | Val Loss: 0.37717
Train Loss Components:
  |- loss_rot: 0.01618
  |- loss_pos: 0.11170
  |- fk_loss: 0.37907
  |- smoothness_loss: 0.16637
Val Loss Components:
  |- loss_rot: 0.03383
  |- loss_pos: 0.57967
  |- fk_loss: 1.19146
  |- smoothness_loss: 0.15281
LR: 5.000e-05
Hole frames in this epoch: [4, 16]

Epoch 218 | Train Loss: 0.14696 | Val Loss: 0.37868
Train Loss Components:
  |- loss_rot: 0.01058
  |- loss_pos: 0.08208
  |- fk_loss: 0.23999
  |- smoothness_loss: 0.08564
Val Loss Components:
  |- loss_rot: 0.03355
  |- loss_pos: 0.58156
  |- fk_loss: 1.18076
  |- smoothness_loss: 0.14707
LR: 5.000e-05
Hole frames in this epoch: [4, 16]

Epoch 219 | Train Loss: 0.13498 | Val Loss: 0.37789
Train Loss Components:
  |- loss_rot: 0.03540
  |- loss_pos: 0.29044
  |- fk_loss: 1.02117
  |- smoothness_loss: 0.35789
Val Loss Components:
  |- loss_rot: 0.03372
  |- loss_pos: 0.60921
  |- fk_loss: 1.19838
  |- smoothness_loss: 0.15258
LR: 5.000e-05
Hole frames in this epoch: [4, 16]

Epoch 220 | Train Loss: 0.14746 | Val Loss: 0.37881
Train Loss Components:
  |- loss_rot: 0.01244
  |- loss_pos: 0.10369
  |- fk_loss: 0.28813
  |- smoothness_loss: 0.11812
Val Loss Components:
  |- loss_rot: 0.03367
  |- loss_pos: 0.58949
  |- fk_loss: 1.18861
  |- smoothness_loss: 0.15205
LR: 5.000e-05
Hole frames in this epoch: [4, 16]

Epoch 221 | Train Loss: 0.14689 | Val Loss: 0.37393
Train Loss Components:
  |- loss_rot: 0.03124
  |- loss_pos: 0.24943
  |- fk_loss: 0.79719
  |- smoothness_loss: 0.36521
Val Loss Components:
  |- loss_rot: 0.03361
  |- loss_pos: 0.58732
  |- fk_loss: 1.17300
  |- smoothness_loss: 0.15512
LR: 5.000e-05
Hole frames in this epoch: [4, 16]

Epoch 222 | Train Loss: 0.14182 | Val Loss: 0.37646
Train Loss Components:
  |- loss_rot: 0.02225
  |- loss_pos: 0.15078
  |- fk_loss: 0.53974
  |- smoothness_loss: 0.23911
Val Loss Components:
  |- loss_rot: 0.03366
  |- loss_pos: 0.60152
  |- fk_loss: 1.19559
  |- smoothness_loss: 0.15100
LR: 5.000e-05
Hole frames in this epoch: [4, 16]

Epoch 223 | Train Loss: 0.13899 | Val Loss: 0.37361
Train Loss Components:
  |- loss_rot: 0.01950
  |- loss_pos: 0.11794
  |- fk_loss: 0.41154
  |- smoothness_loss: 0.14061
Val Loss Components:
  |- loss_rot: 0.03355
  |- loss_pos: 0.57365
  |- fk_loss: 1.17809
  |- smoothness_loss: 0.15436
LR: 5.000e-05
Hole frames in this epoch: [4, 16]

Epoch 224 | Train Loss: 0.14047 | Val Loss: 0.37399
Train Loss Components:
  |- loss_rot: 0.01180
  |- loss_pos: 0.08610
  |- fk_loss: 0.27153
  |- smoothness_loss: 0.11295
Val Loss Components:
  |- loss_rot: 0.03344
  |- loss_pos: 0.57053
  |- fk_loss: 1.17752
  |- smoothness_loss: 0.15227
LR: 5.000e-05
Hole frames in this epoch: [4, 16]

Epoch 225 | Train Loss: 0.13552 | Val Loss: 0.37272
Train Loss Components:
  |- loss_rot: 0.02498
  |- loss_pos: 0.16302
  |- fk_loss: 0.54355
  |- smoothness_loss: 0.23580
Val Loss Components:
  |- loss_rot: 0.03345
  |- loss_pos: 0.56551
  |- fk_loss: 1.17264
  |- smoothness_loss: 0.15169
LR: 5.000e-05
Hole frames in this epoch: [4, 16]

Epoch 226 | Train Loss: 0.13756 | Val Loss: 0.37455
Train Loss Components:
  |- loss_rot: 0.01647
  |- loss_pos: 0.11560
  |- fk_loss: 0.38202
  |- smoothness_loss: 0.14520
Val Loss Components:
  |- loss_rot: 0.03343
  |- loss_pos: 0.57608
  |- fk_loss: 1.17776
  |- smoothness_loss: 0.14755
LR: 5.000e-05
Hole frames in this epoch: [4, 16]

Epoch 227 | Train Loss: 0.14229 | Val Loss: 0.37514
Train Loss Components:
  |- loss_rot: 0.03498
  |- loss_pos: 0.27887
  |- fk_loss: 0.89999
  |- smoothness_loss: 0.35014
Val Loss Components:
  |- loss_rot: 0.03352
  |- loss_pos: 0.57891
  |- fk_loss: 1.18314
  |- smoothness_loss: 0.15662
LR: 5.000e-05
Hole frames in this epoch: [4, 16]

Epoch 228 | Train Loss: 0.13926 | Val Loss: 0.37334
Train Loss Components:
  |- loss_rot: 0.03360
  |- loss_pos: 0.27871
  |- fk_loss: 0.89580
  |- smoothness_loss: 0.34874
Val Loss Components:
  |- loss_rot: 0.03341
  |- loss_pos: 0.58131
  |- fk_loss: 1.15876
  |- smoothness_loss: 0.15211
LR: 5.000e-05
Hole frames in this epoch: [4, 16]

Epoch 229 | Train Loss: 0.13862 | Val Loss: 0.37546
Train Loss Components:
  |- loss_rot: 0.02485
  |- loss_pos: 0.16145
  |- fk_loss: 0.57010
  |- smoothness_loss: 0.21269
Val Loss Components:
  |- loss_rot: 0.03334
  |- loss_pos: 0.56943
  |- fk_loss: 1.16141
  |- smoothness_loss: 0.14972
LR: 5.000e-05
Hole frames in this epoch: [4, 16]

Epoch 230 | Train Loss: 0.13985 | Val Loss: 0.37455
Train Loss Components:
  |- loss_rot: 0.01856
  |- loss_pos: 0.13154
  |- fk_loss: 0.44182
  |- smoothness_loss: 0.17454
Val Loss Components:
  |- loss_rot: 0.03338
  |- loss_pos: 0.58910
  |- fk_loss: 1.16107
  |- smoothness_loss: 0.15201
LR: 5.000e-05
Hole frames in this epoch: [4, 16]

Epoch 231 | Train Loss: 0.13741 | Val Loss: 0.37390
Train Loss Components:
  |- loss_rot: 0.03449
  |- loss_pos: 0.25121
  |- fk_loss: 0.88192
  |- smoothness_loss: 0.36113
Val Loss Components:
  |- loss_rot: 0.03361
  |- loss_pos: 0.58421
  |- fk_loss: 1.16821
  |- smoothness_loss: 0.15440
LR: 5.000e-05
Hole frames in this epoch: [4, 16]

Epoch 232 | Train Loss: 0.12993 | Val Loss: 0.36808
Train Loss Components:
  |- loss_rot: 0.01184
  |- loss_pos: 0.09327
  |- fk_loss: 0.27903
  |- smoothness_loss: 0.13256
Val Loss Components:
  |- loss_rot: 0.03343
  |- loss_pos: 0.57609
  |- fk_loss: 1.15324
  |- smoothness_loss: 0.15416
LR: 2.500e-05
Hole frames in this epoch: [4, 16]

Epoch 233 | Train Loss: 0.13201 | Val Loss: 0.36706
Train Loss Components:
  |- loss_rot: 0.01907
  |- loss_pos: 0.11075
  |- fk_loss: 0.41365
  |- smoothness_loss: 0.16361
Val Loss Components:
  |- loss_rot: 0.03332
  |- loss_pos: 0.56250
  |- fk_loss: 1.14584
  |- smoothness_loss: 0.15657
LR: 2.500e-05
Hole frames in this epoch: [4, 16]

Epoch 234 | Train Loss: 0.12838 | Val Loss: 0.36724
Train Loss Components:
  |- loss_rot: 0.03411
  |- loss_pos: 0.22777
  |- fk_loss: 0.83535
  |- smoothness_loss: 0.35914
Val Loss Components:
  |- loss_rot: 0.03347
  |- loss_pos: 0.56821
  |- fk_loss: 1.15468
  |- smoothness_loss: 0.15769
LR: 2.500e-05
Hole frames in this epoch: [4, 16]

Epoch 235 | Train Loss: 0.12776 | Val Loss: 0.36712
Train Loss Components:
  |- loss_rot: 0.02283
  |- loss_pos: 0.13859
  |- fk_loss: 0.52465
  |- smoothness_loss: 0.25759
Val Loss Components:
  |- loss_rot: 0.03342
  |- loss_pos: 0.57726
  |- fk_loss: 1.14738
  |- smoothness_loss: 0.15765
LR: 2.500e-05
Hole frames in this epoch: [4, 16]

Epoch 236 | Train Loss: 0.12864 | Val Loss: 0.36647
Train Loss Components:
  |- loss_rot: 0.02323
  |- loss_pos: 0.13930
  |- fk_loss: 0.51128
  |- smoothness_loss: 0.25105
Val Loss Components:
  |- loss_rot: 0.03341
  |- loss_pos: 0.57587
  |- fk_loss: 1.14863
  |- smoothness_loss: 0.15915
LR: 2.500e-05
Hole frames in this epoch: [4, 16]

Epoch 237 | Train Loss: 0.12958 | Val Loss: 0.36676
Train Loss Components:
  |- loss_rot: 0.01234
  |- loss_pos: 0.09172
  |- fk_loss: 0.28968
  |- smoothness_loss: 0.14422
Val Loss Components:
  |- loss_rot: 0.03340
  |- loss_pos: 0.56653
  |- fk_loss: 1.13976
  |- smoothness_loss: 0.15832
LR: 2.500e-05
Hole frames in this epoch: [4, 16]

Epoch 238 | Train Loss: 0.13158 | Val Loss: 0.36623
Train Loss Components:
  |- loss_rot: 0.03362
  |- loss_pos: 0.23463
  |- fk_loss: 0.84161
  |- smoothness_loss: 0.36380
Val Loss Components:
  |- loss_rot: 0.03324
  |- loss_pos: 0.57067
  |- fk_loss: 1.13431
  |- smoothness_loss: 0.15621
LR: 2.500e-05
Hole frames in this epoch: [4, 16]

Epoch 239 | Train Loss: 0.13000 | Val Loss: 0.36600
Train Loss Components:
  |- loss_rot: 0.01845
  |- loss_pos: 0.11911
  |- fk_loss: 0.42228
  |- smoothness_loss: 0.17567
Val Loss Components:
  |- loss_rot: 0.03332
  |- loss_pos: 0.56242
  |- fk_loss: 1.13288
  |- smoothness_loss: 0.15652
LR: 2.500e-05
Hole frames in this epoch: [4, 16]

Epoch 240 | Train Loss: 0.12730 | Val Loss: 0.36734
Train Loss Components:
  |- loss_rot: 0.02571
  |- loss_pos: 0.14858
  |- fk_loss: 0.57673
  |- smoothness_loss: 0.24126
Val Loss Components:
  |- loss_rot: 0.03336
  |- loss_pos: 0.57556
  |- fk_loss: 1.14427
  |- smoothness_loss: 0.15949
LR: 2.500e-05
Hole frames in this epoch: [4, 16]

Epoch 241 | Train Loss: 0.12841 | Val Loss: 0.36581
Train Loss Components:
  |- loss_rot: 0.01450
  |- loss_pos: 0.09854
  |- fk_loss: 0.33739
  |- smoothness_loss: 0.14009
Val Loss Components:
  |- loss_rot: 0.03328
  |- loss_pos: 0.55418
  |- fk_loss: 1.13328
  |- smoothness_loss: 0.15396
LR: 2.500e-05
Hole frames in this epoch: [4, 16]

Epoch 242 | Train Loss: 0.12700 | Val Loss: 0.36407
Train Loss Components:
  |- loss_rot: 0.02508
  |- loss_pos: 0.14724
  |- fk_loss: 0.54049
  |- smoothness_loss: 0.25644
Val Loss Components:
  |- loss_rot: 0.03329
  |- loss_pos: 0.55719
  |- fk_loss: 1.14158
  |- smoothness_loss: 0.15509
LR: 2.500e-05
Hole frames in this epoch: [4, 16]

Epoch 243 | Train Loss: 0.12797 | Val Loss: 0.36634
Train Loss Components:
  |- loss_rot: 0.02525
  |- loss_pos: 0.14024
  |- fk_loss: 0.52999
  |- smoothness_loss: 0.23427
Val Loss Components:
  |- loss_rot: 0.03324
  |- loss_pos: 0.56427
  |- fk_loss: 1.13964
  |- smoothness_loss: 0.15724
LR: 2.500e-05
Hole frames in this epoch: [4, 16]

Epoch 244 | Train Loss: 0.12613 | Val Loss: 0.36584
Train Loss Components:
  |- loss_rot: 0.02961
  |- loss_pos: 0.15081
  |- fk_loss: 0.61926
  |- smoothness_loss: 0.33752
Val Loss Components:
  |- loss_rot: 0.03342
  |- loss_pos: 0.56522
  |- fk_loss: 1.13800
  |- smoothness_loss: 0.15531
LR: 2.500e-05
Hole frames in this epoch: [4, 16]

Epoch 245 | Train Loss: 0.13110 | Val Loss: 0.36575
Train Loss Components:
  |- loss_rot: 0.03245
  |- loss_pos: 0.20729
  |- fk_loss: 0.75220
  |- smoothness_loss: 0.35302
Val Loss Components:
  |- loss_rot: 0.03328
  |- loss_pos: 0.57816
  |- fk_loss: 1.14584
  |- smoothness_loss: 0.15859
LR: 2.500e-05
Hole frames in this epoch: [4, 16]

Epoch 246 | Train Loss: 0.12792 | Val Loss: 0.36549
Train Loss Components:
  |- loss_rot: 0.02527
  |- loss_pos: 0.14913
  |- fk_loss: 0.57072
  |- smoothness_loss: 0.29392
Val Loss Components:
  |- loss_rot: 0.03340
  |- loss_pos: 0.58095
  |- fk_loss: 1.14930
  |- smoothness_loss: 0.15817
LR: 2.500e-05
Hole frames in this epoch: [4, 16]

Epoch 247 | Train Loss: 0.12511 | Val Loss: 0.36509
Train Loss Components:
  |- loss_rot: 0.03471
  |- loss_pos: 0.20706
  |- fk_loss: 0.79278
  |- smoothness_loss: 0.33476
Val Loss Components:
  |- loss_rot: 0.03335
  |- loss_pos: 0.56855
  |- fk_loss: 1.14669
  |- smoothness_loss: 0.15724
LR: 2.500e-05
Hole frames in this epoch: [4, 16]

Epoch 248 | Train Loss: 0.13166 | Val Loss: 0.36517
Train Loss Components:
  |- loss_rot: 0.02293
  |- loss_pos: 0.13099
  |- fk_loss: 0.48881
  |- smoothness_loss: 0.26141
Val Loss Components:
  |- loss_rot: 0.03328
  |- loss_pos: 0.57930
  |- fk_loss: 1.15422
  |- smoothness_loss: 0.15646
LR: 2.500e-05
Hole frames in this epoch: [4, 16]

Epoch 249 | Train Loss: 0.12529 | Val Loss: 0.36250
Train Loss Components:
  |- loss_rot: 0.01454
  |- loss_pos: 0.09245
  |- fk_loss: 0.31333
  |- smoothness_loss: 0.13556
Val Loss Components:
  |- loss_rot: 0.03323
  |- loss_pos: 0.56376
  |- fk_loss: 1.13827
  |- smoothness_loss: 0.15853
LR: 1.250e-05
Hole frames in this epoch: [4, 16]

Epoch 250 | Train Loss: 0.12581 | Val Loss: 0.36200
Train Loss Components:
  |- loss_rot: 0.01870
  |- loss_pos: 0.11007
  |- fk_loss: 0.39686
  |- smoothness_loss: 0.17388
Val Loss Components:
  |- loss_rot: 0.03322
  |- loss_pos: 0.56557
  |- fk_loss: 1.12698
  |- smoothness_loss: 0.15854
LR: 1.250e-05
Hole frames in this epoch: [4, 16]

Epoch 251 | Train Loss: 0.12210 | Val Loss: 0.36216
Train Loss Components:
  |- loss_rot: 0.01114
  |- loss_pos: 0.08507
  |- fk_loss: 0.25381
  |- smoothness_loss: 0.11616
Val Loss Components:
  |- loss_rot: 0.03329
  |- loss_pos: 0.56324
  |- fk_loss: 1.13694
  |- smoothness_loss: 0.15812
LR: 1.250e-05
Hole frames in this epoch: [4, 16]

Epoch 252 | Train Loss: 0.12216 | Val Loss: 0.36203
Train Loss Components:
  |- loss_rot: 0.02897
  |- loss_pos: 0.16328
  |- fk_loss: 0.65082
  |- smoothness_loss: 0.26630
Val Loss Components:
  |- loss_rot: 0.03325
  |- loss_pos: 0.56324
  |- fk_loss: 1.13200
  |- smoothness_loss: 0.15951
LR: 1.250e-05
Hole frames in this epoch: [4, 16]

Epoch 253 | Train Loss: 0.12706 | Val Loss: 0.36134
Train Loss Components:
  |- loss_rot: 0.01041
  |- loss_pos: 0.07682
  |- fk_loss: 0.23905
  |- smoothness_loss: 0.10191
Val Loss Components:
  |- loss_rot: 0.03325
  |- loss_pos: 0.56273
  |- fk_loss: 1.13323
  |- smoothness_loss: 0.16024
LR: 1.250e-05
Hole frames in this epoch: [4, 16]

Epoch 254 | Train Loss: 0.12108 | Val Loss: 0.36141
Train Loss Components:
  |- loss_rot: 0.02668
  |- loss_pos: 0.13520
  |- fk_loss: 0.57554
  |- smoothness_loss: 0.26000
Val Loss Components:
  |- loss_rot: 0.03325
  |- loss_pos: 0.56140
  |- fk_loss: 1.13097
  |- smoothness_loss: 0.16066
LR: 1.250e-05
Hole frames in this epoch: [4, 16]

Epoch 255 | Train Loss: 0.12321 | Val Loss: 0.36203
Train Loss Components:
  |- loss_rot: 0.01372
  |- loss_pos: 0.08017
  |- fk_loss: 0.29747
  |- smoothness_loss: 0.12468
Val Loss Components:
  |- loss_rot: 0.03331
  |- loss_pos: 0.55330
  |- fk_loss: 1.12326
  |- smoothness_loss: 0.16071
LR: 1.250e-05
Hole frames in this epoch: [4, 16]

Epoch 256 | Train Loss: 0.12069 | Val Loss: 0.36131
Train Loss Components:
  |- loss_rot: 0.02802
  |- loss_pos: 0.14078
  |- fk_loss: 0.59512
  |- smoothness_loss: 0.25959
Val Loss Components:
  |- loss_rot: 0.03324
  |- loss_pos: 0.55057
  |- fk_loss: 1.12862
  |- smoothness_loss: 0.15755
LR: 1.250e-05
Hole frames in this epoch: [4, 16]

Epoch 257 | Train Loss: 0.12478 | Val Loss: 0.36141
Train Loss Components:
  |- loss_rot: 0.03324
  |- loss_pos: 0.18340
  |- fk_loss: 0.74725
  |- smoothness_loss: 0.39554
Val Loss Components:
  |- loss_rot: 0.03323
  |- loss_pos: 0.55986
  |- fk_loss: 1.12757
  |- smoothness_loss: 0.15693
LR: 1.250e-05
Hole frames in this epoch: [4, 16]

Epoch 258 | Train Loss: 0.12185 | Val Loss: 0.36137
Train Loss Components:
  |- loss_rot: 0.02673
  |- loss_pos: 0.14598
  |- fk_loss: 0.58847
  |- smoothness_loss: 0.25331
Val Loss Components:
  |- loss_rot: 0.03328
  |- loss_pos: 0.55526
  |- fk_loss: 1.13115
  |- smoothness_loss: 0.15882
LR: 1.250e-05
Hole frames in this epoch: [4, 16]

Epoch 259 | Train Loss: 0.12552 | Val Loss: 0.36116
Train Loss Components:
  |- loss_rot: 0.01928
  |- loss_pos: 0.10757
  |- fk_loss: 0.41649
  |- smoothness_loss: 0.19927
Val Loss Components:
  |- loss_rot: 0.03326
  |- loss_pos: 0.55737
  |- fk_loss: 1.12323
  |- smoothness_loss: 0.16000
LR: 1.250e-05
Hole frames in this epoch: [4, 16]

Epoch 260 | Train Loss: 0.11742 | Val Loss: 0.36141
Train Loss Components:
  |- loss_rot: 0.03346
  |- loss_pos: 0.22173
  |- fk_loss: 0.81825
  |- smoothness_loss: 0.38151
Val Loss Components:
  |- loss_rot: 0.03332
  |- loss_pos: 0.55018
  |- fk_loss: 1.12338
  |- smoothness_loss: 0.16107
LR: 1.250e-05
Hole frames in this epoch: [4, 16]

Epoch 261 | Train Loss: 0.12325 | Val Loss: 0.36084
Train Loss Components:
  |- loss_rot: 0.03093
  |- loss_pos: 0.15177
  |- fk_loss: 0.65297
  |- smoothness_loss: 0.29917
Val Loss Components:
  |- loss_rot: 0.03329
  |- loss_pos: 0.56820
  |- fk_loss: 1.13658
  |- smoothness_loss: 0.16129
LR: 1.250e-05
Hole frames in this epoch: [4, 16]

Epoch 262 | Train Loss: 0.12220 | Val Loss: 0.36158
Train Loss Components:
  |- loss_rot: 0.02924
  |- loss_pos: 0.15995
  |- fk_loss: 0.63389
  |- smoothness_loss: 0.34377
Val Loss Components:
  |- loss_rot: 0.03320
  |- loss_pos: 0.56134
  |- fk_loss: 1.12749
  |- smoothness_loss: 0.15909
LR: 1.250e-05
Hole frames in this epoch: [4, 16]

Epoch 263 | Train Loss: 0.12120 | Val Loss: 0.36106
Train Loss Components:
  |- loss_rot: 0.02827
  |- loss_pos: 0.14213
  |- fk_loss: 0.59700
  |- smoothness_loss: 0.29447
Val Loss Components:
  |- loss_rot: 0.03322
  |- loss_pos: 0.55381
  |- fk_loss: 1.12700
  |- smoothness_loss: 0.15876
LR: 1.250e-05
Hole frames in this epoch: [4, 16]

Epoch 264 | Train Loss: 0.12136 | Val Loss: 0.36074
Train Loss Components:
  |- loss_rot: 0.03124
  |- loss_pos: 0.16218
  |- fk_loss: 0.64913
  |- smoothness_loss: 0.31447
Val Loss Components:
  |- loss_rot: 0.03326
  |- loss_pos: 0.55832
  |- fk_loss: 1.12868
  |- smoothness_loss: 0.16135
LR: 1.250e-05
Hole frames in this epoch: [4, 16]

Epoch 265 | Train Loss: 0.12203 | Val Loss: 0.36066
Train Loss Components:
  |- loss_rot: 0.03385
  |- loss_pos: 0.18808
  |- fk_loss: 0.77032
  |- smoothness_loss: 0.43203
Val Loss Components:
  |- loss_rot: 0.03326
  |- loss_pos: 0.56287
  |- fk_loss: 1.12691
  |- smoothness_loss: 0.16007
LR: 1.250e-05
Hole frames in this epoch: [4, 16]

Epoch 266 | Train Loss: 0.11919 | Val Loss: 0.36114
Train Loss Components:
  |- loss_rot: 0.01114
  |- loss_pos: 0.07656
  |- fk_loss: 0.24085
  |- smoothness_loss: 0.11298
Val Loss Components:
  |- loss_rot: 0.03319
  |- loss_pos: 0.55742
  |- fk_loss: 1.12425
  |- smoothness_loss: 0.15881
LR: 1.250e-05
Hole frames in this epoch: [4, 16]

Epoch 267 | Train Loss: 0.12118 | Val Loss: 0.36043
Train Loss Components:
  |- loss_rot: 0.02444
  |- loss_pos: 0.12783
  |- fk_loss: 0.52572
  |- smoothness_loss: 0.24853
Val Loss Components:
  |- loss_rot: 0.03321
  |- loss_pos: 0.55897
  |- fk_loss: 1.12117
  |- smoothness_loss: 0.15949
LR: 1.250e-05
Hole frames in this epoch: [4, 16]

Epoch 268 | Train Loss: 0.12006 | Val Loss: 0.36043
Train Loss Components:
  |- loss_rot: 0.03381
  |- loss_pos: 0.19350
  |- fk_loss: 0.76000
  |- smoothness_loss: 0.40143
Val Loss Components:
  |- loss_rot: 0.03315
  |- loss_pos: 0.55020
  |- fk_loss: 1.11706
  |- smoothness_loss: 0.15912
LR: 1.250e-05
Hole frames in this epoch: [4, 16]

Epoch 269 | Train Loss: 0.12229 | Val Loss: 0.35989
Train Loss Components:
  |- loss_rot: 0.01409
  |- loss_pos: 0.08369
  |- fk_loss: 0.31211
  |- smoothness_loss: 0.12401
Val Loss Components:
  |- loss_rot: 0.03312
  |- loss_pos: 0.55328
  |- fk_loss: 1.11932
  |- smoothness_loss: 0.15872
LR: 1.250e-05
Hole frames in this epoch: [4, 16]

Epoch 270 | Train Loss: 0.12580 | Val Loss: 0.36034
Train Loss Components:
  |- loss_rot: 0.02728
  |- loss_pos: 0.14457
  |- fk_loss: 0.58954
  |- smoothness_loss: 0.25709
Val Loss Components:
  |- loss_rot: 0.03318
  |- loss_pos: 0.55827
  |- fk_loss: 1.12387
  |- smoothness_loss: 0.15957
LR: 1.250e-05
Hole frames in this epoch: [4, 16]

Epoch 271 | Train Loss: 0.12189 | Val Loss: 0.36035
Train Loss Components:
  |- loss_rot: 0.02628
  |- loss_pos: 0.14061
  |- fk_loss: 0.57358
  |- smoothness_loss: 0.25486
Val Loss Components:
  |- loss_rot: 0.03318
  |- loss_pos: 0.55360
  |- fk_loss: 1.11692
  |- smoothness_loss: 0.16252
LR: 1.250e-05
Hole frames in this epoch: [4, 16]

Epoch 272 | Train Loss: 0.12359 | Val Loss: 0.35993
Train Loss Components:
  |- loss_rot: 0.01718
  |- loss_pos: 0.09966
  |- fk_loss: 0.36392
  |- smoothness_loss: 0.13373
Val Loss Components:
  |- loss_rot: 0.03317
  |- loss_pos: 0.55600
  |- fk_loss: 1.11882
  |- smoothness_loss: 0.15818
LR: 1.250e-05
Hole frames in this epoch: [4, 16]

Epoch 273 | Train Loss: 0.11837 | Val Loss: 0.35971
Train Loss Components:
  |- loss_rot: 0.02693
  |- loss_pos: 0.13805
  |- fk_loss: 0.56956
  |- smoothness_loss: 0.30164
Val Loss Components:
  |- loss_rot: 0.03317
  |- loss_pos: 0.55935
  |- fk_loss: 1.12208
  |- smoothness_loss: 0.16074
LR: 1.250e-05
Hole frames in this epoch: [4, 16]

Epoch 274 | Train Loss: 0.12081 | Val Loss: 0.35978
Train Loss Components:
  |- loss_rot: 0.03185
  |- loss_pos: 0.18250
  |- fk_loss: 0.72401
  |- smoothness_loss: 0.32998
Val Loss Components:
  |- loss_rot: 0.03312
  |- loss_pos: 0.54316
  |- fk_loss: 1.11107
  |- smoothness_loss: 0.16056
LR: 1.250e-05
Hole frames in this epoch: [4, 16]

Epoch 275 | Train Loss: 0.12023 | Val Loss: 0.35948
Train Loss Components:
  |- loss_rot: 0.03052
  |- loss_pos: 0.16180
  |- fk_loss: 0.79451
  |- smoothness_loss: 0.30653
Val Loss Components:
  |- loss_rot: 0.03318
  |- loss_pos: 0.55342
  |- fk_loss: 1.11604
  |- smoothness_loss: 0.15968
LR: 1.250e-05
Hole frames in this epoch: [4, 16]

Epoch 276 | Train Loss: 0.11893 | Val Loss: 0.35956
Train Loss Components:
  |- loss_rot: 0.02805
  |- loss_pos: 0.13684
  |- fk_loss: 0.59244
  |- smoothness_loss: 0.29896
Val Loss Components:
  |- loss_rot: 0.03316
  |- loss_pos: 0.55426
  |- fk_loss: 1.11735
  |- smoothness_loss: 0.16063
LR: 1.250e-05
Hole frames in this epoch: [4, 16]

Epoch 277 | Train Loss: 0.12096 | Val Loss: 0.35997
Train Loss Components:
  |- loss_rot: 0.02621
  |- loss_pos: 0.12426
  |- fk_loss: 0.55473
  |- smoothness_loss: 0.23619
Val Loss Components:
  |- loss_rot: 0.03313
  |- loss_pos: 0.54774
  |- fk_loss: 1.10971
  |- smoothness_loss: 0.15987
LR: 1.250e-05
Hole frames in this epoch: [4, 16]

Epoch 278 | Train Loss: 0.12119 | Val Loss: 0.35947
Train Loss Components:
  |- loss_rot: 0.01700
  |- loss_pos: 0.09632
  |- fk_loss: 0.35357
  |- smoothness_loss: 0.14992
Val Loss Components:
  |- loss_rot: 0.03310
  |- loss_pos: 0.54780
  |- fk_loss: 1.11194
  |- smoothness_loss: 0.15979
LR: 1.250e-05
Hole frames in this epoch: [4, 16]

Epoch 279 | Train Loss: 0.12055 | Val Loss: 0.35951
Train Loss Components:
  |- loss_rot: 0.02640
  |- loss_pos: 0.14488
  |- fk_loss: 0.57160
  |- smoothness_loss: 0.29641
Val Loss Components:
  |- loss_rot: 0.03321
  |- loss_pos: 0.56082
  |- fk_loss: 1.12291
  |- smoothness_loss: 0.15937
LR: 1.250e-05
Hole frames in this epoch: [4, 16]

Epoch 280 | Train Loss: 0.12119 | Val Loss: 0.35984
Train Loss Components:
  |- loss_rot: 0.01800
  |- loss_pos: 0.10349
  |- fk_loss: 0.38698
  |- smoothness_loss: 0.18941
Val Loss Components:
  |- loss_rot: 0.03319
  |- loss_pos: 0.54440
  |- fk_loss: 1.11471
  |- smoothness_loss: 0.16193
LR: 1.250e-05
Hole frames in this epoch: [4, 16]

Epoch 281 | Train Loss: 0.11976 | Val Loss: 0.35968
Train Loss Components:
  |- loss_rot: 0.01452
  |- loss_pos: 0.08788
  |- fk_loss: 0.31924
  |- smoothness_loss: 0.14019
Val Loss Components:
  |- loss_rot: 0.03312
  |- loss_pos: 0.55645
  |- fk_loss: 1.12150
  |- smoothness_loss: 0.15948
LR: 1.250e-05
Hole frames in this epoch: [4, 16]

Epoch 282 | Train Loss: 0.11927 | Val Loss: 0.35868
Train Loss Components:
  |- loss_rot: 0.01491
  |- loss_pos: 0.08627
  |- fk_loss: 0.31612
  |- smoothness_loss: 0.14397
Val Loss Components:
  |- loss_rot: 0.03321
  |- loss_pos: 0.55432
  |- fk_loss: 1.11899
  |- smoothness_loss: 0.16140
LR: 6.250e-06
Hole frames in this epoch: [4, 16]

Epoch 283 | Train Loss: 0.12132 | Val Loss: 0.35822
Train Loss Components:
  |- loss_rot: 0.03565
  |- loss_pos: 0.23161
  |- fk_loss: 0.87099
  |- smoothness_loss: 0.39554
Val Loss Components:
  |- loss_rot: 0.03311
  |- loss_pos: 0.54614
  |- fk_loss: 1.11203
  |- smoothness_loss: 0.16081
LR: 6.250e-06
Hole frames in this epoch: [4, 16]

Epoch 284 | Train Loss: 0.12004 | Val Loss: 0.35855
Train Loss Components:
  |- loss_rot: 0.01235
  |- loss_pos: 0.07608
  |- fk_loss: 0.26916
  |- smoothness_loss: 0.11035
Val Loss Components:
  |- loss_rot: 0.03314
  |- loss_pos: 0.54685
  |- fk_loss: 1.11357
  |- smoothness_loss: 0.16021
LR: 6.250e-06
Hole frames in this epoch: [4, 16]

Epoch 285 | Train Loss: 0.12123 | Val Loss: 0.35845
Train Loss Components:
  |- loss_rot: 0.02862
  |- loss_pos: 0.13501
  |- fk_loss: 0.57903
  |- smoothness_loss: 0.30242
Val Loss Components:
  |- loss_rot: 0.03307
  |- loss_pos: 0.54335
  |- fk_loss: 1.10900
  |- smoothness_loss: 0.16131
LR: 6.250e-06
Hole frames in this epoch: [4, 16]

Epoch 286 | Train Loss: 0.11605 | Val Loss: 0.35818
Train Loss Components:
  |- loss_rot: 0.02864
  |- loss_pos: 0.13807
  |- fk_loss: 0.60570
  |- smoothness_loss: 0.29413
Val Loss Components:
  |- loss_rot: 0.03313
  |- loss_pos: 0.54442
  |- fk_loss: 1.10895
  |- smoothness_loss: 0.16174
LR: 6.250e-06
Hole frames in this epoch: [4, 16]

Epoch 287 | Train Loss: 0.11879 | Val Loss: 0.35800
Train Loss Components:
  |- loss_rot: 0.02313
  |- loss_pos: 0.12316
  |- fk_loss: 0.47430
  |- smoothness_loss: 0.24544
Val Loss Components:
  |- loss_rot: 0.03310
  |- loss_pos: 0.54732
  |- fk_loss: 1.11112
  |- smoothness_loss: 0.16093
LR: 6.250e-06
Hole frames in this epoch: [4, 16]

Epoch 288 | Train Loss: 0.11645 | Val Loss: 0.35783
Train Loss Components:
  |- loss_rot: 0.01404
  |- loss_pos: 0.08609
  |- fk_loss: 0.30444
  |- smoothness_loss: 0.15871
Val Loss Components:
  |- loss_rot: 0.03312
  |- loss_pos: 0.54990
  |- fk_loss: 1.11601
  |- smoothness_loss: 0.16078
LR: 6.250e-06
Hole frames in this epoch: [4, 16]

Epoch 289 | Train Loss: 0.11551 | Val Loss: 0.35827
Train Loss Components:
  |- loss_rot: 0.01624
  |- loss_pos: 0.09457
  |- fk_loss: 0.35732
  |- smoothness_loss: 0.14778
Val Loss Components:
  |- loss_rot: 0.03316
  |- loss_pos: 0.55022
  |- fk_loss: 1.11709
  |- smoothness_loss: 0.16151
LR: 6.250e-06
Hole frames in this epoch: [4, 16]

Epoch 290 | Train Loss: 0.11973 | Val Loss: 0.35793
Train Loss Components:
  |- loss_rot: 0.03218
  |- loss_pos: 0.16367
  |- fk_loss: 0.72065
  |- smoothness_loss: 0.37713
Val Loss Components:
  |- loss_rot: 0.03311
  |- loss_pos: 0.54918
  |- fk_loss: 1.11688
  |- smoothness_loss: 0.16150
LR: 6.250e-06
Hole frames in this epoch: [4, 16]

Epoch 291 | Train Loss: 0.11696 | Val Loss: 0.35831
Train Loss Components:
  |- loss_rot: 0.03495
  |- loss_pos: 0.19792
  |- fk_loss: 0.83215
  |- smoothness_loss: 0.35647
Val Loss Components:
  |- loss_rot: 0.03308
  |- loss_pos: 0.54999
  |- fk_loss: 1.11449
  |- smoothness_loss: 0.16140
LR: 6.250e-06
Hole frames in this epoch: [4, 16]

Epoch 292 | Train Loss: 0.12003 | Val Loss: 0.35836
Train Loss Components:
  |- loss_rot: 0.01682
  |- loss_pos: 0.09387
  |- fk_loss: 0.36288
  |- smoothness_loss: 0.13774
Val Loss Components:
  |- loss_rot: 0.03314
  |- loss_pos: 0.54846
  |- fk_loss: 1.11263
  |- smoothness_loss: 0.16274
LR: 6.250e-06
Hole frames in this epoch: [4, 16]

Epoch 293 | Train Loss: 0.12027 | Val Loss: 0.35797
Train Loss Components:
  |- loss_rot: 0.01293
  |- loss_pos: 0.08358
  |- fk_loss: 0.28378
  |- smoothness_loss: 0.11107
Val Loss Components:
  |- loss_rot: 0.03311
  |- loss_pos: 0.55271
  |- fk_loss: 1.11605
  |- smoothness_loss: 0.16207
LR: 6.250e-06
Hole frames in this epoch: [4, 16]

Epoch 294 | Train Loss: 0.12039 | Val Loss: 0.35781
Train Loss Components:
  |- loss_rot: 0.03621
  |- loss_pos: 0.19447
  |- fk_loss: 0.83735
  |- smoothness_loss: 0.36696
Val Loss Components:
  |- loss_rot: 0.03313
  |- loss_pos: 0.55106
  |- fk_loss: 1.11449
  |- smoothness_loss: 0.16246
LR: 6.250e-06
Hole frames in this epoch: [4, 16]

Epoch 295 | Train Loss: 0.11816 | Val Loss: 0.35737
Train Loss Components:
  |- loss_rot: 0.03412
  |- loss_pos: 0.17086
  |- fk_loss: 0.76830
  |- smoothness_loss: 0.37597
Val Loss Components:
  |- loss_rot: 0.03313
  |- loss_pos: 0.54627
  |- fk_loss: 1.11320
  |- smoothness_loss: 0.16228
LR: 3.125e-06
Hole frames in this epoch: [4, 16]

Epoch 296 | Train Loss: 0.11769 | Val Loss: 0.35741
Train Loss Components:
  |- loss_rot: 0.03143
  |- loss_pos: 0.15129
  |- fk_loss: 0.64829
  |- smoothness_loss: 0.30885
Val Loss Components:
  |- loss_rot: 0.03312
  |- loss_pos: 0.54933
  |- fk_loss: 1.11185
  |- smoothness_loss: 0.16273
LR: 3.125e-06
Hole frames in this epoch: [4, 16]

Epoch 297 | Train Loss: 0.11542 | Val Loss: 0.35738
Train Loss Components:
  |- loss_rot: 0.01239
  |- loss_pos: 0.08076
  |- fk_loss: 0.27135
  |- smoothness_loss: 0.12641
Val Loss Components:
  |- loss_rot: 0.03312
  |- loss_pos: 0.54614
  |- fk_loss: 1.10969
  |- smoothness_loss: 0.16141
LR: 3.125e-06
Hole frames in this epoch: [4, 16]

Epoch 298 | Train Loss: 0.12113 | Val Loss: 0.35702
Train Loss Components:
  |- loss_rot: 0.01377
  |- loss_pos: 0.08387
  |- fk_loss: 0.29138
  |- smoothness_loss: 0.13232
Val Loss Components:
  |- loss_rot: 0.03313
  |- loss_pos: 0.54527
  |- fk_loss: 1.10819
  |- smoothness_loss: 0.16192
LR: 3.125e-06
Hole frames in this epoch: [4, 16]

Epoch 299 | Train Loss: 0.11640 | Val Loss: 0.35743
Train Loss Components:
  |- loss_rot: 0.03020
  |- loss_pos: 0.14721
  |- fk_loss: 0.63574
  |- smoothness_loss: 0.29755
Val Loss Components:
  |- loss_rot: 0.03311
  |- loss_pos: 0.54756
  |- fk_loss: 1.11004
  |- smoothness_loss: 0.16196
LR: 3.125e-06
Hole frames in this epoch: [4, 16]

Epoch 300 | Train Loss: 0.11844 | Val Loss: 0.35724
Train Loss Components:
  |- loss_rot: 0.01543
  |- loss_pos: 0.08656
  |- fk_loss: 0.32129
  |- smoothness_loss: 0.13670
Val Loss Components:
  |- loss_rot: 0.03313
  |- loss_pos: 0.54637
  |- fk_loss: 1.10987
  |- smoothness_loss: 0.16163
LR: 3.125e-06
Hole frames in this epoch: [4, 16]

Epoch 301 | Train Loss: 0.11474 | Val Loss: 0.35740
Train Loss Components:
  |- loss_rot: 0.01399
  |- loss_pos: 0.08159
  |- fk_loss: 0.30163
  |- smoothness_loss: 0.17335
Val Loss Components:
  |- loss_rot: 0.03313
  |- loss_pos: 0.55279
  |- fk_loss: 1.11315
  |- smoothness_loss: 0.16089
LR: 3.125e-06
Hole frames in this epoch: [4, 16]

Epoch 302 | Train Loss: 0.11964 | Val Loss: 0.35737
Train Loss Components:
  |- loss_rot: 0.02147
  |- loss_pos: 0.10586
  |- fk_loss: 0.46815
  |- smoothness_loss: 0.23627
Val Loss Components:
  |- loss_rot: 0.03310
  |- loss_pos: 0.54765
  |- fk_loss: 1.10925
  |- smoothness_loss: 0.16095
LR: 3.125e-06
Hole frames in this epoch: [4, 16]

Epoch 303 | Train Loss: 0.12004 | Val Loss: 0.35731
Train Loss Components:
  |- loss_rot: 0.02636
  |- loss_pos: 0.13320
  |- fk_loss: 0.54464
  |- smoothness_loss: 0.27683
Val Loss Components:
  |- loss_rot: 0.03312
  |- loss_pos: 0.54668
  |- fk_loss: 1.11215
  |- smoothness_loss: 0.16204
LR: 3.125e-06
Hole frames in this epoch: [4, 16]

Epoch 304 | Train Loss: 0.11838 | Val Loss: 0.35719
Train Loss Components:
  |- loss_rot: 0.03140
  |- loss_pos: 0.16333
  |- fk_loss: 0.70860
  |- smoothness_loss: 0.35899
Val Loss Components:
  |- loss_rot: 0.03309
  |- loss_pos: 0.54963
  |- fk_loss: 1.11060
  |- smoothness_loss: 0.16117
LR: 3.125e-06
Hole frames in this epoch: [4, 16]

Epoch 305 | Train Loss: 0.11486 | Val Loss: 0.35706
Train Loss Components:
  |- loss_rot: 0.03305
  |- loss_pos: 0.18059
  |- fk_loss: 0.74526
  |- smoothness_loss: 0.37652
Val Loss Components:
  |- loss_rot: 0.03311
  |- loss_pos: 0.54784
  |- fk_loss: 1.10831
  |- smoothness_loss: 0.16183
LR: 1.563e-06
Hole frames in this epoch: [4, 16]

Epoch 306 | Train Loss: 0.12035 | Val Loss: 0.35696
Train Loss Components:
  |- loss_rot: 0.02378
  |- loss_pos: 0.11551
  |- fk_loss: 0.48780
  |- smoothness_loss: 0.24453
Val Loss Components:
  |- loss_rot: 0.03310
  |- loss_pos: 0.54788
  |- fk_loss: 1.10981
  |- smoothness_loss: 0.16140
LR: 1.563e-06
Hole frames in this epoch: [4, 16]

Epoch 307 | Train Loss: 0.11410 | Val Loss: 0.35693
Train Loss Components:
  |- loss_rot: 0.02169
  |- loss_pos: 0.10889
  |- fk_loss: 0.44535
  |- smoothness_loss: 0.23187
Val Loss Components:
  |- loss_rot: 0.03310
  |- loss_pos: 0.54738
  |- fk_loss: 1.10956
  |- smoothness_loss: 0.16176
LR: 1.563e-06
Hole frames in this epoch: [4, 16]

Epoch 308 | Train Loss: 0.11684 | Val Loss: 0.35709
Train Loss Components:
  |- loss_rot: 0.01447
  |- loss_pos: 0.08098
  |- fk_loss: 0.30481
  |- smoothness_loss: 0.15588
Val Loss Components:
  |- loss_rot: 0.03312
  |- loss_pos: 0.54675
  |- fk_loss: 1.10722
  |- smoothness_loss: 0.16226
LR: 1.563e-06
Hole frames in this epoch: [4, 16]

Epoch 309 | Train Loss: 0.11692 | Val Loss: 0.35708
Train Loss Components:
  |- loss_rot: 0.01439
  |- loss_pos: 0.08172
  |- fk_loss: 0.30976
  |- smoothness_loss: 0.14889
Val Loss Components:
  |- loss_rot: 0.03312
  |- loss_pos: 0.54679
  |- fk_loss: 1.10694
  |- smoothness_loss: 0.16165
LR: 1.563e-06
Hole frames in this epoch: [4, 16]

Epoch 310 | Train Loss: 0.11635 | Val Loss: 0.35696
Train Loss Components:
  |- loss_rot: 0.03020
  |- loss_pos: 0.13796
  |- fk_loss: 0.60553
  |- smoothness_loss: 0.31536
Val Loss Components:
  |- loss_rot: 0.03312
  |- loss_pos: 0.54849
  |- fk_loss: 1.10838
  |- smoothness_loss: 0.16207
LR: 1.563e-06
Hole frames in this epoch: [4, 16]

Epoch 311 | Train Loss: 0.11606 | Val Loss: 0.35689
Train Loss Components:
  |- loss_rot: 0.02067
  |- loss_pos: 0.09746
  |- fk_loss: 0.41988
  |- smoothness_loss: 0.19949
Val Loss Components:
  |- loss_rot: 0.03311
  |- loss_pos: 0.54637
  |- fk_loss: 1.10808
  |- smoothness_loss: 0.16159
LR: 1.563e-06
Hole frames in this epoch: [4, 16]

Epoch 312 | Train Loss: 0.11426 | Val Loss: 0.35696
Train Loss Components:
  |- loss_rot: 0.02196
  |- loss_pos: 0.10794
  |- fk_loss: 0.47410
  |- smoothness_loss: 0.24213
Val Loss Components:
  |- loss_rot: 0.03310
  |- loss_pos: 0.54801
  |- fk_loss: 1.10732
  |- smoothness_loss: 0.16186
LR: 1.563e-06
Hole frames in this epoch: [4, 16]

Epoch 313 | Train Loss: 0.11620 | Val Loss: 0.35682
Train Loss Components:
  |- loss_rot: 0.01706
  |- loss_pos: 0.09172
  |- fk_loss: 0.35537
  |- smoothness_loss: 0.17652
Val Loss Components:
  |- loss_rot: 0.03312
  |- loss_pos: 0.54539
  |- fk_loss: 1.10809
  |- smoothness_loss: 0.16180
LR: 1.563e-06
Hole frames in this epoch: [4, 16]

Epoch 314 | Train Loss: 0.11624 | Val Loss: 0.35685
Train Loss Components:
  |- loss_rot: 0.02093
  |- loss_pos: 0.10554
  |- fk_loss: 0.43033
  |- smoothness_loss: 0.19301
Val Loss Components:
  |- loss_rot: 0.03313
  |- loss_pos: 0.54551
  |- fk_loss: 1.10861
  |- smoothness_loss: 0.16125
LR: 1.563e-06
Hole frames in this epoch: [4, 16]

Epoch 315 | Train Loss: 0.11878 | Val Loss: 0.35680
Train Loss Components:
  |- loss_rot: 0.03238
  |- loss_pos: 0.16286
  |- fk_loss: 0.71722
  |- smoothness_loss: 0.33546
Val Loss Components:
  |- loss_rot: 0.03310
  |- loss_pos: 0.54363
  |- fk_loss: 1.10674
  |- smoothness_loss: 0.16155
LR: 1.563e-06
Hole frames in this epoch: [4, 16]

Epoch 316 | Train Loss: 0.11443 | Val Loss: 0.35671
Train Loss Components:
  |- loss_rot: 0.01919
  |- loss_pos: 0.09397
  |- fk_loss: 0.39652
  |- smoothness_loss: 0.17400
Val Loss Components:
  |- loss_rot: 0.03310
  |- loss_pos: 0.54548
  |- fk_loss: 1.10748
  |- smoothness_loss: 0.16201
LR: 1.563e-06
Hole frames in this epoch: [4, 16]

Epoch 317 | Train Loss: 0.11418 | Val Loss: 0.35681
Train Loss Components:
  |- loss_rot: 0.03335
  |- loss_pos: 0.17868
  |- fk_loss: 0.76979
  |- smoothness_loss: 0.33877
Val Loss Components:
  |- loss_rot: 0.03311
  |- loss_pos: 0.54363
  |- fk_loss: 1.10417
  |- smoothness_loss: 0.16233
LR: 1.563e-06
Hole frames in this epoch: [4, 16]

Epoch 318 | Train Loss: 0.11358 | Val Loss: 0.35691
Train Loss Components:
  |- loss_rot: 0.02229
  |- loss_pos: 0.11350
  |- fk_loss: 0.46290
  |- smoothness_loss: 0.21325
Val Loss Components:
  |- loss_rot: 0.03313
  |- loss_pos: 0.54784
  |- fk_loss: 1.10868
  |- smoothness_loss: 0.16177
LR: 1.563e-06
Hole frames in this epoch: [4, 16]

Epoch 319 | Train Loss: 0.11896 | Val Loss: 0.35692
Train Loss Components:
  |- loss_rot: 0.01870
  |- loss_pos: 0.09535
  |- fk_loss: 0.39677
  |- smoothness_loss: 0.16459
Val Loss Components:
  |- loss_rot: 0.03313
  |- loss_pos: 0.54697
  |- fk_loss: 1.10879
  |- smoothness_loss: 0.16193
LR: 1.563e-06
Hole frames in this epoch: [4, 16]

Epoch 320 | Train Loss: 0.11703 | Val Loss: 0.35677
Train Loss Components:
  |- loss_rot: 0.02450
  |- loss_pos: 0.12230
  |- fk_loss: 0.50519
  |- smoothness_loss: 0.24516
Val Loss Components:
  |- loss_rot: 0.03311
  |- loss_pos: 0.54584
  |- fk_loss: 1.10919
  |- smoothness_loss: 0.16137
LR: 1.563e-06
Hole frames in this epoch: [4, 16]

Epoch 321 | Train Loss: 0.11529 | Val Loss: 0.35668
Train Loss Components:
  |- loss_rot: 0.02716
  |- loss_pos: 0.12959
  |- fk_loss: 0.53887
  |- smoothness_loss: 0.27731
Val Loss Components:
  |- loss_rot: 0.03310
  |- loss_pos: 0.54530
  |- fk_loss: 1.10786
  |- smoothness_loss: 0.16149
LR: 1.563e-06
Hole frames in this epoch: [4, 16]

Epoch 322 | Train Loss: 0.11786 | Val Loss: 0.35687
Train Loss Components:
  |- loss_rot: 0.01532
  |- loss_pos: 0.08805
  |- fk_loss: 0.34092
  |- smoothness_loss: 0.13797
Val Loss Components:
  |- loss_rot: 0.03312
  |- loss_pos: 0.54613
  |- fk_loss: 1.10813
  |- smoothness_loss: 0.16106
LR: 1.563e-06
Hole frames in this epoch: [4, 16]

Epoch 323 | Train Loss: 0.11335 | Val Loss: 0.35666
Train Loss Components:
  |- loss_rot: 0.01072
  |- loss_pos: 0.07085
  |- fk_loss: 0.22317
  |- smoothness_loss: 0.08739
Val Loss Components:
  |- loss_rot: 0.03313
  |- loss_pos: 0.54476
  |- fk_loss: 1.10746
  |- smoothness_loss: 0.16158
LR: 7.813e-07
Hole frames in this epoch: [4, 16]

Epoch 324 | Train Loss: 0.11676 | Val Loss: 0.35659
Train Loss Components:
  |- loss_rot: 0.03078
  |- loss_pos: 0.15146
  |- fk_loss: 0.66065
  |- smoothness_loss: 0.31806
Val Loss Components:
  |- loss_rot: 0.03312
  |- loss_pos: 0.54433
  |- fk_loss: 1.10707
  |- smoothness_loss: 0.16194
LR: 7.813e-07
Hole frames in this epoch: [4, 16]

Epoch 325 | Train Loss: 0.11517 | Val Loss: 0.35676
Train Loss Components:
  |- loss_rot: 0.02723
  |- loss_pos: 0.12704
  |- fk_loss: 0.54268
  |- smoothness_loss: 0.29455
Val Loss Components:
  |- loss_rot: 0.03311
  |- loss_pos: 0.54528
  |- fk_loss: 1.10636
  |- smoothness_loss: 0.16152
LR: 7.813e-07
Hole frames in this epoch: [4, 16]

Epoch 326 | Train Loss: 0.11465 | Val Loss: 0.35655
Train Loss Components:
  |- loss_rot: 0.01443
  |- loss_pos: 0.08016
  |- fk_loss: 0.31344
  |- smoothness_loss: 0.18083
Val Loss Components:
  |- loss_rot: 0.03312
  |- loss_pos: 0.54455
  |- fk_loss: 1.10641
  |- smoothness_loss: 0.16155
LR: 7.813e-07
Hole frames in this epoch: [4, 16]

Epoch 327 | Train Loss: 0.11892 | Val Loss: 0.35654
Train Loss Components:
  |- loss_rot: 0.01047
  |- loss_pos: 0.07762
  |- fk_loss: 0.24376
  |- smoothness_loss: 0.10607
Val Loss Components:
  |- loss_rot: 0.03312
  |- loss_pos: 0.54447
  |- fk_loss: 1.10632
  |- smoothness_loss: 0.16145
LR: 7.813e-07
Hole frames in this epoch: [4, 16]

Epoch 328 | Train Loss: 0.11736 | Val Loss: 0.35657
Train Loss Components:
  |- loss_rot: 0.01051
  |- loss_pos: 0.06986
  |- fk_loss: 0.23540
  |- smoothness_loss: 0.09131
Val Loss Components:
  |- loss_rot: 0.03312
  |- loss_pos: 0.54468
  |- fk_loss: 1.10513
  |- smoothness_loss: 0.16137
LR: 7.813e-07
Hole frames in this epoch: [4, 16]

Epoch 329 | Train Loss: 0.11299 | Val Loss: 0.35654
Train Loss Components:
  |- loss_rot: 0.02185
  |- loss_pos: 0.11650
  |- fk_loss: 0.44812
  |- smoothness_loss: 0.23871
Val Loss Components:
  |- loss_rot: 0.03312
  |- loss_pos: 0.54370
  |- fk_loss: 1.10589
  |- smoothness_loss: 0.16197
LR: 7.813e-07
Hole frames in this epoch: [4, 16]

Epoch 330 | Train Loss: 0.11485 | Val Loss: 0.35650
Train Loss Components:
  |- loss_rot: 0.01316
  |- loss_pos: 0.07761
  |- fk_loss: 0.28449
  |- smoothness_loss: 0.14751
Val Loss Components:
  |- loss_rot: 0.03312
  |- loss_pos: 0.54394
  |- fk_loss: 1.10577
  |- smoothness_loss: 0.16125
LR: 7.813e-07
Hole frames in this epoch: [4, 16]

Epoch 331 | Train Loss: 0.11861 | Val Loss: 0.35652
Train Loss Components:
  |- loss_rot: 0.01360
  |- loss_pos: 0.07624
  |- fk_loss: 0.28132
  |- smoothness_loss: 0.11782
Val Loss Components:
  |- loss_rot: 0.03312
  |- loss_pos: 0.54522
  |- fk_loss: 1.10679
  |- smoothness_loss: 0.16200
LR: 7.813e-07
Hole frames in this epoch: [4, 16]

Epoch 332 | Train Loss: 0.11627 | Val Loss: 0.35662
Train Loss Components:
  |- loss_rot: 0.02084
  |- loss_pos: 0.10098
  |- fk_loss: 0.42024
  |- smoothness_loss: 0.20470
Val Loss Components:
  |- loss_rot: 0.03313
  |- loss_pos: 0.54450
  |- fk_loss: 1.10579
  |- smoothness_loss: 0.16092
LR: 7.813e-07
Hole frames in this epoch: [4, 16]

Epoch 333 | Train Loss: 0.11873 | Val Loss: 0.35654
Train Loss Components:
  |- loss_rot: 0.02753
  |- loss_pos: 0.13853
  |- fk_loss: 0.57810
  |- smoothness_loss: 0.27998
Val Loss Components:
  |- loss_rot: 0.03313
  |- loss_pos: 0.54485
  |- fk_loss: 1.10659
  |- smoothness_loss: 0.16121
LR: 7.813e-07
Hole frames in this epoch: [4, 16]

Epoch 334 | Train Loss: 0.11614 | Val Loss: 0.35659
Train Loss Components:
  |- loss_rot: 0.02628
  |- loss_pos: 0.12585
  |- fk_loss: 0.51697
  |- smoothness_loss: 0.22750
Val Loss Components:
  |- loss_rot: 0.03313
  |- loss_pos: 0.54583
  |- fk_loss: 1.10663
  |- smoothness_loss: 0.16179
LR: 7.813e-07
Hole frames in this epoch: [4, 16]

Epoch 335 | Train Loss: 0.11927 | Val Loss: 0.35653
Train Loss Components:
  |- loss_rot: 0.01752
  |- loss_pos: 0.09333
  |- fk_loss: 0.36190
  |- smoothness_loss: 0.16373
Val Loss Components:
  |- loss_rot: 0.03314
  |- loss_pos: 0.54596
  |- fk_loss: 1.10656
  |- smoothness_loss: 0.16198
LR: 7.813e-07
Hole frames in this epoch: [4, 16]

Epoch 336 | Train Loss: 0.11650 | Val Loss: 0.35646
Train Loss Components:
  |- loss_rot: 0.01415
  |- loss_pos: 0.08016
  |- fk_loss: 0.30661
  |- smoothness_loss: 0.14230
Val Loss Components:
  |- loss_rot: 0.03312
  |- loss_pos: 0.54543
  |- fk_loss: 1.10673
  |- smoothness_loss: 0.16172
LR: 7.813e-07
Hole frames in this epoch: [4, 16]

Epoch 337 | Train Loss: 0.11712 | Val Loss: 0.35657
Train Loss Components:
  |- loss_rot: 0.01573
  |- loss_pos: 0.08516
  |- fk_loss: 0.33805
  |- smoothness_loss: 0.16276
Val Loss Components:
  |- loss_rot: 0.03312
  |- loss_pos: 0.54543
  |- fk_loss: 1.10453
  |- smoothness_loss: 0.16187
LR: 7.813e-07
Hole frames in this epoch: [4, 16]

Epoch 338 | Train Loss: 0.11459 | Val Loss: 0.35639
Train Loss Components:
  |- loss_rot: 0.02698
  |- loss_pos: 0.12660
  |- fk_loss: 0.54887
  |- smoothness_loss: 0.28260
Val Loss Components:
  |- loss_rot: 0.03313
  |- loss_pos: 0.54510
  |- fk_loss: 1.10585
  |- smoothness_loss: 0.16192
LR: 7.813e-07
Hole frames in this epoch: [4, 16]

Epoch 339 | Train Loss: 0.11269 | Val Loss: 0.35641
Train Loss Components:
  |- loss_rot: 0.03389
  |- loss_pos: 0.18931
  |- fk_loss: 0.74625
  |- smoothness_loss: 0.34696
Val Loss Components:
  |- loss_rot: 0.03311
  |- loss_pos: 0.54573
  |- fk_loss: 1.10596
  |- smoothness_loss: 0.16114
LR: 7.813e-07
Hole frames in this epoch: [4, 16]

Epoch 340 | Train Loss: 0.12025 | Val Loss: 0.35641
Train Loss Components:
  |- loss_rot: 0.02581
  |- loss_pos: 0.11407
  |- fk_loss: 0.53122
  |- smoothness_loss: 0.24800
Val Loss Components:
  |- loss_rot: 0.03312
  |- loss_pos: 0.54502
  |- fk_loss: 1.10546
  |- smoothness_loss: 0.16169
LR: 7.813e-07
Hole frames in this epoch: [4, 16]

Epoch 341 | Train Loss: 0.11251 | Val Loss: 0.35636
Train Loss Components:
  |- loss_rot: 0.01056
  |- loss_pos: 0.07110
  |- fk_loss: 0.23936
  |- smoothness_loss: 0.08887
Val Loss Components:
  |- loss_rot: 0.03310
  |- loss_pos: 0.54564
  |- fk_loss: 1.10579
  |- smoothness_loss: 0.16140
LR: 7.813e-07
Hole frames in this epoch: [4, 16]

Epoch 342 | Train Loss: 0.11642 | Val Loss: 0.35653
Train Loss Components:
  |- loss_rot: 0.01930
  |- loss_pos: 0.09697
  |- fk_loss: 0.40068
  |- smoothness_loss: 0.18841
Val Loss Components:
  |- loss_rot: 0.03312
  |- loss_pos: 0.54576
  |- fk_loss: 1.10654
  |- smoothness_loss: 0.16204
LR: 7.813e-07
Hole frames in this epoch: [4, 16]

Epoch 343 | Train Loss: 0.11463 | Val Loss: 0.35649
Train Loss Components:
  |- loss_rot: 0.01444
  |- loss_pos: 0.07784
  |- fk_loss: 0.29620
  |- smoothness_loss: 0.12536
Val Loss Components:
  |- loss_rot: 0.03312
  |- loss_pos: 0.54584
  |- fk_loss: 1.10564
  |- smoothness_loss: 0.16222
LR: 7.813e-07
Hole frames in this epoch: [4, 16]

Epoch 344 | Train Loss: 0.11650 | Val Loss: 0.35647
Train Loss Components:
  |- loss_rot: 0.01340
  |- loss_pos: 0.07825
  |- fk_loss: 0.28250
  |- smoothness_loss: 0.11114
Val Loss Components:
  |- loss_rot: 0.03311
  |- loss_pos: 0.54412
  |- fk_loss: 1.10529
  |- smoothness_loss: 0.16190
LR: 7.813e-07
Hole frames in this epoch: [4, 16]

Epoch 345 | Train Loss: 0.11658 | Val Loss: 0.35643
Train Loss Components:
  |- loss_rot: 0.01722
  |- loss_pos: 0.09817
  |- fk_loss: 0.36289
  |- smoothness_loss: 0.20660
Val Loss Components:
  |- loss_rot: 0.03311
  |- loss_pos: 0.54473
  |- fk_loss: 1.10564
  |- smoothness_loss: 0.16167
LR: 3.906e-07
Hole frames in this epoch: [4, 16]

Epoch 346 | Train Loss: 0.11648 | Val Loss: 0.35643
Train Loss Components:
  |- loss_rot: 0.03679
  |- loss_pos: 0.21115
  |- fk_loss: 0.87173
  |- smoothness_loss: 0.43784
Val Loss Components:
  |- loss_rot: 0.03310
  |- loss_pos: 0.54370
  |- fk_loss: 1.10366
  |- smoothness_loss: 0.16178
LR: 3.906e-07
Hole frames in this epoch: [4, 16]

Epoch 347 | Train Loss: 0.11536 | Val Loss: 0.35643
Train Loss Components:
  |- loss_rot: 0.02921
  |- loss_pos: 0.14707
  |- fk_loss: 0.60567
  |- smoothness_loss: 0.29223
Val Loss Components:
  |- loss_rot: 0.03311
  |- loss_pos: 0.54475
  |- fk_loss: 1.10524
  |- smoothness_loss: 0.16136
LR: 3.906e-07
Hole frames in this epoch: [4, 16]

Epoch 348 | Train Loss: 0.11481 | Val Loss: 0.35643
Train Loss Components:
  |- loss_rot: 0.01652
  |- loss_pos: 0.09134
  |- fk_loss: 0.34924
  |- smoothness_loss: 0.17618
Val Loss Components:
  |- loss_rot: 0.03311
  |- loss_pos: 0.54512
  |- fk_loss: 1.10551
  |- smoothness_loss: 0.16181
LR: 3.906e-07
Hole frames in this epoch: [4, 16]

Epoch 349 | Train Loss: 0.11451 | Val Loss: 0.35645
Train Loss Components:
  |- loss_rot: 0.00976
  |- loss_pos: 0.06987
  |- fk_loss: 0.21163
  |- smoothness_loss: 0.08595
Val Loss Components:
  |- loss_rot: 0.03311
  |- loss_pos: 0.54448
  |- fk_loss: 1.10540
  |- smoothness_loss: 0.16213
LR: 3.906e-07
Hole frames in this epoch: [4, 16]

Training time: 11042.94 s