Epoch 1 | Train Loss: 1.15957 | Val Loss: 1.01775
Train Loss Components:
  |- loss_rot: 0.07412
  |- loss_pos: 1.76186
  |- fk_loss: 3.11891
  |- smoothness_loss: 0.30385
Val Loss Components:
  |- loss_rot: 0.07369
  |- loss_pos: 2.14228
  |- fk_loss: 3.60327
  |- smoothness_loss: 0.01002
LR: 1.000e-04
Hole frames in this epoch: [15, 15]

Epoch 2 | Train Loss: 1.00703 | Val Loss: 0.93318
Train Loss Components:
  |- loss_rot: 0.06222
  |- loss_pos: 1.55462
  |- fk_loss: 2.92948
  |- smoothness_loss: 0.26153
Val Loss Components:
  |- loss_rot: 0.06471
  |- loss_pos: 1.88395
  |- fk_loss: 3.31957
  |- smoothness_loss: 0.02653
LR: 1.000e-04
Hole frames in this epoch: [15, 15]

Epoch 3 | Train Loss: 0.91789 | Val Loss: 0.88139
Train Loss Components:
  |- loss_rot: 0.05730
  |- loss_pos: 1.46165
  |- fk_loss: 2.67382
  |- smoothness_loss: 0.18766
Val Loss Components:
  |- loss_rot: 0.05931
  |- loss_pos: 1.76666
  |- fk_loss: 3.20636
  |- smoothness_loss: 0.02459
LR: 1.000e-04
Hole frames in this epoch: [15, 15]

Epoch 4 | Train Loss: 0.88459 | Val Loss: 0.87275
Train Loss Components:
  |- loss_rot: 0.04770
  |- loss_pos: 1.55189
  |- fk_loss: 2.89444
  |- smoothness_loss: 0.14589
Val Loss Components:
  |- loss_rot: 0.05060
  |- loss_pos: 1.76648
  |- fk_loss: 3.15266
  |- smoothness_loss: 0.02227
LR: 1.000e-04
Hole frames in this epoch: [15, 15]

Epoch 5 | Train Loss: 0.87065 | Val Loss: 0.85323
Train Loss Components:
  |- loss_rot: 0.05032
  |- loss_pos: 1.65198
  |- fk_loss: 3.14066
  |- smoothness_loss: 0.14765
Val Loss Components:
  |- loss_rot: 0.04885
  |- loss_pos: 1.74916
  |- fk_loss: 3.13601
  |- smoothness_loss: 0.02329
LR: 1.000e-04
Hole frames in this epoch: [15, 15]

Epoch 6 | Train Loss: 0.86133 | Val Loss: 0.85148
Train Loss Components:
  |- loss_rot: 0.04661
  |- loss_pos: 1.72276
  |- fk_loss: 3.07259
  |- smoothness_loss: 0.11519
Val Loss Components:
  |- loss_rot: 0.04797
  |- loss_pos: 1.72499
  |- fk_loss: 3.15122
  |- smoothness_loss: 0.02104
LR: 1.000e-04
Hole frames in this epoch: [15, 15]

Epoch 7 | Train Loss: 0.85269 | Val Loss: 0.83753
Train Loss Components:
  |- loss_rot: 0.04795
  |- loss_pos: 1.62141
  |- fk_loss: 3.02333
  |- smoothness_loss: 0.11861
Val Loss Components:
  |- loss_rot: 0.04782
  |- loss_pos: 1.71496
  |- fk_loss: 3.11261
  |- smoothness_loss: 0.02507
LR: 1.000e-04
Hole frames in this epoch: [15, 15]

Epoch 8 | Train Loss: 0.84390 | Val Loss: 0.83006
Train Loss Components:
  |- loss_rot: 0.04872
  |- loss_pos: 1.65239
  |- fk_loss: 3.09756
  |- smoothness_loss: 0.12021
Val Loss Components:
  |- loss_rot: 0.04768
  |- loss_pos: 1.68589
  |- fk_loss: 3.08362
  |- smoothness_loss: 0.02481
LR: 1.000e-04
Hole frames in this epoch: [15, 15]

Epoch 9 | Train Loss: 0.81938 | Val Loss: 0.79247
Train Loss Components:
  |- loss_rot: 0.04739
  |- loss_pos: 1.54267
  |- fk_loss: 2.82546
  |- smoothness_loss: 0.13818
Val Loss Components:
  |- loss_rot: 0.04832
  |- loss_pos: 1.61561
  |- fk_loss: 2.97045
  |- smoothness_loss: 0.03384
LR: 1.000e-04
Hole frames in this epoch: [15, 15]

Epoch 10 | Train Loss: 0.78155 | Val Loss: 0.74664
Train Loss Components:
  |- loss_rot: 0.04895
  |- loss_pos: 1.37016
  |- fk_loss: 2.74649
  |- smoothness_loss: 0.15560
Val Loss Components:
  |- loss_rot: 0.04839
  |- loss_pos: 1.49485
  |- fk_loss: 2.84705
  |- smoothness_loss: 0.04639
LR: 1.000e-04
Hole frames in this epoch: [15, 15]

Epoch 11 | Train Loss: 0.74776 | Val Loss: 0.72277
Train Loss Components:
  |- loss_rot: 0.04814
  |- loss_pos: 1.38448
  |- fk_loss: 2.67410
  |- smoothness_loss: 0.20363
Val Loss Components:
  |- loss_rot: 0.04814
  |- loss_pos: 1.46798
  |- fk_loss: 2.75935
  |- smoothness_loss: 0.06194
LR: 1.000e-04
Hole frames in this epoch: [15, 15]

Epoch 12 | Train Loss: 0.72301 | Val Loss: 0.70052
Train Loss Components:
  |- loss_rot: 0.04758
  |- loss_pos: 1.41894
  |- fk_loss: 2.58349
  |- smoothness_loss: 0.20090
Val Loss Components:
  |- loss_rot: 0.04848
  |- loss_pos: 1.41854
  |- fk_loss: 2.68643
  |- smoothness_loss: 0.08062
LR: 1.000e-04
Hole frames in this epoch: [15, 15]

Epoch 13 | Train Loss: 0.70508 | Val Loss: 0.67528
Train Loss Components:
  |- loss_rot: 0.04801
  |- loss_pos: 1.14168
  |- fk_loss: 2.23776
  |- smoothness_loss: 0.23530
Val Loss Components:
  |- loss_rot: 0.04769
  |- loss_pos: 1.34670
  |- fk_loss: 2.58950
  |- smoothness_loss: 0.07477
LR: 1.000e-04
Hole frames in this epoch: [15, 15]

Epoch 14 | Train Loss: 0.68529 | Val Loss: 0.66075
Train Loss Components:
  |- loss_rot: 0.04362
  |- loss_pos: 1.16154
  |- fk_loss: 2.26977
  |- smoothness_loss: 0.17926
Val Loss Components:
  |- loss_rot: 0.04738
  |- loss_pos: 1.35243
  |- fk_loss: 2.56624
  |- smoothness_loss: 0.07968
LR: 1.000e-04
Hole frames in this epoch: [15, 15]

Epoch 15 | Train Loss: 0.66896 | Val Loss: 0.65574
Train Loss Components:
  |- loss_rot: 0.04280
  |- loss_pos: 1.10119
  |- fk_loss: 2.18373
  |- smoothness_loss: 0.21518
Val Loss Components:
  |- loss_rot: 0.04755
  |- loss_pos: 1.32775
  |- fk_loss: 2.53204
  |- smoothness_loss: 0.09653
LR: 1.000e-04
Hole frames in this epoch: [15, 15]

Epoch 16 | Train Loss: 0.65407 | Val Loss: 0.63613
Train Loss Components:
  |- loss_rot: 0.04591
  |- loss_pos: 1.13610
  |- fk_loss: 2.23323
  |- smoothness_loss: 0.23235
Val Loss Components:
  |- loss_rot: 0.04700
  |- loss_pos: 1.26195
  |- fk_loss: 2.43092
  |- smoothness_loss: 0.09486
LR: 1.000e-04
Hole frames in this epoch: [15, 15]

Epoch 17 | Train Loss: 0.63889 | Val Loss: 0.63229
Train Loss Components:
  |- loss_rot: 0.04409
  |- loss_pos: 1.20777
  |- fk_loss: 2.31941
  |- smoothness_loss: 0.23820
Val Loss Components:
  |- loss_rot: 0.04683
  |- loss_pos: 1.33950
  |- fk_loss: 2.47250
  |- smoothness_loss: 0.09901
LR: 1.000e-04
Hole frames in this epoch: [15, 15]

Epoch 18 | Train Loss: 0.62274 | Val Loss: 0.62358
Train Loss Components:
  |- loss_rot: 0.04068
  |- loss_pos: 1.07496
  |- fk_loss: 2.02981
  |- smoothness_loss: 0.23887
Val Loss Components:
  |- loss_rot: 0.04653
  |- loss_pos: 1.26018
  |- fk_loss: 2.40047
  |- smoothness_loss: 0.10368
LR: 1.000e-04
Hole frames in this epoch: [15, 15]

Epoch 19 | Train Loss: 0.61282 | Val Loss: 0.60814
Train Loss Components:
  |- loss_rot: 0.04391
  |- loss_pos: 0.99125
  |- fk_loss: 2.08463
  |- smoothness_loss: 0.26008
Val Loss Components:
  |- loss_rot: 0.04633
  |- loss_pos: 1.19667
  |- fk_loss: 2.35182
  |- smoothness_loss: 0.10583
LR: 1.000e-04
Hole frames in this epoch: [15, 15]

Epoch 20 | Train Loss: 0.59908 | Val Loss: 0.59301
Train Loss Components:
  |- loss_rot: 0.04126
  |- loss_pos: 1.02071
  |- fk_loss: 2.10470
  |- smoothness_loss: 0.19074
Val Loss Components:
  |- loss_rot: 0.04600
  |- loss_pos: 1.17031
  |- fk_loss: 2.30773
  |- smoothness_loss: 0.09930
LR: 1.000e-04
Hole frames in this epoch: [15, 15]

Epoch 21 | Train Loss: 0.58566 | Val Loss: 0.59330
Train Loss Components:
  |- loss_rot: 0.03835
  |- loss_pos: 0.82966
  |- fk_loss: 1.77255
  |- smoothness_loss: 0.20881
Val Loss Components:
  |- loss_rot: 0.04548
  |- loss_pos: 1.14898
  |- fk_loss: 2.24544
  |- smoothness_loss: 0.11094
LR: 1.000e-04
Hole frames in this epoch: [15, 15]

Epoch 22 | Train Loss: 0.57372 | Val Loss: 0.58094
Train Loss Components:
  |- loss_rot: 0.04538
  |- loss_pos: 1.10529
  |- fk_loss: 2.17403
  |- smoothness_loss: 0.26745
Val Loss Components:
  |- loss_rot: 0.04525
  |- loss_pos: 1.09964
  |- fk_loss: 2.22311
  |- smoothness_loss: 0.12003
LR: 1.000e-04
Hole frames in this epoch: [15, 15]

Epoch 23 | Train Loss: 0.56261 | Val Loss: 0.57262
Train Loss Components:
  |- loss_rot: 0.04136
  |- loss_pos: 1.05605
  |- fk_loss: 2.05530
  |- smoothness_loss: 0.24297
Val Loss Components:
  |- loss_rot: 0.04492
  |- loss_pos: 1.11096
  |- fk_loss: 2.19058
  |- smoothness_loss: 0.11467
LR: 1.000e-04
Hole frames in this epoch: [15, 15]

Epoch 24 | Train Loss: 0.55115 | Val Loss: 0.56867
Train Loss Components:
  |- loss_rot: 0.03638
  |- loss_pos: 0.80815
  |- fk_loss: 1.64081
  |- smoothness_loss: 0.17912
Val Loss Components:
  |- loss_rot: 0.04443
  |- loss_pos: 1.07335
  |- fk_loss: 2.17077
  |- smoothness_loss: 0.11116
LR: 1.000e-04
Hole frames in this epoch: [15, 15]

Epoch 25 | Train Loss: 0.53963 | Val Loss: 0.56216
Train Loss Components:
  |- loss_rot: 0.04152
  |- loss_pos: 0.89446
  |- fk_loss: 1.86760
  |- smoothness_loss: 0.24917
Val Loss Components:
  |- loss_rot: 0.04439
  |- loss_pos: 1.04295
  |- fk_loss: 2.14176
  |- smoothness_loss: 0.11365
LR: 1.000e-04
Hole frames in this epoch: [15, 15]

Epoch 26 | Train Loss: 0.52747 | Val Loss: 0.55229
Train Loss Components:
  |- loss_rot: 0.04308
  |- loss_pos: 0.96723
  |- fk_loss: 2.04611
  |- smoothness_loss: 0.28537
Val Loss Components:
  |- loss_rot: 0.04438
  |- loss_pos: 1.08084
  |- fk_loss: 2.14421
  |- smoothness_loss: 0.11413
LR: 1.000e-04
Hole frames in this epoch: [15, 15]

Epoch 27 | Train Loss: 0.51803 | Val Loss: 0.55188
Train Loss Components:
  |- loss_rot: 0.03586
  |- loss_pos: 0.75098
  |- fk_loss: 1.59513
  |- smoothness_loss: 0.20541
Val Loss Components:
  |- loss_rot: 0.04390
  |- loss_pos: 1.02007
  |- fk_loss: 2.08617
  |- smoothness_loss: 0.11817
LR: 1.000e-04
Hole frames in this epoch: [15, 15]

Epoch 28 | Train Loss: 0.50601 | Val Loss: 0.55671
Train Loss Components:
  |- loss_rot: 0.04275
  |- loss_pos: 0.83809
  |- fk_loss: 1.88129
  |- smoothness_loss: 0.27726
Val Loss Components:
  |- loss_rot: 0.04410
  |- loss_pos: 1.03887
  |- fk_loss: 2.11789
  |- smoothness_loss: 0.11904
LR: 1.000e-04
Hole frames in this epoch: [15, 15]

Epoch 29 | Train Loss: 0.49570 | Val Loss: 0.53526
Train Loss Components:
  |- loss_rot: 0.03658
  |- loss_pos: 0.64866
  |- fk_loss: 1.46978
  |- smoothness_loss: 0.24937
Val Loss Components:
  |- loss_rot: 0.04358
  |- loss_pos: 0.97694
  |- fk_loss: 2.05247
  |- smoothness_loss: 0.12569
LR: 1.000e-04
Hole frames in this epoch: [15, 15]

Epoch 30 | Train Loss: 0.48637 | Val Loss: 0.53561
Train Loss Components:
  |- loss_rot: 0.03997
  |- loss_pos: 0.75613
  |- fk_loss: 1.68110
  |- smoothness_loss: 0.25163
Val Loss Components:
  |- loss_rot: 0.04368
  |- loss_pos: 0.97508
  |- fk_loss: 2.03364
  |- smoothness_loss: 0.13502
LR: 1.000e-04
Hole frames in this epoch: [15, 15]

Epoch 31 | Train Loss: 0.47593 | Val Loss: 0.52756
Train Loss Components:
  |- loss_rot: 0.03868
  |- loss_pos: 0.67480
  |- fk_loss: 1.55169
  |- smoothness_loss: 0.27741
Val Loss Components:
  |- loss_rot: 0.04409
  |- loss_pos: 0.95076
  |- fk_loss: 2.01247
  |- smoothness_loss: 0.12881
LR: 1.000e-04
Hole frames in this epoch: [15, 15]

Epoch 32 | Train Loss: 0.46767 | Val Loss: 0.51982
Train Loss Components:
  |- loss_rot: 0.03750
  |- loss_pos: 0.70319
  |- fk_loss: 1.51824
  |- smoothness_loss: 0.22477
Val Loss Components:
  |- loss_rot: 0.04367
  |- loss_pos: 0.96540
  |- fk_loss: 1.99004
  |- smoothness_loss: 0.12342
LR: 1.000e-04
Hole frames in this epoch: [15, 15]

Epoch 33 | Train Loss: 0.45713 | Val Loss: 0.51516
Train Loss Components:
  |- loss_rot: 0.03994
  |- loss_pos: 0.74677
  |- fk_loss: 1.74134
  |- smoothness_loss: 0.27401
Val Loss Components:
  |- loss_rot: 0.04332
  |- loss_pos: 0.94438
  |- fk_loss: 1.97252
  |- smoothness_loss: 0.13336
LR: 1.000e-04
Hole frames in this epoch: [15, 15]

Epoch 34 | Train Loss: 0.45025 | Val Loss: 0.51461
Train Loss Components:
  |- loss_rot: 0.04072
  |- loss_pos: 0.74418
  |- fk_loss: 1.70242
  |- smoothness_loss: 0.28587
Val Loss Components:
  |- loss_rot: 0.04326
  |- loss_pos: 0.96899
  |- fk_loss: 1.96600
  |- smoothness_loss: 0.12862
LR: 1.000e-04
Hole frames in this epoch: [15, 15]

Epoch 35 | Train Loss: 0.44084 | Val Loss: 0.51266
Train Loss Components:
  |- loss_rot: 0.03909
  |- loss_pos: 0.77125
  |- fk_loss: 1.66693
  |- smoothness_loss: 0.30299
Val Loss Components:
  |- loss_rot: 0.04324
  |- loss_pos: 0.95035
  |- fk_loss: 1.95948
  |- smoothness_loss: 0.12812
LR: 1.000e-04
Hole frames in this epoch: [15, 15]

Epoch 36 | Train Loss: 0.43254 | Val Loss: 0.51182
Train Loss Components:
  |- loss_rot: 0.03639
  |- loss_pos: 0.66676
  |- fk_loss: 1.61172
  |- smoothness_loss: 0.25066
Val Loss Components:
  |- loss_rot: 0.04310
  |- loss_pos: 0.91747
  |- fk_loss: 1.93197
  |- smoothness_loss: 0.12524
LR: 1.000e-04
Hole frames in this epoch: [15, 15]

Epoch 37 | Train Loss: 0.42505 | Val Loss: 0.50332
Train Loss Components:
  |- loss_rot: 0.03684
  |- loss_pos: 0.64255
  |- fk_loss: 1.53806
  |- smoothness_loss: 0.24171
Val Loss Components:
  |- loss_rot: 0.04273
  |- loss_pos: 0.95352
  |- fk_loss: 1.91379
  |- smoothness_loss: 0.12819
LR: 1.000e-04
Hole frames in this epoch: [15, 15]

Epoch 38 | Train Loss: 0.41750 | Val Loss: 0.49876
Train Loss Components:
  |- loss_rot: 0.03908
  |- loss_pos: 0.65291
  |- fk_loss: 1.61713
  |- smoothness_loss: 0.29080
Val Loss Components:
  |- loss_rot: 0.04270
  |- loss_pos: 0.92332
  |- fk_loss: 1.87405
  |- smoothness_loss: 0.13499
LR: 1.000e-04
Hole frames in this epoch: [15, 15]

Epoch 39 | Train Loss: 0.41027 | Val Loss: 0.49901
Train Loss Components:
  |- loss_rot: 0.04097
  |- loss_pos: 0.66511
  |- fk_loss: 1.60213
  |- smoothness_loss: 0.30470
Val Loss Components:
  |- loss_rot: 0.04232
  |- loss_pos: 0.90425
  |- fk_loss: 1.86849
  |- smoothness_loss: 0.12924
LR: 1.000e-04
Hole frames in this epoch: [15, 15]

Epoch 40 | Train Loss: 0.40199 | Val Loss: 0.49226
Train Loss Components:
  |- loss_rot: 0.03947
  |- loss_pos: 0.67847
  |- fk_loss: 1.60315
  |- smoothness_loss: 0.29592
Val Loss Components:
  |- loss_rot: 0.04242
  |- loss_pos: 0.85936
  |- fk_loss: 1.79423
  |- smoothness_loss: 0.14686
LR: 1.000e-04
Hole frames in this epoch: [15, 15]

Epoch 41 | Train Loss: 0.39735 | Val Loss: 0.49322
Train Loss Components:
  |- loss_rot: 0.03850
  |- loss_pos: 0.60876
  |- fk_loss: 1.56857
  |- smoothness_loss: 0.31162
Val Loss Components:
  |- loss_rot: 0.04234
  |- loss_pos: 0.88333
  |- fk_loss: 1.84452
  |- smoothness_loss: 0.14161
LR: 1.000e-04
Hole frames in this epoch: [15, 15]

Epoch 42 | Train Loss: 0.39185 | Val Loss: 0.48544
Train Loss Components:
  |- loss_rot: 0.03790
  |- loss_pos: 0.54359
  |- fk_loss: 1.44370
  |- smoothness_loss: 0.25482
Val Loss Components:
  |- loss_rot: 0.04247
  |- loss_pos: 0.86821
  |- fk_loss: 1.78755
  |- smoothness_loss: 0.14623
LR: 1.000e-04
Hole frames in this epoch: [15, 15]

Epoch 43 | Train Loss: 0.38537 | Val Loss: 0.48301
Train Loss Components:
  |- loss_rot: 0.03948
  |- loss_pos: 0.58123
  |- fk_loss: 1.45608
  |- smoothness_loss: 0.32503
Val Loss Components:
  |- loss_rot: 0.04183
  |- loss_pos: 0.85400
  |- fk_loss: 1.78259
  |- smoothness_loss: 0.14256
LR: 1.000e-04
Hole frames in this epoch: [15, 15]

Epoch 44 | Train Loss: 0.37908 | Val Loss: 0.48427
Train Loss Components:
  |- loss_rot: 0.03772
  |- loss_pos: 0.54804
  |- fk_loss: 1.38769
  |- smoothness_loss: 0.26545
Val Loss Components:
  |- loss_rot: 0.04196
  |- loss_pos: 0.84658
  |- fk_loss: 1.78773
  |- smoothness_loss: 0.13515
LR: 1.000e-04
Hole frames in this epoch: [15, 15]

Epoch 45 | Train Loss: 0.37323 | Val Loss: 0.48035
Train Loss Components:
  |- loss_rot: 0.03704
  |- loss_pos: 0.53795
  |- fk_loss: 1.39646
  |- smoothness_loss: 0.29668
Val Loss Components:
  |- loss_rot: 0.04195
  |- loss_pos: 0.85597
  |- fk_loss: 1.78629
  |- smoothness_loss: 0.14150
LR: 1.000e-04
Hole frames in this epoch: [15, 15]

Epoch 46 | Train Loss: 0.36754 | Val Loss: 0.47653
Train Loss Components:
  |- loss_rot: 0.03611
  |- loss_pos: 0.51638
  |- fk_loss: 1.31980
  |- smoothness_loss: 0.28037
Val Loss Components:
  |- loss_rot: 0.04189
  |- loss_pos: 0.83728
  |- fk_loss: 1.75049
  |- smoothness_loss: 0.13980
LR: 1.000e-04
Hole frames in this epoch: [15, 15]

Epoch 47 | Train Loss: 0.36233 | Val Loss: 0.47629
Train Loss Components:
  |- loss_rot: 0.03917
  |- loss_pos: 0.51282
  |- fk_loss: 1.40368
  |- smoothness_loss: 0.30663
Val Loss Components:
  |- loss_rot: 0.04171
  |- loss_pos: 0.89058
  |- fk_loss: 1.78189
  |- smoothness_loss: 0.14957
LR: 1.000e-04
Hole frames in this epoch: [15, 15]

Epoch 48 | Train Loss: 0.35778 | Val Loss: 0.47243
Train Loss Components:
  |- loss_rot: 0.03396
  |- loss_pos: 0.47226
  |- fk_loss: 1.23899
  |- smoothness_loss: 0.28382
Val Loss Components:
  |- loss_rot: 0.04161
  |- loss_pos: 0.83090
  |- fk_loss: 1.74995
  |- smoothness_loss: 0.15285
LR: 1.000e-04
Hole frames in this epoch: [15, 15]

Epoch 49 | Train Loss: 0.35413 | Val Loss: 0.47365
Train Loss Components:
  |- loss_rot: 0.03903
  |- loss_pos: 0.58240
  |- fk_loss: 1.46509
  |- smoothness_loss: 0.33112
Val Loss Components:
  |- loss_rot: 0.04162
  |- loss_pos: 0.86109
  |- fk_loss: 1.74565
  |- smoothness_loss: 0.14621
LR: 1.000e-04
Hole frames in this epoch: [15, 15]

Epoch 50 | Train Loss: 0.34968 | Val Loss: 0.47276
Train Loss Components:
  |- loss_rot: 0.03826
  |- loss_pos: 0.55871
  |- fk_loss: 1.43556
  |- smoothness_loss: 0.33546
Val Loss Components:
  |- loss_rot: 0.04122
  |- loss_pos: 0.85190
  |- fk_loss: 1.71816
  |- smoothness_loss: 0.14631
LR: 1.000e-04
Hole frames in this epoch: [15, 15]

Epoch 51 | Train Loss: 0.34532 | Val Loss: 0.46567
Train Loss Components:
  |- loss_rot: 0.03558
  |- loss_pos: 0.47697
  |- fk_loss: 1.25724
  |- smoothness_loss: 0.27331
Val Loss Components:
  |- loss_rot: 0.04136
  |- loss_pos: 0.83976
  |- fk_loss: 1.71480
  |- smoothness_loss: 0.14820
LR: 1.000e-04
Hole frames in this epoch: [15, 15]

Epoch 52 | Train Loss: 0.34133 | Val Loss: 0.46611
Train Loss Components:
  |- loss_rot: 0.03779
  |- loss_pos: 0.48903
  |- fk_loss: 1.32406
  |- smoothness_loss: 0.31780
Val Loss Components:
  |- loss_rot: 0.04109
  |- loss_pos: 0.77562
  |- fk_loss: 1.65430
  |- smoothness_loss: 0.16160
LR: 1.000e-04
Hole frames in this epoch: [15, 15]

Epoch 53 | Train Loss: 0.33746 | Val Loss: 0.46282
Train Loss Components:
  |- loss_rot: 0.03690
  |- loss_pos: 0.46707
  |- fk_loss: 1.36435
  |- smoothness_loss: 0.30560
Val Loss Components:
  |- loss_rot: 0.04105
  |- loss_pos: 0.85083
  |- fk_loss: 1.71921
  |- smoothness_loss: 0.15512
LR: 1.000e-04
Hole frames in this epoch: [15, 15]

Epoch 54 | Train Loss: 0.33302 | Val Loss: 0.46108
Train Loss Components:
  |- loss_rot: 0.03784
  |- loss_pos: 0.52103
  |- fk_loss: 1.37019
  |- smoothness_loss: 0.30495
Val Loss Components:
  |- loss_rot: 0.04095
  |- loss_pos: 0.79896
  |- fk_loss: 1.67695
  |- smoothness_loss: 0.14470
LR: 1.000e-04
Hole frames in this epoch: [15, 15]

Epoch 55 | Train Loss: 0.32946 | Val Loss: 0.46341
Train Loss Components:
  |- loss_rot: 0.04111
  |- loss_pos: 0.50408
  |- fk_loss: 1.48210
  |- smoothness_loss: 0.33866
Val Loss Components:
  |- loss_rot: 0.04078
  |- loss_pos: 0.83093
  |- fk_loss: 1.66205
  |- smoothness_loss: 0.14997
LR: 1.000e-04
Hole frames in this epoch: [15, 15]

Epoch 56 | Train Loss: 0.32664 | Val Loss: 0.45830
Train Loss Components:
  |- loss_rot: 0.03626
  |- loss_pos: 0.48329
  |- fk_loss: 1.30103
  |- smoothness_loss: 0.28464
Val Loss Components:
  |- loss_rot: 0.04061
  |- loss_pos: 0.81411
  |- fk_loss: 1.66229
  |- smoothness_loss: 0.15010
LR: 1.000e-04
Hole frames in this epoch: [15, 15]

Epoch 57 | Train Loss: 0.32272 | Val Loss: 0.45322
Train Loss Components:
  |- loss_rot: 0.03857
  |- loss_pos: 0.45247
  |- fk_loss: 1.37630
  |- smoothness_loss: 0.31602
Val Loss Components:
  |- loss_rot: 0.04056
  |- loss_pos: 0.79740
  |- fk_loss: 1.65020
  |- smoothness_loss: 0.15497
LR: 1.000e-04
Hole frames in this epoch: [15, 15]

Epoch 58 | Train Loss: 0.31935 | Val Loss: 0.45251
Train Loss Components:
  |- loss_rot: 0.04146
  |- loss_pos: 0.48334
  |- fk_loss: 1.44930
  |- smoothness_loss: 0.42385
Val Loss Components:
  |- loss_rot: 0.04054
  |- loss_pos: 0.78053
  |- fk_loss: 1.63809
  |- smoothness_loss: 0.15895
LR: 1.000e-04
Hole frames in this epoch: [15, 15]

Epoch 59 | Train Loss: 0.31599 | Val Loss: 0.45410
Train Loss Components:
  |- loss_rot: 0.03679
  |- loss_pos: 0.42639
  |- fk_loss: 1.19302
  |- smoothness_loss: 0.29925
Val Loss Components:
  |- loss_rot: 0.04070
  |- loss_pos: 0.81306
  |- fk_loss: 1.66654
  |- smoothness_loss: 0.16178
LR: 1.000e-04
Hole frames in this epoch: [15, 15]

Epoch 60 | Train Loss: 0.31315 | Val Loss: 0.45014
Train Loss Components:
  |- loss_rot: 0.03696
  |- loss_pos: 0.43418
  |- fk_loss: 1.27003
  |- smoothness_loss: 0.29217
Val Loss Components:
  |- loss_rot: 0.04039
  |- loss_pos: 0.75683
  |- fk_loss: 1.60348
  |- smoothness_loss: 0.15342
LR: 1.000e-04
Hole frames in this epoch: [15, 15]

Epoch 61 | Train Loss: 0.31023 | Val Loss: 0.44819
Train Loss Components:
  |- loss_rot: 0.04025
  |- loss_pos: 0.48487
  |- fk_loss: 1.39140
  |- smoothness_loss: 0.36978
Val Loss Components:
  |- loss_rot: 0.04036
  |- loss_pos: 0.76965
  |- fk_loss: 1.60206
  |- smoothness_loss: 0.16528
LR: 1.000e-04
Hole frames in this epoch: [15, 15]

Epoch 62 | Train Loss: 0.30716 | Val Loss: 0.44656
Train Loss Components:
  |- loss_rot: 0.03776
  |- loss_pos: 0.44950
  |- fk_loss: 1.28019
  |- smoothness_loss: 0.35384
Val Loss Components:
  |- loss_rot: 0.04053
  |- loss_pos: 0.80606
  |- fk_loss: 1.61746
  |- smoothness_loss: 0.15724
LR: 1.000e-04
Hole frames in this epoch: [15, 15]

Epoch 63 | Train Loss: 0.30428 | Val Loss: 0.44599
Train Loss Components:
  |- loss_rot: 0.03352
  |- loss_pos: 0.36042
  |- fk_loss: 1.11437
  |- smoothness_loss: 0.23434
Val Loss Components:
  |- loss_rot: 0.04026
  |- loss_pos: 0.80338
  |- fk_loss: 1.63875
  |- smoothness_loss: 0.15748
LR: 1.000e-04
Hole frames in this epoch: [15, 15]

Epoch 64 | Train Loss: 0.30111 | Val Loss: 0.44521
Train Loss Components:
  |- loss_rot: 0.03471
  |- loss_pos: 0.42017
  |- fk_loss: 1.18610
  |- smoothness_loss: 0.31018
Val Loss Components:
  |- loss_rot: 0.04024
  |- loss_pos: 0.78866
  |- fk_loss: 1.59549
  |- smoothness_loss: 0.16594
LR: 1.000e-04
Hole frames in this epoch: [15, 15]

Epoch 65 | Train Loss: 0.29953 | Val Loss: 0.44585
Train Loss Components:
  |- loss_rot: 0.03697
  |- loss_pos: 0.40877
  |- fk_loss: 1.18066
  |- smoothness_loss: 0.35766
Val Loss Components:
  |- loss_rot: 0.04028
  |- loss_pos: 0.76574
  |- fk_loss: 1.59724
  |- smoothness_loss: 0.15757
LR: 1.000e-04
Hole frames in this epoch: [15, 15]

Epoch 66 | Train Loss: 0.29659 | Val Loss: 0.44365
Train Loss Components:
  |- loss_rot: 0.03708
  |- loss_pos: 0.39605
  |- fk_loss: 1.15916
  |- smoothness_loss: 0.30768
Val Loss Components:
  |- loss_rot: 0.03999
  |- loss_pos: 0.76129
  |- fk_loss: 1.59473
  |- smoothness_loss: 0.16379
LR: 1.000e-04
Hole frames in this epoch: [15, 15]

Epoch 67 | Train Loss: 0.29396 | Val Loss: 0.44119
Train Loss Components:
  |- loss_rot: 0.04011
  |- loss_pos: 0.43460
  |- fk_loss: 1.44253
  |- smoothness_loss: 0.42757
Val Loss Components:
  |- loss_rot: 0.03995
  |- loss_pos: 0.74945
  |- fk_loss: 1.56510
  |- smoothness_loss: 0.16860
LR: 1.000e-04
Hole frames in this epoch: [15, 15]

Epoch 68 | Train Loss: 0.29198 | Val Loss: 0.43829
Train Loss Components:
  |- loss_rot: 0.03210
  |- loss_pos: 0.36959
  |- fk_loss: 1.02568
  |- smoothness_loss: 0.28420
Val Loss Components:
  |- loss_rot: 0.04010
  |- loss_pos: 0.72829
  |- fk_loss: 1.55276
  |- smoothness_loss: 0.16609
LR: 1.000e-04
Hole frames in this epoch: [15, 15]

Epoch 69 | Train Loss: 0.28944 | Val Loss: 0.43881
Train Loss Components:
  |- loss_rot: 0.03886
  |- loss_pos: 0.36912
  |- fk_loss: 1.25628
  |- smoothness_loss: 0.35312
Val Loss Components:
  |- loss_rot: 0.04005
  |- loss_pos: 0.76256
  |- fk_loss: 1.56465
  |- smoothness_loss: 0.16648
LR: 1.000e-04
Hole frames in this epoch: [15, 15]

Epoch 70 | Train Loss: 0.28686 | Val Loss: 0.43892
Train Loss Components:
  |- loss_rot: 0.03834
  |- loss_pos: 0.38839
  |- fk_loss: 1.29179
  |- smoothness_loss: 0.32535
Val Loss Components:
  |- loss_rot: 0.03996
  |- loss_pos: 0.75383
  |- fk_loss: 1.55458
  |- smoothness_loss: 0.16918
LR: 1.000e-04
Hole frames in this epoch: [15, 15]

Epoch 71 | Train Loss: 0.28402 | Val Loss: 0.43595
Train Loss Components:
  |- loss_rot: 0.03643
  |- loss_pos: 0.39629
  |- fk_loss: 1.21715
  |- smoothness_loss: 0.35992
Val Loss Components:
  |- loss_rot: 0.03983
  |- loss_pos: 0.76206
  |- fk_loss: 1.55610
  |- smoothness_loss: 0.16448
LR: 1.000e-04
Hole frames in this epoch: [15, 15]

Epoch 72 | Train Loss: 0.28324 | Val Loss: 0.43466
Train Loss Components:
  |- loss_rot: 0.03633
  |- loss_pos: 0.36706
  |- fk_loss: 1.11019
  |- smoothness_loss: 0.31682
Val Loss Components:
  |- loss_rot: 0.03996
  |- loss_pos: 0.76396
  |- fk_loss: 1.54756
  |- smoothness_loss: 0.17512
LR: 1.000e-04
Hole frames in this epoch: [15, 15]

Epoch 73 | Train Loss: 0.28075 | Val Loss: 0.43454
Train Loss Components:
  |- loss_rot: 0.03784
  |- loss_pos: 0.39557
  |- fk_loss: 1.19694
  |- smoothness_loss: 0.36667
Val Loss Components:
  |- loss_rot: 0.03984
  |- loss_pos: 0.74234
  |- fk_loss: 1.53015
  |- smoothness_loss: 0.16523
LR: 1.000e-04
Hole frames in this epoch: [15, 15]

Epoch 74 | Train Loss: 0.27890 | Val Loss: 0.43405
Train Loss Components:
  |- loss_rot: 0.03584
  |- loss_pos: 0.38909
  |- fk_loss: 1.11221
  |- smoothness_loss: 0.31506
Val Loss Components:
  |- loss_rot: 0.03980
  |- loss_pos: 0.76438
  |- fk_loss: 1.54170
  |- smoothness_loss: 0.16498
LR: 1.000e-04
Hole frames in this epoch: [15, 15]

Epoch 75 | Train Loss: 0.27668 | Val Loss: 0.43335
Train Loss Components:
  |- loss_rot: 0.03585
  |- loss_pos: 0.36265
  |- fk_loss: 1.14445
  |- smoothness_loss: 0.32950
Val Loss Components:
  |- loss_rot: 0.03975
  |- loss_pos: 0.76270
  |- fk_loss: 1.54033
  |- smoothness_loss: 0.17108
LR: 1.000e-04
Hole frames in this epoch: [15, 15]

Epoch 76 | Train Loss: 0.27444 | Val Loss: 0.42995
Train Loss Components:
  |- loss_rot: 0.03655
  |- loss_pos: 0.36336
  |- fk_loss: 1.18297
  |- smoothness_loss: 0.31969
Val Loss Components:
  |- loss_rot: 0.03953
  |- loss_pos: 0.75359
  |- fk_loss: 1.53122
  |- smoothness_loss: 0.16438
LR: 1.000e-04
Hole frames in this epoch: [15, 15]

Epoch 77 | Train Loss: 0.27298 | Val Loss: 0.42988
Train Loss Components:
  |- loss_rot: 0.03712
  |- loss_pos: 0.36758
  |- fk_loss: 1.14383
  |- smoothness_loss: 0.34284
Val Loss Components:
  |- loss_rot: 0.03977
  |- loss_pos: 0.76061
  |- fk_loss: 1.56430
  |- smoothness_loss: 0.16461
LR: 1.000e-04
Hole frames in this epoch: [15, 15]

Epoch 78 | Train Loss: 0.27075 | Val Loss: 0.42922
Train Loss Components:
  |- loss_rot: 0.03570
  |- loss_pos: 0.36803
  |- fk_loss: 1.11824
  |- smoothness_loss: 0.35185
Val Loss Components:
  |- loss_rot: 0.03948
  |- loss_pos: 0.73883
  |- fk_loss: 1.51370
  |- smoothness_loss: 0.16785
LR: 1.000e-04
Hole frames in this epoch: [15, 15]

Epoch 79 | Train Loss: 0.26908 | Val Loss: 0.43150
Train Loss Components:
  |- loss_rot: 0.03626
  |- loss_pos: 0.35092
  |- fk_loss: 1.16529
  |- smoothness_loss: 0.33519
Val Loss Components:
  |- loss_rot: 0.03956
  |- loss_pos: 0.75767
  |- fk_loss: 1.53236
  |- smoothness_loss: 0.17861
LR: 1.000e-04
Hole frames in this epoch: [15, 15]

Epoch 80 | Train Loss: 0.26739 | Val Loss: 0.42767
Train Loss Components:
  |- loss_rot: 0.03613
  |- loss_pos: 0.36499
  |- fk_loss: 1.09427
  |- smoothness_loss: 0.33769
Val Loss Components:
  |- loss_rot: 0.03948
  |- loss_pos: 0.74927
  |- fk_loss: 1.52245
  |- smoothness_loss: 0.18337
LR: 1.000e-04
Hole frames in this epoch: [15, 15]

Epoch 81 | Train Loss: 0.26595 | Val Loss: 0.42934
Train Loss Components:
  |- loss_rot: 0.03951
  |- loss_pos: 0.36332
  |- fk_loss: 1.18673
  |- smoothness_loss: 0.37337
Val Loss Components:
  |- loss_rot: 0.03937
  |- loss_pos: 0.74363
  |- fk_loss: 1.48966
  |- smoothness_loss: 0.16659
LR: 1.000e-04
Hole frames in this epoch: [15, 15]

Epoch 82 | Train Loss: 0.26411 | Val Loss: 0.42766
Train Loss Components:
  |- loss_rot: 0.03589
  |- loss_pos: 0.34327
  |- fk_loss: 1.05943
  |- smoothness_loss: 0.34958
Val Loss Components:
  |- loss_rot: 0.03940
  |- loss_pos: 0.74117
  |- fk_loss: 1.48972
  |- smoothness_loss: 0.17935
LR: 1.000e-04
Hole frames in this epoch: [15, 15]

Epoch 83 | Train Loss: 0.26221 | Val Loss: 0.42588
Train Loss Components:
  |- loss_rot: 0.03692
  |- loss_pos: 0.33714
  |- fk_loss: 1.06450
  |- smoothness_loss: 0.34846
Val Loss Components:
  |- loss_rot: 0.03933
  |- loss_pos: 0.72671
  |- fk_loss: 1.49048
  |- smoothness_loss: 0.17383
LR: 1.000e-04
Hole frames in this epoch: [15, 15]

Epoch 84 | Train Loss: 0.26029 | Val Loss: 0.42294
Train Loss Components:
  |- loss_rot: 0.03716
  |- loss_pos: 0.34391
  |- fk_loss: 1.10059
  |- smoothness_loss: 0.34392
Val Loss Components:
  |- loss_rot: 0.03942
  |- loss_pos: 0.72523
  |- fk_loss: 1.49090
  |- smoothness_loss: 0.17123
LR: 1.000e-04
Hole frames in this epoch: [15, 15]

Epoch 85 | Train Loss: 0.25894 | Val Loss: 0.42338
Train Loss Components:
  |- loss_rot: 0.03467
  |- loss_pos: 0.33599
  |- fk_loss: 1.03691
  |- smoothness_loss: 0.32639
Val Loss Components:
  |- loss_rot: 0.03976
  |- loss_pos: 0.71756
  |- fk_loss: 1.51456
  |- smoothness_loss: 0.17577
LR: 1.000e-04
Hole frames in this epoch: [15, 15]

Epoch 86 | Train Loss: 0.25802 | Val Loss: 0.42324
Train Loss Components:
  |- loss_rot: 0.03687
  |- loss_pos: 0.35438
  |- fk_loss: 1.10011
  |- smoothness_loss: 0.34938
Val Loss Components:
  |- loss_rot: 0.03934
  |- loss_pos: 0.74177
  |- fk_loss: 1.47281
  |- smoothness_loss: 0.17419
LR: 1.000e-04
Hole frames in this epoch: [15, 15]

Epoch 87 | Train Loss: 0.25623 | Val Loss: 0.42412
Train Loss Components:
  |- loss_rot: 0.03640
  |- loss_pos: 0.35161
  |- fk_loss: 1.09788
  |- smoothness_loss: 0.30995
Val Loss Components:
  |- loss_rot: 0.03958
  |- loss_pos: 0.74780
  |- fk_loss: 1.50274
  |- smoothness_loss: 0.17508
LR: 1.000e-04
Hole frames in this epoch: [15, 15]

Epoch 88 | Train Loss: 0.25479 | Val Loss: 0.42170
Train Loss Components:
  |- loss_rot: 0.03917
  |- loss_pos: 0.35038
  |- fk_loss: 1.14314
  |- smoothness_loss: 0.39160
Val Loss Components:
  |- loss_rot: 0.03947
  |- loss_pos: 0.74382
  |- fk_loss: 1.49841
  |- smoothness_loss: 0.17607
LR: 1.000e-04
Hole frames in this epoch: [15, 15]

Epoch 89 | Train Loss: 0.25303 | Val Loss: 0.42038
Train Loss Components:
  |- loss_rot: 0.03340
  |- loss_pos: 0.31088
  |- fk_loss: 0.94078
  |- smoothness_loss: 0.27326
Val Loss Components:
  |- loss_rot: 0.03927
  |- loss_pos: 0.74387
  |- fk_loss: 1.46464
  |- smoothness_loss: 0.17633
LR: 1.000e-04
Hole frames in this epoch: [15, 15]

Epoch 90 | Train Loss: 0.25183 | Val Loss: 0.41894
Train Loss Components:
  |- loss_rot: 0.03672
  |- loss_pos: 0.31257
  |- fk_loss: 1.13648
  |- smoothness_loss: 0.31032
Val Loss Components:
  |- loss_rot: 0.03907
  |- loss_pos: 0.72128
  |- fk_loss: 1.49163
  |- smoothness_loss: 0.17347
LR: 1.000e-04
Hole frames in this epoch: [15, 15]

Epoch 91 | Train Loss: 0.25027 | Val Loss: 0.41946
Train Loss Components:
  |- loss_rot: 0.03282
  |- loss_pos: 0.28602
  |- fk_loss: 0.96499
  |- smoothness_loss: 0.29275
Val Loss Components:
  |- loss_rot: 0.03906
  |- loss_pos: 0.71695
  |- fk_loss: 1.48665
  |- smoothness_loss: 0.17334
LR: 1.000e-04
Hole frames in this epoch: [15, 15]

Epoch 92 | Train Loss: 0.24854 | Val Loss: 0.41897
Train Loss Components:
  |- loss_rot: 0.03779
  |- loss_pos: 0.33639
  |- fk_loss: 1.09174
  |- smoothness_loss: 0.36376
Val Loss Components:
  |- loss_rot: 0.03913
  |- loss_pos: 0.74030
  |- fk_loss: 1.47303
  |- smoothness_loss: 0.17419
LR: 1.000e-04
Hole frames in this epoch: [15, 15]

Epoch 93 | Train Loss: 0.24751 | Val Loss: 0.41686
Train Loss Components:
  |- loss_rot: 0.03510
  |- loss_pos: 0.30227
  |- fk_loss: 1.03902
  |- smoothness_loss: 0.26138
Val Loss Components:
  |- loss_rot: 0.03907
  |- loss_pos: 0.69939
  |- fk_loss: 1.46010
  |- smoothness_loss: 0.18052
LR: 1.000e-04
Hole frames in this epoch: [15, 15]

Epoch 94 | Train Loss: 0.24630 | Val Loss: 0.41603
Train Loss Components:
  |- loss_rot: 0.03499
  |- loss_pos: 0.31778
  |- fk_loss: 1.00168
  |- smoothness_loss: 0.32345
Val Loss Components:
  |- loss_rot: 0.03928
  |- loss_pos: 0.71758
  |- fk_loss: 1.47118
  |- smoothness_loss: 0.17484
LR: 1.000e-04
Hole frames in this epoch: [15, 15]

Epoch 95 | Train Loss: 0.24454 | Val Loss: 0.41877
Train Loss Components:
  |- loss_rot: 0.03603
  |- loss_pos: 0.31833
  |- fk_loss: 1.02275
  |- smoothness_loss: 0.37186
Val Loss Components:
  |- loss_rot: 0.03925
  |- loss_pos: 0.71611
  |- fk_loss: 1.45116
  |- smoothness_loss: 0.18057
LR: 1.000e-04
Hole frames in this epoch: [15, 15]

Epoch 96 | Train Loss: 0.24372 | Val Loss: 0.41713
Train Loss Components:
  |- loss_rot: 0.03595
  |- loss_pos: 0.32135
  |- fk_loss: 1.04111
  |- smoothness_loss: 0.29987
Val Loss Components:
  |- loss_rot: 0.03879
  |- loss_pos: 0.70984
  |- fk_loss: 1.45621
  |- smoothness_loss: 0.18527
LR: 1.000e-04
Hole frames in this epoch: [15, 15]

Epoch 97 | Train Loss: 0.24264 | Val Loss: 0.41666
Train Loss Components:
  |- loss_rot: 0.03548
  |- loss_pos: 0.32018
  |- fk_loss: 1.02449
  |- smoothness_loss: 0.31732
Val Loss Components:
  |- loss_rot: 0.03893
  |- loss_pos: 0.71084
  |- fk_loss: 1.46013
  |- smoothness_loss: 0.17654
LR: 1.000e-04
Hole frames in this epoch: [15, 15]

Epoch 98 | Train Loss: 0.24104 | Val Loss: 0.41353
Train Loss Components:
  |- loss_rot: 0.03734
  |- loss_pos: 0.29889
  |- fk_loss: 1.01952
  |- smoothness_loss: 0.34948
Val Loss Components:
  |- loss_rot: 0.03877
  |- loss_pos: 0.74713
  |- fk_loss: 1.46147
  |- smoothness_loss: 0.17610
LR: 1.000e-04
Hole frames in this epoch: [15, 15]

Epoch 99 | Train Loss: 0.24018 | Val Loss: 0.41738
Train Loss Components:
  |- loss_rot: 0.03357
  |- loss_pos: 0.30559
  |- fk_loss: 0.96326
  |- smoothness_loss: 0.31368
Val Loss Components:
  |- loss_rot: 0.03916
  |- loss_pos: 0.74817
  |- fk_loss: 1.46709
  |- smoothness_loss: 0.18332
LR: 1.000e-04
Hole frames in this epoch: [15, 15]

Epoch 100 | Train Loss: 0.23823 | Val Loss: 0.41503
Train Loss Components:
  |- loss_rot: 0.03511
  |- loss_pos: 0.31381
  |- fk_loss: 1.00306
  |- smoothness_loss: 0.35033
Val Loss Components:
  |- loss_rot: 0.03869
  |- loss_pos: 0.68620
  |- fk_loss: 1.43981
  |- smoothness_loss: 0.18151
LR: 1.000e-04
Hole frames in this epoch: [15, 15]

Epoch 101 | Train Loss: 0.23723 | Val Loss: 0.41182
Train Loss Components:
  |- loss_rot: 0.03341
  |- loss_pos: 0.29094
  |- fk_loss: 0.92162
  |- smoothness_loss: 0.29320
Val Loss Components:
  |- loss_rot: 0.03848
  |- loss_pos: 0.68786
  |- fk_loss: 1.41099
  |- smoothness_loss: 0.17578
LR: 1.000e-04
Hole frames in this epoch: [15, 15]

Epoch 102 | Train Loss: 0.23703 | Val Loss: 0.41060
Train Loss Components:
  |- loss_rot: 0.03232
  |- loss_pos: 0.28331
  |- fk_loss: 0.92281
  |- smoothness_loss: 0.29530
Val Loss Components:
  |- loss_rot: 0.03877
  |- loss_pos: 0.69283
  |- fk_loss: 1.43731
  |- smoothness_loss: 0.17687
LR: 1.000e-04
Hole frames in this epoch: [15, 15]

Epoch 103 | Train Loss: 0.23531 | Val Loss: 0.41332
Train Loss Components:
  |- loss_rot: 0.03522
  |- loss_pos: 0.29477
  |- fk_loss: 0.98822
  |- smoothness_loss: 0.32990
Val Loss Components:
  |- loss_rot: 0.03871
  |- loss_pos: 0.70066
  |- fk_loss: 1.42255
  |- smoothness_loss: 0.18697
LR: 1.000e-04
Hole frames in this epoch: [15, 15]

Epoch 104 | Train Loss: 0.23392 | Val Loss: 0.41268
Train Loss Components:
  |- loss_rot: 0.03223
  |- loss_pos: 0.28322
  |- fk_loss: 0.93371
  |- smoothness_loss: 0.29077
Val Loss Components:
  |- loss_rot: 0.03849
  |- loss_pos: 0.71086
  |- fk_loss: 1.42324
  |- smoothness_loss: 0.18369
LR: 1.000e-04
Hole frames in this epoch: [15, 15]

Epoch 105 | Train Loss: 0.23354 | Val Loss: 0.40992
Train Loss Components:
  |- loss_rot: 0.03375
  |- loss_pos: 0.30279
  |- fk_loss: 0.94065
  |- smoothness_loss: 0.32723
Val Loss Components:
  |- loss_rot: 0.03851
  |- loss_pos: 0.69089
  |- fk_loss: 1.41525
  |- smoothness_loss: 0.17925
LR: 1.000e-04
Hole frames in this epoch: [15, 15]

Epoch 106 | Train Loss: 0.23225 | Val Loss: 0.41022
Train Loss Components:
  |- loss_rot: 0.03267
  |- loss_pos: 0.27494
  |- fk_loss: 0.91579
  |- smoothness_loss: 0.33964
Val Loss Components:
  |- loss_rot: 0.03844
  |- loss_pos: 0.70319
  |- fk_loss: 1.42477
  |- smoothness_loss: 0.17935
LR: 1.000e-04
Hole frames in this epoch: [15, 15]

Epoch 107 | Train Loss: 0.23147 | Val Loss: 0.40855
Train Loss Components:
  |- loss_rot: 0.03503
  |- loss_pos: 0.31566
  |- fk_loss: 0.96834
  |- smoothness_loss: 0.33785
Val Loss Components:
  |- loss_rot: 0.03858
  |- loss_pos: 0.69738
  |- fk_loss: 1.43053
  |- smoothness_loss: 0.17417
LR: 1.000e-04
Hole frames in this epoch: [15, 15]

Epoch 108 | Train Loss: 0.22949 | Val Loss: 0.40901
Train Loss Components:
  |- loss_rot: 0.03313
  |- loss_pos: 0.27461
  |- fk_loss: 0.97865
  |- smoothness_loss: 0.36089
Val Loss Components:
  |- loss_rot: 0.03826
  |- loss_pos: 0.70284
  |- fk_loss: 1.42737
  |- smoothness_loss: 0.17985
LR: 1.000e-04
Hole frames in this epoch: [15, 15]

Epoch 109 | Train Loss: 0.22856 | Val Loss: 0.40926
Train Loss Components:
  |- loss_rot: 0.03197
  |- loss_pos: 0.27760
  |- fk_loss: 0.85165
  |- smoothness_loss: 0.32369
Val Loss Components:
  |- loss_rot: 0.03844
  |- loss_pos: 0.68443
  |- fk_loss: 1.40528
  |- smoothness_loss: 0.18964
LR: 1.000e-04
Hole frames in this epoch: [15, 15]

Epoch 110 | Train Loss: 0.22833 | Val Loss: 0.40803
Train Loss Components:
  |- loss_rot: 0.03278
  |- loss_pos: 0.27746
  |- fk_loss: 0.89946
  |- smoothness_loss: 0.27962
Val Loss Components:
  |- loss_rot: 0.03856
  |- loss_pos: 0.68474
  |- fk_loss: 1.41053
  |- smoothness_loss: 0.18311
LR: 1.000e-04
Hole frames in this epoch: [15, 15]

Epoch 111 | Train Loss: 0.22688 | Val Loss: 0.40684
Train Loss Components:
  |- loss_rot: 0.03446
  |- loss_pos: 0.27683
  |- fk_loss: 0.91859
  |- smoothness_loss: 0.30289
Val Loss Components:
  |- loss_rot: 0.03843
  |- loss_pos: 0.68721
  |- fk_loss: 1.40624
  |- smoothness_loss: 0.18902
LR: 1.000e-04
Hole frames in this epoch: [15, 15]

Epoch 112 | Train Loss: 0.22632 | Val Loss: 0.40642
Train Loss Components:
  |- loss_rot: 0.03343
  |- loss_pos: 0.28524
  |- fk_loss: 0.89249
  |- smoothness_loss: 0.35065
Val Loss Components:
  |- loss_rot: 0.03841
  |- loss_pos: 0.69099
  |- fk_loss: 1.40501
  |- smoothness_loss: 0.18637
LR: 1.000e-04
Hole frames in this epoch: [15, 15]

Epoch 113 | Train Loss: 0.22487 | Val Loss: 0.40760
Train Loss Components:
  |- loss_rot: 0.03431
  |- loss_pos: 0.27592
  |- fk_loss: 0.93980
  |- smoothness_loss: 0.38561
Val Loss Components:
  |- loss_rot: 0.03830
  |- loss_pos: 0.71151
  |- fk_loss: 1.42430
  |- smoothness_loss: 0.18198
LR: 1.000e-04
Hole frames in this epoch: [15, 15]

Epoch 114 | Train Loss: 0.22382 | Val Loss: 0.40648
Train Loss Components:
  |- loss_rot: 0.03180
  |- loss_pos: 0.26673
  |- fk_loss: 0.86019
  |- smoothness_loss: 0.32380
Val Loss Components:
  |- loss_rot: 0.03810
  |- loss_pos: 0.70042
  |- fk_loss: 1.41154
  |- smoothness_loss: 0.18108
LR: 1.000e-04
Hole frames in this epoch: [15, 15]

Epoch 115 | Train Loss: 0.22316 | Val Loss: 0.40549
Train Loss Components:
  |- loss_rot: 0.03454
  |- loss_pos: 0.26882
  |- fk_loss: 0.95302
  |- smoothness_loss: 0.33740
Val Loss Components:
  |- loss_rot: 0.03806
  |- loss_pos: 0.71304
  |- fk_loss: 1.42281
  |- smoothness_loss: 0.18345
LR: 1.000e-04
Hole frames in this epoch: [15, 15]

Epoch 116 | Train Loss: 0.22251 | Val Loss: 0.40606
Train Loss Components:
  |- loss_rot: 0.03639
  |- loss_pos: 0.32085
  |- fk_loss: 0.98921
  |- smoothness_loss: 0.41692
Val Loss Components:
  |- loss_rot: 0.03840
  |- loss_pos: 0.70626
  |- fk_loss: 1.41066
  |- smoothness_loss: 0.18775
LR: 1.000e-04
Hole frames in this epoch: [15, 15]

Epoch 117 | Train Loss: 0.22170 | Val Loss: 0.40595
Train Loss Components:
  |- loss_rot: 0.03303
  |- loss_pos: 0.26305
  |- fk_loss: 0.88126
  |- smoothness_loss: 0.37684
Val Loss Components:
  |- loss_rot: 0.03835
  |- loss_pos: 0.68803
  |- fk_loss: 1.40316
  |- smoothness_loss: 0.18408
LR: 1.000e-04
Hole frames in this epoch: [15, 15]

Epoch 118 | Train Loss: 0.22101 | Val Loss: 0.40306
Train Loss Components:
  |- loss_rot: 0.03594
  |- loss_pos: 0.30355
  |- fk_loss: 1.09861
  |- smoothness_loss: 0.36745
Val Loss Components:
  |- loss_rot: 0.03796
  |- loss_pos: 0.69210
  |- fk_loss: 1.39174
  |- smoothness_loss: 0.18116
LR: 1.000e-04
Hole frames in this epoch: [15, 15]

Epoch 119 | Train Loss: 0.21981 | Val Loss: 0.40495
Train Loss Components:
  |- loss_rot: 0.03501
  |- loss_pos: 0.27626
  |- fk_loss: 0.89593
  |- smoothness_loss: 0.34183
Val Loss Components:
  |- loss_rot: 0.03804
  |- loss_pos: 0.69178
  |- fk_loss: 1.39256
  |- smoothness_loss: 0.18988
LR: 1.000e-04
Hole frames in this epoch: [15, 15]

Epoch 120 | Train Loss: 0.21871 | Val Loss: 0.40224
Train Loss Components:
  |- loss_rot: 0.03222
  |- loss_pos: 0.24579
  |- fk_loss: 0.83744
  |- smoothness_loss: 0.27504
Val Loss Components:
  |- loss_rot: 0.03831
  |- loss_pos: 0.67074
  |- fk_loss: 1.40243
  |- smoothness_loss: 0.18778
LR: 1.000e-04
Hole frames in this epoch: [15, 15]

Epoch 121 | Train Loss: 0.21858 | Val Loss: 0.40391
Train Loss Components:
  |- loss_rot: 0.03479
  |- loss_pos: 0.26935
  |- fk_loss: 0.93395
  |- smoothness_loss: 0.39469
Val Loss Components:
  |- loss_rot: 0.03806
  |- loss_pos: 0.67984
  |- fk_loss: 1.37741
  |- smoothness_loss: 0.18693
LR: 1.000e-04
Hole frames in this epoch: [15, 15]

Epoch 122 | Train Loss: 0.21731 | Val Loss: 0.40339
Train Loss Components:
  |- loss_rot: 0.03287
  |- loss_pos: 0.26127
  |- fk_loss: 0.89032
  |- smoothness_loss: 0.34817
Val Loss Components:
  |- loss_rot: 0.03813
  |- loss_pos: 0.68883
  |- fk_loss: 1.40155
  |- smoothness_loss: 0.18965
LR: 1.000e-04
Hole frames in this epoch: [15, 15]

Epoch 123 | Train Loss: 0.21665 | Val Loss: 0.40348
Train Loss Components:
  |- loss_rot: 0.03433
  |- loss_pos: 0.26443
  |- fk_loss: 0.90711
  |- smoothness_loss: 0.37613
Val Loss Components:
  |- loss_rot: 0.03815
  |- loss_pos: 0.69131
  |- fk_loss: 1.38314
  |- smoothness_loss: 0.19144
LR: 1.000e-04
Hole frames in this epoch: [15, 15]

Epoch 124 | Train Loss: 0.21593 | Val Loss: 0.40139
Train Loss Components:
  |- loss_rot: 0.03147
  |- loss_pos: 0.25425
  |- fk_loss: 0.80328
  |- smoothness_loss: 0.29268
Val Loss Components:
  |- loss_rot: 0.03786
  |- loss_pos: 0.67763
  |- fk_loss: 1.38796
  |- smoothness_loss: 0.18098
LR: 1.000e-04
Hole frames in this epoch: [15, 15]

Epoch 125 | Train Loss: 0.21504 | Val Loss: 0.40005
Train Loss Components:
  |- loss_rot: 0.03073
  |- loss_pos: 0.26277
  |- fk_loss: 0.82907
  |- smoothness_loss: 0.29126
Val Loss Components:
  |- loss_rot: 0.03806
  |- loss_pos: 0.69660
  |- fk_loss: 1.36306
  |- smoothness_loss: 0.19138
LR: 1.000e-04
Hole frames in this epoch: [15, 15]

Epoch 126 | Train Loss: 0.21400 | Val Loss: 0.40059
Train Loss Components:
  |- loss_rot: 0.03245
  |- loss_pos: 0.26898
  |- fk_loss: 0.86366
  |- smoothness_loss: 0.33148
Val Loss Components:
  |- loss_rot: 0.03781
  |- loss_pos: 0.67715
  |- fk_loss: 1.38073
  |- smoothness_loss: 0.18660
LR: 1.000e-04
Hole frames in this epoch: [15, 15]

Epoch 127 | Train Loss: 0.21383 | Val Loss: 0.40164
Train Loss Components:
  |- loss_rot: 0.03050
  |- loss_pos: 0.24195
  |- fk_loss: 0.79656
  |- smoothness_loss: 0.33380
Val Loss Components:
  |- loss_rot: 0.03793
  |- loss_pos: 0.69773
  |- fk_loss: 1.38824
  |- smoothness_loss: 0.18164
LR: 1.000e-04
Hole frames in this epoch: [15, 15]

Epoch 128 | Train Loss: 0.21295 | Val Loss: 0.40062
Train Loss Components:
  |- loss_rot: 0.03115
  |- loss_pos: 0.23569
  |- fk_loss: 0.82962
  |- smoothness_loss: 0.29058
Val Loss Components:
  |- loss_rot: 0.03773
  |- loss_pos: 0.69978
  |- fk_loss: 1.38152
  |- smoothness_loss: 0.18753
LR: 1.000e-04
Hole frames in this epoch: [15, 15]

Epoch 129 | Train Loss: 0.21232 | Val Loss: 0.39902
Train Loss Components:
  |- loss_rot: 0.03158
  |- loss_pos: 0.25420
  |- fk_loss: 0.81397
  |- smoothness_loss: 0.28938
Val Loss Components:
  |- loss_rot: 0.03807
  |- loss_pos: 0.67800
  |- fk_loss: 1.35907
  |- smoothness_loss: 0.18791
LR: 1.000e-04
Hole frames in this epoch: [15, 15]

Epoch 130 | Train Loss: 0.21125 | Val Loss: 0.39957
Train Loss Components:
  |- loss_rot: 0.03665
  |- loss_pos: 0.28185
  |- fk_loss: 0.92446
  |- smoothness_loss: 0.38092
Val Loss Components:
  |- loss_rot: 0.03787
  |- loss_pos: 0.71440
  |- fk_loss: 1.39610
  |- smoothness_loss: 0.18069
LR: 1.000e-04
Hole frames in this epoch: [15, 15]

Epoch 131 | Train Loss: 0.21056 | Val Loss: 0.39823
Train Loss Components:
  |- loss_rot: 0.03208
  |- loss_pos: 0.24826
  |- fk_loss: 0.85056
  |- smoothness_loss: 0.29607
Val Loss Components:
  |- loss_rot: 0.03785
  |- loss_pos: 0.68925
  |- fk_loss: 1.38172
  |- smoothness_loss: 0.18505
LR: 1.000e-04
Hole frames in this epoch: [15, 15]

Epoch 132 | Train Loss: 0.21008 | Val Loss: 0.39916
Train Loss Components:
  |- loss_rot: 0.03071
  |- loss_pos: 0.24671
  |- fk_loss: 0.80554
  |- smoothness_loss: 0.31770
Val Loss Components:
  |- loss_rot: 0.03789
  |- loss_pos: 0.72082
  |- fk_loss: 1.38567
  |- smoothness_loss: 0.18111
LR: 1.000e-04
Hole frames in this epoch: [15, 15]

Epoch 133 | Train Loss: 0.20922 | Val Loss: 0.39830
Train Loss Components:
  |- loss_rot: 0.03595
  |- loss_pos: 0.27520
  |- fk_loss: 0.93077
  |- smoothness_loss: 0.35019
Val Loss Components:
  |- loss_rot: 0.03767
  |- loss_pos: 0.69723
  |- fk_loss: 1.38258
  |- smoothness_loss: 0.18418
LR: 1.000e-04
Hole frames in this epoch: [15, 15]

Epoch 134 | Train Loss: 0.20824 | Val Loss: 0.39760
Train Loss Components:
  |- loss_rot: 0.03417
  |- loss_pos: 0.26697
  |- fk_loss: 0.90486
  |- smoothness_loss: 0.34236
Val Loss Components:
  |- loss_rot: 0.03787
  |- loss_pos: 0.68160
  |- fk_loss: 1.36782
  |- smoothness_loss: 0.18295
LR: 1.000e-04
Hole frames in this epoch: [15, 15]

Epoch 135 | Train Loss: 0.20795 | Val Loss: 0.39649
Train Loss Components:
  |- loss_rot: 0.03454
  |- loss_pos: 0.27717
  |- fk_loss: 0.87625
  |- smoothness_loss: 0.35355
Val Loss Components:
  |- loss_rot: 0.03776
  |- loss_pos: 0.67948
  |- fk_loss: 1.35731
  |- smoothness_loss: 0.19107
LR: 1.000e-04
Hole frames in this epoch: [15, 15]

Epoch 136 | Train Loss: 0.20717 | Val Loss: 0.39602
Train Loss Components:
  |- loss_rot: 0.02958
  |- loss_pos: 0.21322
  |- fk_loss: 0.74939
  |- smoothness_loss: 0.26482
Val Loss Components:
  |- loss_rot: 0.03760
  |- loss_pos: 0.67235
  |- fk_loss: 1.35071
  |- smoothness_loss: 0.18876
LR: 1.000e-04
Hole frames in this epoch: [15, 15]

Epoch 137 | Train Loss: 0.20622 | Val Loss: 0.39688
Train Loss Components:
  |- loss_rot: 0.03175
  |- loss_pos: 0.24250
  |- fk_loss: 0.79361
  |- smoothness_loss: 0.31373
Val Loss Components:
  |- loss_rot: 0.03793
  |- loss_pos: 0.69487
  |- fk_loss: 1.36975
  |- smoothness_loss: 0.18727
LR: 1.000e-04
Hole frames in this epoch: [15, 15]

Epoch 138 | Train Loss: 0.20566 | Val Loss: 0.39672
Train Loss Components:
  |- loss_rot: 0.03149
  |- loss_pos: 0.24901
  |- fk_loss: 0.83102
  |- smoothness_loss: 0.34303
Val Loss Components:
  |- loss_rot: 0.03767
  |- loss_pos: 0.67887
  |- fk_loss: 1.36724
  |- smoothness_loss: 0.18731
LR: 1.000e-04
Hole frames in this epoch: [15, 15]

Epoch 139 | Train Loss: 0.20562 | Val Loss: 0.39629
Train Loss Components:
  |- loss_rot: 0.03232
  |- loss_pos: 0.26551
  |- fk_loss: 0.86289
  |- smoothness_loss: 0.36103
Val Loss Components:
  |- loss_rot: 0.03766
  |- loss_pos: 0.69533
  |- fk_loss: 1.36774
  |- smoothness_loss: 0.18629
LR: 1.000e-04
Hole frames in this epoch: [15, 15]

Epoch 140 | Train Loss: 0.20452 | Val Loss: 0.39681
Train Loss Components:
  |- loss_rot: 0.03335
  |- loss_pos: 0.26647
  |- fk_loss: 0.84578
  |- smoothness_loss: 0.34473
Val Loss Components:
  |- loss_rot: 0.03779
  |- loss_pos: 0.66505
  |- fk_loss: 1.37577
  |- smoothness_loss: 0.18965
LR: 1.000e-04
Hole frames in this epoch: [15, 15]

Epoch 141 | Train Loss: 0.20428 | Val Loss: 0.39619
Train Loss Components:
  |- loss_rot: 0.03208
  |- loss_pos: 0.25380
  |- fk_loss: 0.83467
  |- smoothness_loss: 0.36327
Val Loss Components:
  |- loss_rot: 0.03759
  |- loss_pos: 0.66825
  |- fk_loss: 1.34257
  |- smoothness_loss: 0.18818
LR: 1.000e-04
Hole frames in this epoch: [15, 15]

Epoch 142 | Train Loss: 0.20351 | Val Loss: 0.39505
Train Loss Components:
  |- loss_rot: 0.03269
  |- loss_pos: 0.23406
  |- fk_loss: 0.80161
  |- smoothness_loss: 0.32212
Val Loss Components:
  |- loss_rot: 0.03773
  |- loss_pos: 0.66960
  |- fk_loss: 1.34740
  |- smoothness_loss: 0.18943
LR: 1.000e-04
Hole frames in this epoch: [15, 15]

Epoch 143 | Train Loss: 0.20277 | Val Loss: 0.39454
Train Loss Components:
  |- loss_rot: 0.03323
  |- loss_pos: 0.25257
  |- fk_loss: 0.83145
  |- smoothness_loss: 0.35366
Val Loss Components:
  |- loss_rot: 0.03759
  |- loss_pos: 0.66795
  |- fk_loss: 1.35729
  |- smoothness_loss: 0.19400
LR: 1.000e-04
Hole frames in this epoch: [15, 15]

Epoch 144 | Train Loss: 0.20279 | Val Loss: 0.39543
Train Loss Components:
  |- loss_rot: 0.03190
  |- loss_pos: 0.22935
  |- fk_loss: 0.76910
  |- smoothness_loss: 0.27587
Val Loss Components:
  |- loss_rot: 0.03761
  |- loss_pos: 0.69599
  |- fk_loss: 1.37828
  |- smoothness_loss: 0.18933
LR: 1.000e-04
Hole frames in this epoch: [15, 15]

Epoch 145 | Train Loss: 0.20125 | Val Loss: 0.39323
Train Loss Components:
  |- loss_rot: 0.03133
  |- loss_pos: 0.23678
  |- fk_loss: 0.78548
  |- smoothness_loss: 0.28273
Val Loss Components:
  |- loss_rot: 0.03769
  |- loss_pos: 0.68209
  |- fk_loss: 1.33639
  |- smoothness_loss: 0.19465
LR: 1.000e-04
Hole frames in this epoch: [15, 15]

Epoch 146 | Train Loss: 0.20098 | Val Loss: 0.39333
Train Loss Components:
  |- loss_rot: 0.03326
  |- loss_pos: 0.25057
  |- fk_loss: 0.84477
  |- smoothness_loss: 0.36574
Val Loss Components:
  |- loss_rot: 0.03741
  |- loss_pos: 0.65216
  |- fk_loss: 1.33876
  |- smoothness_loss: 0.18692
LR: 1.000e-04
Hole frames in this epoch: [15, 15]

Epoch 147 | Train Loss: 0.20061 | Val Loss: 0.39377
Train Loss Components:
  |- loss_rot: 0.02993
  |- loss_pos: 0.23564
  |- fk_loss: 0.77399
  |- smoothness_loss: 0.30353
Val Loss Components:
  |- loss_rot: 0.03741
  |- loss_pos: 0.67795
  |- fk_loss: 1.34737
  |- smoothness_loss: 0.18258
LR: 1.000e-04
Hole frames in this epoch: [15, 15]

Epoch 148 | Train Loss: 0.20028 | Val Loss: 0.39307
Train Loss Components:
  |- loss_rot: 0.03308
  |- loss_pos: 0.25272
  |- fk_loss: 0.82217
  |- smoothness_loss: 0.35008
Val Loss Components:
  |- loss_rot: 0.03750
  |- loss_pos: 0.67346
  |- fk_loss: 1.33509
  |- smoothness_loss: 0.19392
LR: 1.000e-04
Hole frames in this epoch: [15, 15]

Epoch 149 | Train Loss: 0.19901 | Val Loss: 0.39413
Train Loss Components:
  |- loss_rot: 0.03226
  |- loss_pos: 0.24330
  |- fk_loss: 0.80533
  |- smoothness_loss: 0.35844
Val Loss Components:
  |- loss_rot: 0.03747
  |- loss_pos: 0.68915
  |- fk_loss: 1.37955
  |- smoothness_loss: 0.18915
LR: 1.000e-04
Hole frames in this epoch: [15, 15]

Epoch 150 | Train Loss: 0.19896 | Val Loss: 0.39321
Train Loss Components:
  |- loss_rot: 0.03288
  |- loss_pos: 0.21930
  |- fk_loss: 0.78551
  |- smoothness_loss: 0.31661
Val Loss Components:
  |- loss_rot: 0.03732
  |- loss_pos: 0.68151
  |- fk_loss: 1.33939
  |- smoothness_loss: 0.19141
LR: 1.000e-04
Hole frames in this epoch: [15, 15]

Epoch 151 | Train Loss: 0.19839 | Val Loss: 0.39166
Train Loss Components:
  |- loss_rot: 0.03459
  |- loss_pos: 0.25683
  |- fk_loss: 0.87120
  |- smoothness_loss: 0.36536
Val Loss Components:
  |- loss_rot: 0.03738
  |- loss_pos: 0.68470
  |- fk_loss: 1.35040
  |- smoothness_loss: 0.18550
LR: 1.000e-04
Hole frames in this epoch: [15, 15]

Epoch 152 | Train Loss: 0.19799 | Val Loss: 0.39229
Train Loss Components:
  |- loss_rot: 0.03427
  |- loss_pos: 0.24232
  |- fk_loss: 0.84552
  |- smoothness_loss: 0.39528
Val Loss Components:
  |- loss_rot: 0.03741
  |- loss_pos: 0.68018
  |- fk_loss: 1.33078
  |- smoothness_loss: 0.19187
LR: 1.000e-04
Hole frames in this epoch: [15, 15]

Epoch 153 | Train Loss: 0.19726 | Val Loss: 0.39321
Train Loss Components:
  |- loss_rot: 0.03622
  |- loss_pos: 0.25522
  |- fk_loss: 0.88941
  |- smoothness_loss: 0.41056
Val Loss Components:
  |- loss_rot: 0.03733
  |- loss_pos: 0.66918
  |- fk_loss: 1.32561
  |- smoothness_loss: 0.19106
LR: 1.000e-04
Hole frames in this epoch: [15, 15]

Epoch 154 | Train Loss: 0.19681 | Val Loss: 0.39101
Train Loss Components:
  |- loss_rot: 0.03093
  |- loss_pos: 0.22087
  |- fk_loss: 0.75923
  |- smoothness_loss: 0.30417
Val Loss Components:
  |- loss_rot: 0.03734
  |- loss_pos: 0.67297
  |- fk_loss: 1.33556
  |- smoothness_loss: 0.18559
LR: 1.000e-04
Hole frames in this epoch: [15, 15]

Epoch 155 | Train Loss: 0.19559 | Val Loss: 0.39082
Train Loss Components:
  |- loss_rot: 0.03230
  |- loss_pos: 0.24086
  |- fk_loss: 0.78773
  |- smoothness_loss: 0.34384
Val Loss Components:
  |- loss_rot: 0.03753
  |- loss_pos: 0.65804
  |- fk_loss: 1.34181
  |- smoothness_loss: 0.20000
LR: 1.000e-04
Hole frames in this epoch: [15, 15]

Epoch 156 | Train Loss: 0.19552 | Val Loss: 0.39189
Train Loss Components:
  |- loss_rot: 0.03122
  |- loss_pos: 0.21600
  |- fk_loss: 0.76602
  |- smoothness_loss: 0.31624
Val Loss Components:
  |- loss_rot: 0.03722
  |- loss_pos: 0.66236
  |- fk_loss: 1.33422
  |- smoothness_loss: 0.19445
LR: 1.000e-04
Hole frames in this epoch: [15, 15]

Epoch 157 | Train Loss: 0.19498 | Val Loss: 0.39042
Train Loss Components:
  |- loss_rot: 0.03223
  |- loss_pos: 0.23857
  |- fk_loss: 0.78348
  |- smoothness_loss: 0.31496
Val Loss Components:
  |- loss_rot: 0.03705
  |- loss_pos: 0.66516
  |- fk_loss: 1.33121
  |- smoothness_loss: 0.19284
LR: 1.000e-04
Hole frames in this epoch: [15, 15]

Epoch 158 | Train Loss: 0.19483 | Val Loss: 0.39139
Train Loss Components:
  |- loss_rot: 0.03051
  |- loss_pos: 0.21880
  |- fk_loss: 0.71348
  |- smoothness_loss: 0.28083
Val Loss Components:
  |- loss_rot: 0.03743
  |- loss_pos: 0.68426
  |- fk_loss: 1.35427
  |- smoothness_loss: 0.19582
LR: 1.000e-04
Hole frames in this epoch: [15, 15]

Epoch 159 | Train Loss: 0.19424 | Val Loss: 0.38933
Train Loss Components:
  |- loss_rot: 0.03190
  |- loss_pos: 0.21808
  |- fk_loss: 0.78623
  |- smoothness_loss: 0.34135
Val Loss Components:
  |- loss_rot: 0.03727
  |- loss_pos: 0.66035
  |- fk_loss: 1.34493
  |- smoothness_loss: 0.18889
LR: 1.000e-04
Hole frames in this epoch: [15, 15]

Epoch 160 | Train Loss: 0.19378 | Val Loss: 0.38974
Train Loss Components:
  |- loss_rot: 0.03304
  |- loss_pos: 0.23289
  |- fk_loss: 0.78674
  |- smoothness_loss: 0.33372
Val Loss Components:
  |- loss_rot: 0.03730
  |- loss_pos: 0.66546
  |- fk_loss: 1.33520
  |- smoothness_loss: 0.18142
LR: 1.000e-04
Hole frames in this epoch: [15, 15]

Epoch 161 | Train Loss: 0.19330 | Val Loss: 0.38974
Train Loss Components:
  |- loss_rot: 0.03068
  |- loss_pos: 0.22244
  |- fk_loss: 0.71088
  |- smoothness_loss: 0.27697
Val Loss Components:
  |- loss_rot: 0.03725
  |- loss_pos: 0.63290
  |- fk_loss: 1.31403
  |- smoothness_loss: 0.18935
LR: 1.000e-04
Hole frames in this epoch: [15, 15]

Epoch 162 | Train Loss: 0.19274 | Val Loss: 0.38954
Train Loss Components:
  |- loss_rot: 0.03256
  |- loss_pos: 0.23023
  |- fk_loss: 0.76484
  |- smoothness_loss: 0.35903
Val Loss Components:
  |- loss_rot: 0.03731
  |- loss_pos: 0.66292
  |- fk_loss: 1.33093
  |- smoothness_loss: 0.19814
LR: 1.000e-04
Hole frames in this epoch: [15, 15]

Epoch 163 | Train Loss: 0.19205 | Val Loss: 0.38843
Train Loss Components:
  |- loss_rot: 0.02995
  |- loss_pos: 0.22827
  |- fk_loss: 0.73956
  |- smoothness_loss: 0.28930
Val Loss Components:
  |- loss_rot: 0.03724
  |- loss_pos: 0.63987
  |- fk_loss: 1.32896
  |- smoothness_loss: 0.20244
LR: 1.000e-04
Hole frames in this epoch: [15, 15]

Epoch 164 | Train Loss: 0.19195 | Val Loss: 0.38895
Train Loss Components:
  |- loss_rot: 0.03225
  |- loss_pos: 0.23302
  |- fk_loss: 0.77837
  |- smoothness_loss: 0.36032
Val Loss Components:
  |- loss_rot: 0.03731
  |- loss_pos: 0.67521
  |- fk_loss: 1.34222
  |- smoothness_loss: 0.19613
LR: 1.000e-04
Hole frames in this epoch: [15, 15]

Epoch 165 | Train Loss: 0.19132 | Val Loss: 0.38925
Train Loss Components:
  |- loss_rot: 0.03115
  |- loss_pos: 0.21845
  |- fk_loss: 0.74468
  |- smoothness_loss: 0.31416
Val Loss Components:
  |- loss_rot: 0.03705
  |- loss_pos: 0.65264
  |- fk_loss: 1.31449
  |- smoothness_loss: 0.19573
LR: 1.000e-04
Hole frames in this epoch: [15, 15]

Epoch 166 | Train Loss: 0.19072 | Val Loss: 0.38915
Train Loss Components:
  |- loss_rot: 0.03103
  |- loss_pos: 0.23860
  |- fk_loss: 0.74638
  |- smoothness_loss: 0.36432
Val Loss Components:
  |- loss_rot: 0.03700
  |- loss_pos: 0.67251
  |- fk_loss: 1.31214
  |- smoothness_loss: 0.19440
LR: 1.000e-04
Hole frames in this epoch: [15, 15]

Epoch 167 | Train Loss: 0.19040 | Val Loss: 0.38915
Train Loss Components:
  |- loss_rot: 0.02908
  |- loss_pos: 0.22221
  |- fk_loss: 0.70488
  |- smoothness_loss: 0.27444
Val Loss Components:
  |- loss_rot: 0.03722
  |- loss_pos: 0.66025
  |- fk_loss: 1.32322
  |- smoothness_loss: 0.19590
LR: 1.000e-04
Hole frames in this epoch: [15, 15]

Epoch 168 | Train Loss: 0.19010 | Val Loss: 0.38745
Train Loss Components:
  |- loss_rot: 0.02804
  |- loss_pos: 0.19396
  |- fk_loss: 0.67283
  |- smoothness_loss: 0.27073
Val Loss Components:
  |- loss_rot: 0.03704
  |- loss_pos: 0.65022
  |- fk_loss: 1.32070
  |- smoothness_loss: 0.18949
LR: 1.000e-04
Hole frames in this epoch: [15, 15]

Epoch 169 | Train Loss: 0.18960 | Val Loss: 0.38740
Train Loss Components:
  |- loss_rot: 0.03027
  |- loss_pos: 0.22529
  |- fk_loss: 0.72627
  |- smoothness_loss: 0.33474
Val Loss Components:
  |- loss_rot: 0.03695
  |- loss_pos: 0.65405
  |- fk_loss: 1.32030
  |- smoothness_loss: 0.19388
LR: 1.000e-04
Hole frames in this epoch: [15, 15]

Epoch 170 | Train Loss: 0.18943 | Val Loss: 0.38768
Train Loss Components:
  |- loss_rot: 0.03085
  |- loss_pos: 0.22962
  |- fk_loss: 0.76295
  |- smoothness_loss: 0.35488
Val Loss Components:
  |- loss_rot: 0.03681
  |- loss_pos: 0.66736
  |- fk_loss: 1.32552
  |- smoothness_loss: 0.18756
LR: 1.000e-04
Hole frames in this epoch: [15, 15]

Epoch 171 | Train Loss: 0.18912 | Val Loss: 0.38716
Train Loss Components:
  |- loss_rot: 0.03452
  |- loss_pos: 0.22592
  |- fk_loss: 0.81678
  |- smoothness_loss: 0.38933
Val Loss Components:
  |- loss_rot: 0.03700
  |- loss_pos: 0.67146
  |- fk_loss: 1.33401
  |- smoothness_loss: 0.18986
LR: 1.000e-04
Hole frames in this epoch: [15, 15]

Epoch 172 | Train Loss: 0.18810 | Val Loss: 0.38725
Train Loss Components:
  |- loss_rot: 0.02927
  |- loss_pos: 0.21723
  |- fk_loss: 0.69593
  |- smoothness_loss: 0.32203
Val Loss Components:
  |- loss_rot: 0.03679
  |- loss_pos: 0.67251
  |- fk_loss: 1.31191
  |- smoothness_loss: 0.19317
LR: 1.000e-04
Hole frames in this epoch: [15, 15]

Epoch 173 | Train Loss: 0.18750 | Val Loss: 0.38709
Train Loss Components:
  |- loss_rot: 0.03360
  |- loss_pos: 0.22568
  |- fk_loss: 0.83663
  |- smoothness_loss: 0.36835
Val Loss Components:
  |- loss_rot: 0.03699
  |- loss_pos: 0.66276
  |- fk_loss: 1.31252
  |- smoothness_loss: 0.19076
LR: 1.000e-04
Hole frames in this epoch: [15, 15]

Epoch 174 | Train Loss: 0.18719 | Val Loss: 0.38576
Train Loss Components:
  |- loss_rot: 0.03219
  |- loss_pos: 0.20146
  |- fk_loss: 0.75423
  |- smoothness_loss: 0.33035
Val Loss Components:
  |- loss_rot: 0.03698
  |- loss_pos: 0.66034
  |- fk_loss: 1.31118
  |- smoothness_loss: 0.18680
LR: 1.000e-04
Hole frames in this epoch: [15, 15]

Epoch 175 | Train Loss: 0.18658 | Val Loss: 0.38629
Train Loss Components:
  |- loss_rot: 0.03269
  |- loss_pos: 0.22455
  |- fk_loss: 0.78133
  |- smoothness_loss: 0.36883
Val Loss Components:
  |- loss_rot: 0.03670
  |- loss_pos: 0.65535
  |- fk_loss: 1.29066
  |- smoothness_loss: 0.19166
LR: 1.000e-04
Hole frames in this epoch: [15, 15]

Epoch 176 | Train Loss: 0.18679 | Val Loss: 0.38628
Train Loss Components:
  |- loss_rot: 0.03208
  |- loss_pos: 0.22114
  |- fk_loss: 0.75324
  |- smoothness_loss: 0.32052
Val Loss Components:
  |- loss_rot: 0.03676
  |- loss_pos: 0.65219
  |- fk_loss: 1.30404
  |- smoothness_loss: 0.19321
LR: 1.000e-04
Hole frames in this epoch: [15, 15]

Epoch 177 | Train Loss: 0.18636 | Val Loss: 0.38650
Train Loss Components:
  |- loss_rot: 0.03305
  |- loss_pos: 0.23503
  |- fk_loss: 0.78804
  |- smoothness_loss: 0.38575
Val Loss Components:
  |- loss_rot: 0.03689
  |- loss_pos: 0.67741
  |- fk_loss: 1.32733
  |- smoothness_loss: 0.18731
LR: 1.000e-04
Hole frames in this epoch: [15, 15]

Epoch 178 | Train Loss: 0.18581 | Val Loss: 0.38521
Train Loss Components:
  |- loss_rot: 0.02786
  |- loss_pos: 0.19684
  |- fk_loss: 0.66552
  |- smoothness_loss: 0.26802
Val Loss Components:
  |- loss_rot: 0.03683
  |- loss_pos: 0.66149
  |- fk_loss: 1.29678
  |- smoothness_loss: 0.19424
LR: 1.000e-04
Hole frames in this epoch: [15, 15]

Epoch 179 | Train Loss: 0.18536 | Val Loss: 0.38538
Train Loss Components:
  |- loss_rot: 0.03150
  |- loss_pos: 0.21506
  |- fk_loss: 0.74184
  |- smoothness_loss: 0.35272
Val Loss Components:
  |- loss_rot: 0.03686
  |- loss_pos: 0.65788
  |- fk_loss: 1.28780
  |- smoothness_loss: 0.19492
LR: 1.000e-04
Hole frames in this epoch: [15, 15]

Epoch 180 | Train Loss: 0.18502 | Val Loss: 0.38474
Train Loss Components:
  |- loss_rot: 0.03157
  |- loss_pos: 0.22067
  |- fk_loss: 0.72358
  |- smoothness_loss: 0.38758
Val Loss Components:
  |- loss_rot: 0.03675
  |- loss_pos: 0.63640
  |- fk_loss: 1.30386
  |- smoothness_loss: 0.18770
LR: 1.000e-04
Hole frames in this epoch: [15, 15]

Epoch 181 | Train Loss: 0.18470 | Val Loss: 0.38502
Train Loss Components:
  |- loss_rot: 0.03361
  |- loss_pos: 0.22125
  |- fk_loss: 0.78098
  |- smoothness_loss: 0.39852
Val Loss Components:
  |- loss_rot: 0.03672
  |- loss_pos: 0.63408
  |- fk_loss: 1.27450
  |- smoothness_loss: 0.19097
LR: 1.000e-04
Hole frames in this epoch: [15, 15]

Epoch 182 | Train Loss: 0.18391 | Val Loss: 0.38522
Train Loss Components:
  |- loss_rot: 0.03177
  |- loss_pos: 0.23135
  |- fk_loss: 0.75197
  |- smoothness_loss: 0.35969
Val Loss Components:
  |- loss_rot: 0.03662
  |- loss_pos: 0.65970
  |- fk_loss: 1.31719
  |- smoothness_loss: 0.19529
LR: 1.000e-04
Hole frames in this epoch: [15, 15]

Epoch 183 | Train Loss: 0.18385 | Val Loss: 0.38528
Train Loss Components:
  |- loss_rot: 0.03232
  |- loss_pos: 0.21578
  |- fk_loss: 0.75487
  |- smoothness_loss: 0.32448
Val Loss Components:
  |- loss_rot: 0.03674
  |- loss_pos: 0.66071
  |- fk_loss: 1.30071
  |- smoothness_loss: 0.19427
LR: 1.000e-04
Hole frames in this epoch: [15, 15]

Epoch 184 | Train Loss: 0.18312 | Val Loss: 0.38385
Train Loss Components:
  |- loss_rot: 0.03379
  |- loss_pos: 0.22810
  |- fk_loss: 0.76810
  |- smoothness_loss: 0.32327
Val Loss Components:
  |- loss_rot: 0.03692
  |- loss_pos: 0.65605
  |- fk_loss: 1.30984
  |- smoothness_loss: 0.19156
LR: 1.000e-04
Hole frames in this epoch: [15, 15]

Epoch 185 | Train Loss: 0.18274 | Val Loss: 0.38549
Train Loss Components:
  |- loss_rot: 0.03204
  |- loss_pos: 0.22676
  |- fk_loss: 0.73792
  |- smoothness_loss: 0.32529
Val Loss Components:
  |- loss_rot: 0.03711
  |- loss_pos: 0.65428
  |- fk_loss: 1.31552
  |- smoothness_loss: 0.19562
LR: 1.000e-04
Hole frames in this epoch: [15, 15]

Epoch 186 | Train Loss: 0.18269 | Val Loss: 0.38317
Train Loss Components:
  |- loss_rot: 0.03270
  |- loss_pos: 0.21922
  |- fk_loss: 0.75011
  |- smoothness_loss: 0.36484
Val Loss Components:
  |- loss_rot: 0.03665
  |- loss_pos: 0.65631
  |- fk_loss: 1.30080
  |- smoothness_loss: 0.19163
LR: 1.000e-04
Hole frames in this epoch: [15, 15]

Epoch 187 | Train Loss: 0.18194 | Val Loss: 0.38258
Train Loss Components:
  |- loss_rot: 0.03198
  |- loss_pos: 0.22060
  |- fk_loss: 0.74400
  |- smoothness_loss: 0.35674
Val Loss Components:
  |- loss_rot: 0.03670
  |- loss_pos: 0.64012
  |- fk_loss: 1.31044
  |- smoothness_loss: 0.19454
LR: 1.000e-04
Hole frames in this epoch: [15, 15]

Epoch 188 | Train Loss: 0.18170 | Val Loss: 0.38295
Train Loss Components:
  |- loss_rot: 0.03185
  |- loss_pos: 0.22039
  |- fk_loss: 0.78887
  |- smoothness_loss: 0.33114
Val Loss Components:
  |- loss_rot: 0.03666
  |- loss_pos: 0.64969
  |- fk_loss: 1.30196
  |- smoothness_loss: 0.19910
LR: 1.000e-04
Hole frames in this epoch: [15, 15]

Epoch 189 | Train Loss: 0.18140 | Val Loss: 0.38326
Train Loss Components:
  |- loss_rot: 0.02935
  |- loss_pos: 0.19680
  |- fk_loss: 0.69609
  |- smoothness_loss: 0.30596
Val Loss Components:
  |- loss_rot: 0.03664
  |- loss_pos: 0.63451
  |- fk_loss: 1.29214
  |- smoothness_loss: 0.19814
LR: 1.000e-04
Hole frames in this epoch: [15, 15]

Epoch 190 | Train Loss: 0.18118 | Val Loss: 0.38316
Train Loss Components:
  |- loss_rot: 0.03360
  |- loss_pos: 0.23235
  |- fk_loss: 0.75995
  |- smoothness_loss: 0.38988
Val Loss Components:
  |- loss_rot: 0.03658
  |- loss_pos: 0.65704
  |- fk_loss: 1.29651
  |- smoothness_loss: 0.19757
LR: 1.000e-04
Hole frames in this epoch: [15, 15]

Epoch 191 | Train Loss: 0.18086 | Val Loss: 0.38311
Train Loss Components:
  |- loss_rot: 0.03356
  |- loss_pos: 0.20979
  |- fk_loss: 0.73974
  |- smoothness_loss: 0.36576
Val Loss Components:
  |- loss_rot: 0.03642
  |- loss_pos: 0.65434
  |- fk_loss: 1.27845
  |- smoothness_loss: 0.19348
LR: 1.000e-04
Hole frames in this epoch: [15, 15]

Epoch 192 | Train Loss: 0.18018 | Val Loss: 0.38218
Train Loss Components:
  |- loss_rot: 0.02902
  |- loss_pos: 0.19636
  |- fk_loss: 0.66986
  |- smoothness_loss: 0.29529
Val Loss Components:
  |- loss_rot: 0.03659
  |- loss_pos: 0.64982
  |- fk_loss: 1.29274
  |- smoothness_loss: 0.19500
LR: 1.000e-04
Hole frames in this epoch: [15, 15]

Epoch 193 | Train Loss: 0.18006 | Val Loss: 0.38179
Train Loss Components:
  |- loss_rot: 0.03586
  |- loss_pos: 0.24716
  |- fk_loss: 0.83227
  |- smoothness_loss: 0.45845
Val Loss Components:
  |- loss_rot: 0.03655
  |- loss_pos: 0.65936
  |- fk_loss: 1.29436
  |- smoothness_loss: 0.19330
LR: 1.000e-04
Hole frames in this epoch: [15, 15]

Epoch 194 | Train Loss: 0.18040 | Val Loss: 0.38230
Train Loss Components:
  |- loss_rot: 0.03147
  |- loss_pos: 0.20958
  |- fk_loss: 0.73135
  |- smoothness_loss: 0.34072
Val Loss Components:
  |- loss_rot: 0.03642
  |- loss_pos: 0.64786
  |- fk_loss: 1.28942
  |- smoothness_loss: 0.19199
LR: 1.000e-04
Hole frames in this epoch: [15, 15]

Epoch 195 | Train Loss: 0.17967 | Val Loss: 0.38126
Train Loss Components:
  |- loss_rot: 0.03314
  |- loss_pos: 0.22579
  |- fk_loss: 0.76864
  |- smoothness_loss: 0.40171
Val Loss Components:
  |- loss_rot: 0.03641
  |- loss_pos: 0.65152
  |- fk_loss: 1.28332
  |- smoothness_loss: 0.20342
LR: 1.000e-04
Hole frames in this epoch: [15, 15]

Epoch 196 | Train Loss: 0.17905 | Val Loss: 0.38142
Train Loss Components:
  |- loss_rot: 0.03178
  |- loss_pos: 0.22484
  |- fk_loss: 0.75091
  |- smoothness_loss: 0.40534
Val Loss Components:
  |- loss_rot: 0.03654
  |- loss_pos: 0.64073
  |- fk_loss: 1.29030
  |- smoothness_loss: 0.19712
LR: 1.000e-04
Hole frames in this epoch: [15, 15]

Epoch 197 | Train Loss: 0.17878 | Val Loss: 0.38292
Train Loss Components:
  |- loss_rot: 0.03190
  |- loss_pos: 0.21255
  |- fk_loss: 0.73530
  |- smoothness_loss: 0.35498
Val Loss Components:
  |- loss_rot: 0.03652
  |- loss_pos: 0.64384
  |- fk_loss: 1.28894
  |- smoothness_loss: 0.19956
LR: 1.000e-04
Hole frames in this epoch: [15, 15]

Epoch 198 | Train Loss: 0.17852 | Val Loss: 0.38174
Train Loss Components:
  |- loss_rot: 0.03145
  |- loss_pos: 0.20739
  |- fk_loss: 0.75495
  |- smoothness_loss: 0.37223
Val Loss Components:
  |- loss_rot: 0.03654
  |- loss_pos: 0.64764
  |- fk_loss: 1.28924
  |- smoothness_loss: 0.19336
LR: 1.000e-04
Hole frames in this epoch: [15, 15]

Epoch 199 | Train Loss: 0.17886 | Val Loss: 0.38037
Train Loss Components:
  |- loss_rot: 0.03206
  |- loss_pos: 0.20925
  |- fk_loss: 0.72454
  |- smoothness_loss: 0.37166
Val Loss Components:
  |- loss_rot: 0.03627
  |- loss_pos: 0.63611
  |- fk_loss: 1.27953
  |- smoothness_loss: 0.19460
LR: 1.000e-04
Hole frames in this epoch: [15, 15]

Epoch 200 | Train Loss: 0.17756 | Val Loss: 0.38038
Train Loss Components:
  |- loss_rot: 0.03510
  |- loss_pos: 0.23572
  |- fk_loss: 0.83234
  |- smoothness_loss: 0.45866
Val Loss Components:
  |- loss_rot: 0.03629
  |- loss_pos: 0.64442
  |- fk_loss: 1.29194
  |- smoothness_loss: 0.20106
LR: 1.000e-04
Hole frames in this epoch: [15, 15]

Epoch 201 | Train Loss: 0.17713 | Val Loss: 0.38064
Train Loss Components:
  |- loss_rot: 0.03117
  |- loss_pos: 0.20241
  |- fk_loss: 0.71773
  |- smoothness_loss: 0.33088
Val Loss Components:
  |- loss_rot: 0.03630
  |- loss_pos: 0.64894
  |- fk_loss: 1.28538
  |- smoothness_loss: 0.19653
LR: 1.000e-04
Hole frames in this epoch: [15, 15]

Epoch 202 | Train Loss: 0.17737 | Val Loss: 0.38102
Train Loss Components:
  |- loss_rot: 0.03013
  |- loss_pos: 0.19486
  |- fk_loss: 0.69712
  |- smoothness_loss: 0.37326
Val Loss Components:
  |- loss_rot: 0.03642
  |- loss_pos: 0.67360
  |- fk_loss: 1.30815
  |- smoothness_loss: 0.19076
LR: 1.000e-04
Hole frames in this epoch: [15, 15]

Epoch 203 | Train Loss: 0.17659 | Val Loss: 0.38180
Train Loss Components:
  |- loss_rot: 0.03017
  |- loss_pos: 0.20569
  |- fk_loss: 0.72072
  |- smoothness_loss: 0.39364
Val Loss Components:
  |- loss_rot: 0.03632
  |- loss_pos: 0.64560
  |- fk_loss: 1.28177
  |- smoothness_loss: 0.19503
LR: 1.000e-04
Hole frames in this epoch: [15, 15]

Epoch 204 | Train Loss: 0.17644 | Val Loss: 0.38029
Train Loss Components:
  |- loss_rot: 0.03208
  |- loss_pos: 0.21983
  |- fk_loss: 0.72686
  |- smoothness_loss: 0.37403
Val Loss Components:
  |- loss_rot: 0.03634
  |- loss_pos: 0.62270
  |- fk_loss: 1.27670
  |- smoothness_loss: 0.19540
LR: 1.000e-04
Hole frames in this epoch: [15, 15]

Epoch 205 | Train Loss: 0.17627 | Val Loss: 0.37969
Train Loss Components:
  |- loss_rot: 0.03349
  |- loss_pos: 0.21529
  |- fk_loss: 0.73736
  |- smoothness_loss: 0.35225
Val Loss Components:
  |- loss_rot: 0.03641
  |- loss_pos: 0.64897
  |- fk_loss: 1.27886
  |- smoothness_loss: 0.19694
LR: 1.000e-04
Hole frames in this epoch: [15, 15]

Epoch 206 | Train Loss: 0.17584 | Val Loss: 0.37945
Train Loss Components:
  |- loss_rot: 0.03031
  |- loss_pos: 0.20408
  |- fk_loss: 0.70027
  |- smoothness_loss: 0.35560
Val Loss Components:
  |- loss_rot: 0.03642
  |- loss_pos: 0.63053
  |- fk_loss: 1.27202
  |- smoothness_loss: 0.19857
LR: 1.000e-04
Hole frames in this epoch: [15, 15]

Epoch 207 | Train Loss: 0.17528 | Val Loss: 0.37926
Train Loss Components:
  |- loss_rot: 0.03102
  |- loss_pos: 0.21319
  |- fk_loss: 0.70971
  |- smoothness_loss: 0.34049
Val Loss Components:
  |- loss_rot: 0.03637
  |- loss_pos: 0.64889
  |- fk_loss: 1.27477
  |- smoothness_loss: 0.20003
LR: 1.000e-04
Hole frames in this epoch: [15, 15]

Epoch 208 | Train Loss: 0.17489 | Val Loss: 0.37959
Train Loss Components:
  |- loss_rot: 0.02977
  |- loss_pos: 0.20141
  |- fk_loss: 0.67507
  |- smoothness_loss: 0.28709
Val Loss Components:
  |- loss_rot: 0.03639
  |- loss_pos: 0.63183
  |- fk_loss: 1.27585
  |- smoothness_loss: 0.19861
LR: 1.000e-04
Hole frames in this epoch: [15, 15]

Epoch 209 | Train Loss: 0.17468 | Val Loss: 0.37919
Train Loss Components:
  |- loss_rot: 0.03321
  |- loss_pos: 0.19711
  |- fk_loss: 0.72300
  |- smoothness_loss: 0.40508
Val Loss Components:
  |- loss_rot: 0.03633
  |- loss_pos: 0.63079
  |- fk_loss: 1.28799
  |- smoothness_loss: 0.19356
LR: 1.000e-04
Hole frames in this epoch: [15, 15]

Epoch 210 | Train Loss: 0.17457 | Val Loss: 0.38024
Train Loss Components:
  |- loss_rot: 0.03006
  |- loss_pos: 0.20293
  |- fk_loss: 0.68325
  |- smoothness_loss: 0.33198
Val Loss Components:
  |- loss_rot: 0.03624
  |- loss_pos: 0.64350
  |- fk_loss: 1.27465
  |- smoothness_loss: 0.20171
LR: 1.000e-04
Hole frames in this epoch: [15, 15]

Epoch 211 | Train Loss: 0.17469 | Val Loss: 0.37889
Train Loss Components:
  |- loss_rot: 0.03224
  |- loss_pos: 0.22572
  |- fk_loss: 0.73808
  |- smoothness_loss: 0.39838
Val Loss Components:
  |- loss_rot: 0.03620
  |- loss_pos: 0.63383
  |- fk_loss: 1.27162
  |- smoothness_loss: 0.19638
LR: 1.000e-04
Hole frames in this epoch: [15, 15]

Epoch 212 | Train Loss: 0.17454 | Val Loss: 0.37960
Train Loss Components:
  |- loss_rot: 0.03161
  |- loss_pos: 0.20111
  |- fk_loss: 0.69626
  |- smoothness_loss: 0.34080
Val Loss Components:
  |- loss_rot: 0.03642
  |- loss_pos: 0.66773
  |- fk_loss: 1.29719
  |- smoothness_loss: 0.19707
LR: 1.000e-04
Hole frames in this epoch: [15, 15]

Epoch 213 | Train Loss: 0.17412 | Val Loss: 0.37843
Train Loss Components:
  |- loss_rot: 0.03164
  |- loss_pos: 0.20156
  |- fk_loss: 0.69978
  |- smoothness_loss: 0.37262
Val Loss Components:
  |- loss_rot: 0.03629
  |- loss_pos: 0.62070
  |- fk_loss: 1.26046
  |- smoothness_loss: 0.19928
LR: 1.000e-04
Hole frames in this epoch: [15, 15]

Epoch 214 | Train Loss: 0.17356 | Val Loss: 0.37826
Train Loss Components:
  |- loss_rot: 0.03095
  |- loss_pos: 0.20408
  |- fk_loss: 0.68866
  |- smoothness_loss: 0.32208
Val Loss Components:
  |- loss_rot: 0.03616
  |- loss_pos: 0.63898
  |- fk_loss: 1.28141
  |- smoothness_loss: 0.19874
LR: 1.000e-04
Hole frames in this epoch: [15, 15]

Epoch 215 | Train Loss: 0.17322 | Val Loss: 0.37803
Train Loss Components:
  |- loss_rot: 0.03064
  |- loss_pos: 0.20913
  |- fk_loss: 0.70548
  |- smoothness_loss: 0.32595
Val Loss Components:
  |- loss_rot: 0.03607
  |- loss_pos: 0.64612
  |- fk_loss: 1.28442
  |- smoothness_loss: 0.19456
LR: 1.000e-04
Hole frames in this epoch: [15, 15]

Epoch 216 | Train Loss: 0.17324 | Val Loss: 0.38026
Train Loss Components:
  |- loss_rot: 0.02944
  |- loss_pos: 0.19501
  |- fk_loss: 0.67741
  |- smoothness_loss: 0.31442
Val Loss Components:
  |- loss_rot: 0.03642
  |- loss_pos: 0.62759
  |- fk_loss: 1.28733
  |- smoothness_loss: 0.20058
LR: 1.000e-04
Hole frames in this epoch: [15, 15]

Epoch 217 | Train Loss: 0.17311 | Val Loss: 0.37866
Train Loss Components:
  |- loss_rot: 0.03193
  |- loss_pos: 0.20849
  |- fk_loss: 0.71747
  |- smoothness_loss: 0.36266
Val Loss Components:
  |- loss_rot: 0.03626
  |- loss_pos: 0.64660
  |- fk_loss: 1.29608
  |- smoothness_loss: 0.20066
LR: 1.000e-04
Hole frames in this epoch: [15, 15]

Epoch 218 | Train Loss: 0.17228 | Val Loss: 0.37852
Train Loss Components:
  |- loss_rot: 0.03047
  |- loss_pos: 0.20534
  |- fk_loss: 0.68419
  |- smoothness_loss: 0.33993
Val Loss Components:
  |- loss_rot: 0.03638
  |- loss_pos: 0.64477
  |- fk_loss: 1.31081
  |- smoothness_loss: 0.20235
LR: 1.000e-04
Hole frames in this epoch: [15, 15]

Epoch 219 | Train Loss: 0.17238 | Val Loss: 0.37892
Train Loss Components:
  |- loss_rot: 0.02945
  |- loss_pos: 0.20178
  |- fk_loss: 0.67036
  |- smoothness_loss: 0.34557
Val Loss Components:
  |- loss_rot: 0.03620
  |- loss_pos: 0.64054
  |- fk_loss: 1.28095
  |- smoothness_loss: 0.19634
LR: 1.000e-04
Hole frames in this epoch: [15, 15]

Epoch 220 | Train Loss: 0.17172 | Val Loss: 0.37773
Train Loss Components:
  |- loss_rot: 0.03008
  |- loss_pos: 0.18218
  |- fk_loss: 0.63567
  |- smoothness_loss: 0.30573
Val Loss Components:
  |- loss_rot: 0.03611
  |- loss_pos: 0.64498
  |- fk_loss: 1.27677
  |- smoothness_loss: 0.20083
LR: 1.000e-04
Hole frames in this epoch: [15, 15]

Epoch 221 | Train Loss: 0.17112 | Val Loss: 0.37739
Train Loss Components:
  |- loss_rot: 0.02970
  |- loss_pos: 0.20789
  |- fk_loss: 0.65821
  |- smoothness_loss: 0.34982
Val Loss Components:
  |- loss_rot: 0.03603
  |- loss_pos: 0.63699
  |- fk_loss: 1.26062
  |- smoothness_loss: 0.20274
LR: 1.000e-04
Hole frames in this epoch: [15, 15]

Epoch 222 | Train Loss: 0.17123 | Val Loss: 0.37820
Train Loss Components:
  |- loss_rot: 0.03014
  |- loss_pos: 0.18995
  |- fk_loss: 0.66666
  |- smoothness_loss: 0.35513
Val Loss Components:
  |- loss_rot: 0.03621
  |- loss_pos: 0.64867
  |- fk_loss: 1.27913
  |- smoothness_loss: 0.19987
LR: 1.000e-04
Hole frames in this epoch: [15, 15]

Epoch 223 | Train Loss: 0.17108 | Val Loss: 0.37794
Train Loss Components:
  |- loss_rot: 0.03149
  |- loss_pos: 0.18655
  |- fk_loss: 0.67262
  |- smoothness_loss: 0.34167
Val Loss Components:
  |- loss_rot: 0.03624
  |- loss_pos: 0.63188
  |- fk_loss: 1.25934
  |- smoothness_loss: 0.19906
LR: 1.000e-04
Hole frames in this epoch: [15, 15]

Epoch 224 | Train Loss: 0.17074 | Val Loss: 0.37674
Train Loss Components:
  |- loss_rot: 0.03190
  |- loss_pos: 0.20706
  |- fk_loss: 0.69555
  |- smoothness_loss: 0.36076
Val Loss Components:
  |- loss_rot: 0.03619
  |- loss_pos: 0.63358
  |- fk_loss: 1.24302
  |- smoothness_loss: 0.20497
LR: 1.000e-04
Hole frames in this epoch: [15, 15]

Epoch 225 | Train Loss: 0.17039 | Val Loss: 0.37698
Train Loss Components:
  |- loss_rot: 0.03069
  |- loss_pos: 0.21726
  |- fk_loss: 0.69044
  |- smoothness_loss: 0.35300
Val Loss Components:
  |- loss_rot: 0.03610
  |- loss_pos: 0.64081
  |- fk_loss: 1.27344
  |- smoothness_loss: 0.19126
LR: 1.000e-04
Hole frames in this epoch: [15, 15]

Epoch 226 | Train Loss: 0.17013 | Val Loss: 0.37652
Train Loss Components:
  |- loss_rot: 0.02996
  |- loss_pos: 0.18021
  |- fk_loss: 0.65611
  |- smoothness_loss: 0.31678
Val Loss Components:
  |- loss_rot: 0.03612
  |- loss_pos: 0.62864
  |- fk_loss: 1.27031
  |- smoothness_loss: 0.20046
LR: 1.000e-04
Hole frames in this epoch: [15, 15]

Epoch 227 | Train Loss: 0.17004 | Val Loss: 0.37737
Train Loss Components:
  |- loss_rot: 0.03257
  |- loss_pos: 0.19745
  |- fk_loss: 0.71392
  |- smoothness_loss: 0.35954
Val Loss Components:
  |- loss_rot: 0.03603
  |- loss_pos: 0.62731
  |- fk_loss: 1.28515
  |- smoothness_loss: 0.20454
LR: 1.000e-04
Hole frames in this epoch: [15, 15]

Epoch 228 | Train Loss: 0.17003 | Val Loss: 0.37674
Train Loss Components:
  |- loss_rot: 0.03191
  |- loss_pos: 0.20371
  |- fk_loss: 0.71972
  |- smoothness_loss: 0.36276
Val Loss Components:
  |- loss_rot: 0.03615
  |- loss_pos: 0.63374
  |- fk_loss: 1.26443
  |- smoothness_loss: 0.19649
LR: 1.000e-04
Hole frames in this epoch: [15, 15]

Epoch 229 | Train Loss: 0.16946 | Val Loss: 0.37578
Train Loss Components:
  |- loss_rot: 0.03221
  |- loss_pos: 0.19289
  |- fk_loss: 0.70205
  |- smoothness_loss: 0.37008
Val Loss Components:
  |- loss_rot: 0.03591
  |- loss_pos: 0.62243
  |- fk_loss: 1.25282
  |- smoothness_loss: 0.20044
LR: 1.000e-04
Hole frames in this epoch: [15, 15]

Epoch 230 | Train Loss: 0.16915 | Val Loss: 0.37705
Train Loss Components:
  |- loss_rot: 0.03066
  |- loss_pos: 0.18343
  |- fk_loss: 0.65961
  |- smoothness_loss: 0.32819
Val Loss Components:
  |- loss_rot: 0.03608
  |- loss_pos: 0.64960
  |- fk_loss: 1.28411
  |- smoothness_loss: 0.19827
LR: 1.000e-04
Hole frames in this epoch: [15, 15]

Epoch 231 | Train Loss: 0.16897 | Val Loss: 0.37655
Train Loss Components:
  |- loss_rot: 0.02988
  |- loss_pos: 0.20541
  |- fk_loss: 0.66383
  |- smoothness_loss: 0.34396
Val Loss Components:
  |- loss_rot: 0.03606
  |- loss_pos: 0.62286
  |- fk_loss: 1.26965
  |- smoothness_loss: 0.19883
LR: 1.000e-04
Hole frames in this epoch: [15, 15]

Epoch 232 | Train Loss: 0.16891 | Val Loss: 0.37666
Train Loss Components:
  |- loss_rot: 0.03327
  |- loss_pos: 0.21770
  |- fk_loss: 0.73628
  |- smoothness_loss: 0.39339
Val Loss Components:
  |- loss_rot: 0.03591
  |- loss_pos: 0.65892
  |- fk_loss: 1.27315
  |- smoothness_loss: 0.19846
LR: 1.000e-04
Hole frames in this epoch: [15, 15]

Epoch 233 | Train Loss: 0.16864 | Val Loss: 0.37652
Train Loss Components:
  |- loss_rot: 0.02856
  |- loss_pos: 0.17652
  |- fk_loss: 0.61400
  |- smoothness_loss: 0.30864
Val Loss Components:
  |- loss_rot: 0.03625
  |- loss_pos: 0.63921
  |- fk_loss: 1.26920
  |- smoothness_loss: 0.20383
LR: 1.000e-04
Hole frames in this epoch: [15, 15]

Epoch 234 | Train Loss: 0.16831 | Val Loss: 0.37697
Train Loss Components:
  |- loss_rot: 0.02889
  |- loss_pos: 0.18673
  |- fk_loss: 0.62232
  |- smoothness_loss: 0.33338
Val Loss Components:
  |- loss_rot: 0.03586
  |- loss_pos: 0.64034
  |- fk_loss: 1.26886
  |- smoothness_loss: 0.20015
LR: 1.000e-04
Hole frames in this epoch: [15, 15]

Epoch 235 | Train Loss: 0.16779 | Val Loss: 0.37513
Train Loss Components:
  |- loss_rot: 0.02973
  |- loss_pos: 0.18277
  |- fk_loss: 0.64810
  |- smoothness_loss: 0.31961
Val Loss Components:
  |- loss_rot: 0.03600
  |- loss_pos: 0.62870
  |- fk_loss: 1.25678
  |- smoothness_loss: 0.20169
LR: 1.000e-04
Hole frames in this epoch: [15, 15]

Epoch 236 | Train Loss: 0.16773 | Val Loss: 0.37546
Train Loss Components:
  |- loss_rot: 0.02937
  |- loss_pos: 0.20019
  |- fk_loss: 0.65819
  |- smoothness_loss: 0.37814
Val Loss Components:
  |- loss_rot: 0.03590
  |- loss_pos: 0.62464
  |- fk_loss: 1.27393
  |- smoothness_loss: 0.20340
LR: 1.000e-04
Hole frames in this epoch: [15, 15]

Epoch 237 | Train Loss: 0.16759 | Val Loss: 0.37544
Train Loss Components:
  |- loss_rot: 0.03230
  |- loss_pos: 0.20733
  |- fk_loss: 0.69368
  |- smoothness_loss: 0.38395
Val Loss Components:
  |- loss_rot: 0.03588
  |- loss_pos: 0.63457
  |- fk_loss: 1.25738
  |- smoothness_loss: 0.20257
LR: 1.000e-04
Hole frames in this epoch: [15, 15]

Epoch 238 | Train Loss: 0.16705 | Val Loss: 0.37670
Train Loss Components:
  |- loss_rot: 0.03232
  |- loss_pos: 0.19282
  |- fk_loss: 0.70318
  |- smoothness_loss: 0.37770
Val Loss Components:
  |- loss_rot: 0.03605
  |- loss_pos: 0.64413
  |- fk_loss: 1.26688
  |- smoothness_loss: 0.20385
LR: 1.000e-04
Hole frames in this epoch: [15, 15]

Epoch 239 | Train Loss: 0.16688 | Val Loss: 0.37647
Train Loss Components:
  |- loss_rot: 0.03099
  |- loss_pos: 0.19496
  |- fk_loss: 0.68183
  |- smoothness_loss: 0.34748
Val Loss Components:
  |- loss_rot: 0.03581
  |- loss_pos: 0.64644
  |- fk_loss: 1.26867
  |- smoothness_loss: 0.20273
LR: 1.000e-04
Hole frames in this epoch: [15, 15]

Epoch 240 | Train Loss: 0.16690 | Val Loss: 0.37592
Train Loss Components:
  |- loss_rot: 0.03122
  |- loss_pos: 0.19875
  |- fk_loss: 0.66256
  |- smoothness_loss: 0.33728
Val Loss Components:
  |- loss_rot: 0.03600
  |- loss_pos: 0.64196
  |- fk_loss: 1.25761
  |- smoothness_loss: 0.20435
LR: 1.000e-04
Hole frames in this epoch: [15, 15]

Epoch 241 | Train Loss: 0.16685 | Val Loss: 0.37590
Train Loss Components:
  |- loss_rot: 0.02976
  |- loss_pos: 0.18204
  |- fk_loss: 0.65687
  |- smoothness_loss: 0.35739
Val Loss Components:
  |- loss_rot: 0.03597
  |- loss_pos: 0.64812
  |- fk_loss: 1.26682
  |- smoothness_loss: 0.20686
LR: 1.000e-04
Hole frames in this epoch: [15, 15]

Epoch 242 | Train Loss: 0.15511 | Val Loss: 0.36922
Train Loss Components:
  |- loss_rot: 0.03004
  |- loss_pos: 0.16659
  |- fk_loss: 0.60453
  |- smoothness_loss: 0.32145
Val Loss Components:
  |- loss_rot: 0.03562
  |- loss_pos: 0.63935
  |- fk_loss: 1.23548
  |- smoothness_loss: 0.20901
LR: 5.000e-05
Hole frames in this epoch: [15, 15]

Epoch 243 | Train Loss: 0.14641 | Val Loss: 0.36893
Train Loss Components:
  |- loss_rot: 0.02841
  |- loss_pos: 0.15286
  |- fk_loss: 0.59116
  |- smoothness_loss: 0.33146
Val Loss Components:
  |- loss_rot: 0.03558
  |- loss_pos: 0.62522
  |- fk_loss: 1.23014
  |- smoothness_loss: 0.20621
LR: 5.000e-05
Hole frames in this epoch: [15, 15]

Epoch 244 | Train Loss: 0.14436 | Val Loss: 0.36790
Train Loss Components:
  |- loss_rot: 0.02706
  |- loss_pos: 0.13904
  |- fk_loss: 0.54674
  |- smoothness_loss: 0.28852
Val Loss Components:
  |- loss_rot: 0.03559
  |- loss_pos: 0.62412
  |- fk_loss: 1.22341
  |- smoothness_loss: 0.20814
LR: 5.000e-05
Hole frames in this epoch: [15, 15]

Epoch 245 | Train Loss: 0.14416 | Val Loss: 0.36823
Train Loss Components:
  |- loss_rot: 0.02813
  |- loss_pos: 0.14628
  |- fk_loss: 0.59234
  |- smoothness_loss: 0.34061
Val Loss Components:
  |- loss_rot: 0.03569
  |- loss_pos: 0.64210
  |- fk_loss: 1.24206
  |- smoothness_loss: 0.20303
LR: 5.000e-05
Hole frames in this epoch: [15, 15]

Epoch 246 | Train Loss: 0.14399 | Val Loss: 0.36858
Train Loss Components:
  |- loss_rot: 0.02944
  |- loss_pos: 0.14400
  |- fk_loss: 0.58225
  |- smoothness_loss: 0.32207
Val Loss Components:
  |- loss_rot: 0.03569
  |- loss_pos: 0.61657
  |- fk_loss: 1.22271
  |- smoothness_loss: 0.21054
LR: 5.000e-05
Hole frames in this epoch: [15, 15]

Epoch 247 | Train Loss: 0.14354 | Val Loss: 0.36798
Train Loss Components:
  |- loss_rot: 0.03073
  |- loss_pos: 0.14290
  |- fk_loss: 0.59410
  |- smoothness_loss: 0.37136
Val Loss Components:
  |- loss_rot: 0.03558
  |- loss_pos: 0.62467
  |- fk_loss: 1.22573
  |- smoothness_loss: 0.20468
LR: 5.000e-05
Hole frames in this epoch: [15, 15]

Epoch 248 | Train Loss: 0.14359 | Val Loss: 0.36795
Train Loss Components:
  |- loss_rot: 0.03061
  |- loss_pos: 0.15577
  |- fk_loss: 0.60360
  |- smoothness_loss: 0.38236
Val Loss Components:
  |- loss_rot: 0.03543
  |- loss_pos: 0.61541
  |- fk_loss: 1.21877
  |- smoothness_loss: 0.20379
LR: 5.000e-05
Hole frames in this epoch: [15, 15]

Epoch 249 | Train Loss: 0.14337 | Val Loss: 0.36805
Train Loss Components:
  |- loss_rot: 0.02979
  |- loss_pos: 0.14677
  |- fk_loss: 0.58424
  |- smoothness_loss: 0.35993
Val Loss Components:
  |- loss_rot: 0.03571
  |- loss_pos: 0.63255
  |- fk_loss: 1.23363
  |- smoothness_loss: 0.20664
LR: 5.000e-05
Hole frames in this epoch: [15, 15]

Epoch 250 | Train Loss: 0.14334 | Val Loss: 0.36810
Train Loss Components:
  |- loss_rot: 0.03085
  |- loss_pos: 0.15706
  |- fk_loss: 0.60784
  |- smoothness_loss: 0.41172
Val Loss Components:
  |- loss_rot: 0.03573
  |- loss_pos: 0.62937
  |- fk_loss: 1.23008
  |- smoothness_loss: 0.20663
LR: 5.000e-05
Hole frames in this epoch: [15, 15]

Epoch 251 | Train Loss: 0.13835 | Val Loss: 0.36554
Train Loss Components:
  |- loss_rot: 0.03230
  |- loss_pos: 0.15705
  |- fk_loss: 0.62314
  |- smoothness_loss: 0.40688
Val Loss Components:
  |- loss_rot: 0.03554
  |- loss_pos: 0.62294
  |- fk_loss: 1.21951
  |- smoothness_loss: 0.20692
LR: 2.500e-05
Hole frames in this epoch: [15, 15]

Epoch 252 | Train Loss: 0.13499 | Val Loss: 0.36585
Train Loss Components:
  |- loss_rot: 0.02851
  |- loss_pos: 0.12696
  |- fk_loss: 0.54591
  |- smoothness_loss: 0.31082
Val Loss Components:
  |- loss_rot: 0.03553
  |- loss_pos: 0.61605
  |- fk_loss: 1.21714
  |- smoothness_loss: 0.20686
LR: 2.500e-05
Hole frames in this epoch: [15, 15]

Epoch 253 | Train Loss: 0.13417 | Val Loss: 0.36537
Train Loss Components:
  |- loss_rot: 0.02941
  |- loss_pos: 0.13512
  |- fk_loss: 0.55289
  |- smoothness_loss: 0.36004
Val Loss Components:
  |- loss_rot: 0.03550
  |- loss_pos: 0.61872
  |- fk_loss: 1.21632
  |- smoothness_loss: 0.20713
LR: 2.500e-05
Hole frames in this epoch: [15, 15]

Epoch 254 | Train Loss: 0.13378 | Val Loss: 0.36523
Train Loss Components:
  |- loss_rot: 0.02739
  |- loss_pos: 0.12129
  |- fk_loss: 0.50401
  |- smoothness_loss: 0.29446
Val Loss Components:
  |- loss_rot: 0.03551
  |- loss_pos: 0.62056
  |- fk_loss: 1.21456
  |- smoothness_loss: 0.20977
LR: 2.500e-05
Hole frames in this epoch: [15, 15]

Epoch 255 | Train Loss: 0.13356 | Val Loss: 0.36514
Train Loss Components:
  |- loss_rot: 0.03000
  |- loss_pos: 0.13405
  |- fk_loss: 0.57404
  |- smoothness_loss: 0.36854
Val Loss Components:
  |- loss_rot: 0.03547
  |- loss_pos: 0.61735
  |- fk_loss: 1.21758
  |- smoothness_loss: 0.20738
LR: 2.500e-05
Hole frames in this epoch: [15, 15]

Epoch 256 | Train Loss: 0.13334 | Val Loss: 0.36522
Train Loss Components:
  |- loss_rot: 0.03143
  |- loss_pos: 0.12966
  |- fk_loss: 0.58517
  |- smoothness_loss: 0.34056
Val Loss Components:
  |- loss_rot: 0.03560
  |- loss_pos: 0.61692
  |- fk_loss: 1.21816
  |- smoothness_loss: 0.20994
LR: 2.500e-05
Hole frames in this epoch: [15, 15]

Epoch 257 | Train Loss: 0.13320 | Val Loss: 0.36518
Train Loss Components:
  |- loss_rot: 0.03053
  |- loss_pos: 0.13204
  |- fk_loss: 0.58010
  |- smoothness_loss: 0.35454
Val Loss Components:
  |- loss_rot: 0.03556
  |- loss_pos: 0.61445
  |- fk_loss: 1.21421
  |- smoothness_loss: 0.20914
LR: 2.500e-05
Hole frames in this epoch: [15, 15]

Epoch 258 | Train Loss: 0.13300 | Val Loss: 0.36472
Train Loss Components:
  |- loss_rot: 0.03072
  |- loss_pos: 0.13097
  |- fk_loss: 0.57281
  |- smoothness_loss: 0.38344
Val Loss Components:
  |- loss_rot: 0.03547
  |- loss_pos: 0.61516
  |- fk_loss: 1.21287
  |- smoothness_loss: 0.20892
LR: 2.500e-05
Hole frames in this epoch: [15, 15]

Epoch 259 | Train Loss: 0.13302 | Val Loss: 0.36470
Train Loss Components:
  |- loss_rot: 0.02888
  |- loss_pos: 0.13328
  |- fk_loss: 0.55087
  |- smoothness_loss: 0.30472
Val Loss Components:
  |- loss_rot: 0.03548
  |- loss_pos: 0.61980
  |- fk_loss: 1.21083
  |- smoothness_loss: 0.21015
LR: 2.500e-05
Hole frames in this epoch: [15, 15]

Epoch 260 | Train Loss: 0.13271 | Val Loss: 0.36490
Train Loss Components:
  |- loss_rot: 0.02676
  |- loss_pos: 0.11847
  |- fk_loss: 0.49779
  |- smoothness_loss: 0.27243
Val Loss Components:
  |- loss_rot: 0.03551
  |- loss_pos: 0.61316
  |- fk_loss: 1.21322
  |- smoothness_loss: 0.21025
LR: 2.500e-05
Hole frames in this epoch: [15, 15]

Epoch 261 | Train Loss: 0.13253 | Val Loss: 0.36496
Train Loss Components:
  |- loss_rot: 0.03094
  |- loss_pos: 0.12705
  |- fk_loss: 0.57104
  |- smoothness_loss: 0.38139
Val Loss Components:
  |- loss_rot: 0.03546
  |- loss_pos: 0.62163
  |- fk_loss: 1.21472
  |- smoothness_loss: 0.20902
LR: 2.500e-05
Hole frames in this epoch: [15, 15]

Epoch 262 | Train Loss: 0.13250 | Val Loss: 0.36519
Train Loss Components:
  |- loss_rot: 0.03080
  |- loss_pos: 0.12690
  |- fk_loss: 0.55902
  |- smoothness_loss: 0.34519
Val Loss Components:
  |- loss_rot: 0.03551
  |- loss_pos: 0.61313
  |- fk_loss: 1.20898
  |- smoothness_loss: 0.21311
LR: 2.500e-05
Hole frames in this epoch: [15, 15]

Epoch 263 | Train Loss: 0.13227 | Val Loss: 0.36497
Train Loss Components:
  |- loss_rot: 0.02979
  |- loss_pos: 0.13105
  |- fk_loss: 0.57068
  |- smoothness_loss: 0.35325
Val Loss Components:
  |- loss_rot: 0.03548
  |- loss_pos: 0.61472
  |- fk_loss: 1.21537
  |- smoothness_loss: 0.21096
LR: 2.500e-05
Hole frames in this epoch: [15, 15]

Epoch 264 | Train Loss: 0.13211 | Val Loss: 0.36473
Train Loss Components:
  |- loss_rot: 0.02820
  |- loss_pos: 0.12237
  |- fk_loss: 0.52798
  |- smoothness_loss: 0.28012
Val Loss Components:
  |- loss_rot: 0.03551
  |- loss_pos: 0.60468
  |- fk_loss: 1.20235
  |- smoothness_loss: 0.21191
LR: 2.500e-05
Hole frames in this epoch: [15, 15]

Epoch 265 | Train Loss: 0.13008 | Val Loss: 0.36367
Train Loss Components:
  |- loss_rot: 0.03148
  |- loss_pos: 0.13044
  |- fk_loss: 0.58227
  |- smoothness_loss: 0.39393
Val Loss Components:
  |- loss_rot: 0.03545
  |- loss_pos: 0.61501
  |- fk_loss: 1.21059
  |- smoothness_loss: 0.21077
LR: 1.250e-05
Hole frames in this epoch: [15, 15]

Epoch 266 | Train Loss: 0.12886 | Val Loss: 0.36382
Train Loss Components:
  |- loss_rot: 0.03129
  |- loss_pos: 0.11782
  |- fk_loss: 0.56775
  |- smoothness_loss: 0.35788
Val Loss Components:
  |- loss_rot: 0.03543
  |- loss_pos: 0.61681
  |- fk_loss: 1.21390
  |- smoothness_loss: 0.21120
LR: 1.250e-05
Hole frames in this epoch: [15, 15]

Epoch 267 | Train Loss: 0.12841 | Val Loss: 0.36375
Train Loss Components:
  |- loss_rot: 0.03169
  |- loss_pos: 0.12553
  |- fk_loss: 0.59266
  |- smoothness_loss: 0.39854
Val Loss Components:
  |- loss_rot: 0.03542
  |- loss_pos: 0.61923
  |- fk_loss: 1.21217
  |- smoothness_loss: 0.21197
LR: 1.250e-05
Hole frames in this epoch: [15, 15]

Epoch 268 | Train Loss: 0.12815 | Val Loss: 0.36371
Train Loss Components:
  |- loss_rot: 0.03137
  |- loss_pos: 0.12400
  |- fk_loss: 0.58234
  |- smoothness_loss: 0.40375
Val Loss Components:
  |- loss_rot: 0.03543
  |- loss_pos: 0.61188
  |- fk_loss: 1.21098
  |- smoothness_loss: 0.21196
LR: 1.250e-05
Hole frames in this epoch: [15, 15]

Epoch 269 | Train Loss: 0.12807 | Val Loss: 0.36365
Train Loss Components:
  |- loss_rot: 0.02982
  |- loss_pos: 0.11699
  |- fk_loss: 0.53587
  |- smoothness_loss: 0.33573
Val Loss Components:
  |- loss_rot: 0.03541
  |- loss_pos: 0.61378
  |- fk_loss: 1.20638
  |- smoothness_loss: 0.21221
LR: 1.250e-05
Hole frames in this epoch: [15, 15]

Epoch 270 | Train Loss: 0.12784 | Val Loss: 0.36349
Train Loss Components:
  |- loss_rot: 0.02951
  |- loss_pos: 0.11999
  |- fk_loss: 0.54777
  |- smoothness_loss: 0.33436
Val Loss Components:
  |- loss_rot: 0.03541
  |- loss_pos: 0.61333
  |- fk_loss: 1.20828
  |- smoothness_loss: 0.21058
LR: 1.250e-05
Hole frames in this epoch: [15, 15]

Epoch 271 | Train Loss: 0.12778 | Val Loss: 0.36353
Train Loss Components:
  |- loss_rot: 0.02892
  |- loss_pos: 0.11592
  |- fk_loss: 0.52126
  |- smoothness_loss: 0.34380
Val Loss Components:
  |- loss_rot: 0.03543
  |- loss_pos: 0.61071
  |- fk_loss: 1.20779
  |- smoothness_loss: 0.21114
LR: 1.250e-05
Hole frames in this epoch: [15, 15]

Epoch 272 | Train Loss: 0.12760 | Val Loss: 0.36371
Train Loss Components:
  |- loss_rot: 0.02785
  |- loss_pos: 0.11479
  |- fk_loss: 0.49538
  |- smoothness_loss: 0.29445
Val Loss Components:
  |- loss_rot: 0.03541
  |- loss_pos: 0.61404
  |- fk_loss: 1.21057
  |- smoothness_loss: 0.21020
LR: 1.250e-05
Hole frames in this epoch: [15, 15]

Epoch 273 | Train Loss: 0.12762 | Val Loss: 0.36351
Train Loss Components:
  |- loss_rot: 0.02877
  |- loss_pos: 0.11808
  |- fk_loss: 0.52057
  |- smoothness_loss: 0.33724
Val Loss Components:
  |- loss_rot: 0.03539
  |- loss_pos: 0.60931
  |- fk_loss: 1.20721
  |- smoothness_loss: 0.21017
LR: 1.250e-05
Hole frames in this epoch: [15, 15]

Epoch 274 | Train Loss: 0.12750 | Val Loss: 0.36345
Train Loss Components:
  |- loss_rot: 0.02816
  |- loss_pos: 0.11503
  |- fk_loss: 0.50783
  |- smoothness_loss: 0.29907
Val Loss Components:
  |- loss_rot: 0.03540
  |- loss_pos: 0.61381
  |- fk_loss: 1.20424
  |- smoothness_loss: 0.21234
LR: 1.250e-05
Hole frames in this epoch: [15, 15]

Epoch 275 | Train Loss: 0.12728 | Val Loss: 0.36359
Train Loss Components:
  |- loss_rot: 0.02810
  |- loss_pos: 0.11310
  |- fk_loss: 0.50694
  |- smoothness_loss: 0.30121
Val Loss Components:
  |- loss_rot: 0.03544
  |- loss_pos: 0.61128
  |- fk_loss: 1.20294
  |- smoothness_loss: 0.21133
LR: 1.250e-05
Hole frames in this epoch: [15, 15]

Epoch 276 | Train Loss: 0.12729 | Val Loss: 0.36328
Train Loss Components:
  |- loss_rot: 0.02948
  |- loss_pos: 0.11288
  |- fk_loss: 0.53979
  |- smoothness_loss: 0.31140
Val Loss Components:
  |- loss_rot: 0.03536
  |- loss_pos: 0.61184
  |- fk_loss: 1.20435
  |- smoothness_loss: 0.21108
LR: 1.250e-05
Hole frames in this epoch: [15, 15]

Epoch 277 | Train Loss: 0.12726 | Val Loss: 0.36342
Train Loss Components:
  |- loss_rot: 0.03100
  |- loss_pos: 0.12057
  |- fk_loss: 0.55511
  |- smoothness_loss: 0.36561
Val Loss Components:
  |- loss_rot: 0.03534
  |- loss_pos: 0.60974
  |- fk_loss: 1.20037
  |- smoothness_loss: 0.21069
LR: 1.250e-05
Hole frames in this epoch: [15, 15]

Epoch 278 | Train Loss: 0.12724 | Val Loss: 0.36348
Train Loss Components:
  |- loss_rot: 0.02896
  |- loss_pos: 0.11985
  |- fk_loss: 0.53023
  |- smoothness_loss: 0.37202
Val Loss Components:
  |- loss_rot: 0.03534
  |- loss_pos: 0.60987
  |- fk_loss: 1.20391
  |- smoothness_loss: 0.21005
LR: 1.250e-05
Hole frames in this epoch: [15, 15]

Epoch 279 | Train Loss: 0.12716 | Val Loss: 0.36323
Train Loss Components:
  |- loss_rot: 0.03078
  |- loss_pos: 0.11767
  |- fk_loss: 0.54693
  |- smoothness_loss: 0.36060
Val Loss Components:
  |- loss_rot: 0.03530
  |- loss_pos: 0.60851
  |- fk_loss: 1.20329
  |- smoothness_loss: 0.21009
LR: 1.250e-05
Hole frames in this epoch: [15, 15]

Epoch 280 | Train Loss: 0.12697 | Val Loss: 0.36340
Train Loss Components:
  |- loss_rot: 0.02711
  |- loss_pos: 0.11266
  |- fk_loss: 0.48381
  |- smoothness_loss: 0.29432
Val Loss Components:
  |- loss_rot: 0.03533
  |- loss_pos: 0.61143
  |- fk_loss: 1.20642
  |- smoothness_loss: 0.21041
LR: 1.250e-05
Hole frames in this epoch: [15, 15]

Epoch 281 | Train Loss: 0.12692 | Val Loss: 0.36330
Train Loss Components:
  |- loss_rot: 0.02778
  |- loss_pos: 0.11020
  |- fk_loss: 0.49702
  |- smoothness_loss: 0.34493
Val Loss Components:
  |- loss_rot: 0.03534
  |- loss_pos: 0.60829
  |- fk_loss: 1.20284
  |- smoothness_loss: 0.21128
LR: 1.250e-05
Hole frames in this epoch: [15, 15]

Epoch 282 | Train Loss: 0.12690 | Val Loss: 0.36330
Train Loss Components:
  |- loss_rot: 0.02978
  |- loss_pos: 0.12011
  |- fk_loss: 0.54458
  |- smoothness_loss: 0.37435
Val Loss Components:
  |- loss_rot: 0.03536
  |- loss_pos: 0.61106
  |- fk_loss: 1.20611
  |- smoothness_loss: 0.21038
LR: 1.250e-05
Hole frames in this epoch: [15, 15]

Epoch 283 | Train Loss: 0.12680 | Val Loss: 0.36326
Train Loss Components:
  |- loss_rot: 0.02959
  |- loss_pos: 0.11405
  |- fk_loss: 0.55978
  |- smoothness_loss: 0.31624
Val Loss Components:
  |- loss_rot: 0.03534
  |- loss_pos: 0.61506
  |- fk_loss: 1.20795
  |- smoothness_loss: 0.21032
LR: 1.250e-05
Hole frames in this epoch: [15, 15]

Epoch 284 | Train Loss: 0.12670 | Val Loss: 0.36305
Train Loss Components:
  |- loss_rot: 0.02683
  |- loss_pos: 0.10748
  |- fk_loss: 0.47422
  |- smoothness_loss: 0.26872
Val Loss Components:
  |- loss_rot: 0.03539
  |- loss_pos: 0.61037
  |- fk_loss: 1.20275
  |- smoothness_loss: 0.21160
LR: 1.250e-05
Hole frames in this epoch: [15, 15]

Epoch 285 | Train Loss: 0.12667 | Val Loss: 0.36317
Train Loss Components:
  |- loss_rot: 0.02908
  |- loss_pos: 0.11421
  |- fk_loss: 0.57053
  |- smoothness_loss: 0.38533
Val Loss Components:
  |- loss_rot: 0.03535
  |- loss_pos: 0.60876
  |- fk_loss: 1.20326
  |- smoothness_loss: 0.21208
LR: 1.250e-05
Hole frames in this epoch: [15, 15]

Epoch 286 | Train Loss: 0.12659 | Val Loss: 0.36299
Train Loss Components:
  |- loss_rot: 0.03145
  |- loss_pos: 0.12004
  |- fk_loss: 0.55413
  |- smoothness_loss: 0.38535
Val Loss Components:
  |- loss_rot: 0.03532
  |- loss_pos: 0.61402
  |- fk_loss: 1.20323
  |- smoothness_loss: 0.21066
LR: 1.250e-05
Hole frames in this epoch: [15, 15]

Epoch 287 | Train Loss: 0.12639 | Val Loss: 0.36310
Train Loss Components:
  |- loss_rot: 0.02816
  |- loss_pos: 0.11422
  |- fk_loss: 0.50588
  |- smoothness_loss: 0.28636
Val Loss Components:
  |- loss_rot: 0.03528
  |- loss_pos: 0.61029
  |- fk_loss: 1.19873
  |- smoothness_loss: 0.21103
LR: 1.250e-05
Hole frames in this epoch: [15, 15]

Epoch 288 | Train Loss: 0.12637 | Val Loss: 0.36278
Train Loss Components:
  |- loss_rot: 0.02863
  |- loss_pos: 0.11024
  |- fk_loss: 0.50954
  |- smoothness_loss: 0.32128
Val Loss Components:
  |- loss_rot: 0.03530
  |- loss_pos: 0.60907
  |- fk_loss: 1.19828
  |- smoothness_loss: 0.21117
LR: 1.250e-05
Hole frames in this epoch: [15, 15]

Epoch 289 | Train Loss: 0.12636 | Val Loss: 0.36323
Train Loss Components:
  |- loss_rot: 0.03137
  |- loss_pos: 0.11917
  |- fk_loss: 0.55466
  |- smoothness_loss: 0.39602
Val Loss Components:
  |- loss_rot: 0.03534
  |- loss_pos: 0.60832
  |- fk_loss: 1.20377
  |- smoothness_loss: 0.21147
LR: 1.250e-05
Hole frames in this epoch: [15, 15]

Epoch 290 | Train Loss: 0.12627 | Val Loss: 0.36294
Train Loss Components:
  |- loss_rot: 0.02917
  |- loss_pos: 0.10891
  |- fk_loss: 0.50382
  |- smoothness_loss: 0.30067
Val Loss Components:
  |- loss_rot: 0.03534
  |- loss_pos: 0.61007
  |- fk_loss: 1.20464
  |- smoothness_loss: 0.21091
LR: 1.250e-05
Hole frames in this epoch: [15, 15]

Epoch 291 | Train Loss: 0.12622 | Val Loss: 0.36326
Train Loss Components:
  |- loss_rot: 0.02751
  |- loss_pos: 0.11625
  |- fk_loss: 0.50551
  |- smoothness_loss: 0.30284
Val Loss Components:
  |- loss_rot: 0.03542
  |- loss_pos: 0.61098
  |- fk_loss: 1.20435
  |- smoothness_loss: 0.20975
LR: 1.250e-05
Hole frames in this epoch: [15, 15]

Epoch 292 | Train Loss: 0.12615 | Val Loss: 0.36316
Train Loss Components:
  |- loss_rot: 0.02921
  |- loss_pos: 0.12425
  |- fk_loss: 0.54912
  |- smoothness_loss: 0.41314
Val Loss Components:
  |- loss_rot: 0.03538
  |- loss_pos: 0.61297
  |- fk_loss: 1.20456
  |- smoothness_loss: 0.21139
LR: 1.250e-05
Hole frames in this epoch: [15, 15]

Epoch 293 | Train Loss: 0.12607 | Val Loss: 0.36280
Train Loss Components:
  |- loss_rot: 0.02833
  |- loss_pos: 0.11271
  |- fk_loss: 0.50808
  |- smoothness_loss: 0.32023
Val Loss Components:
  |- loss_rot: 0.03531
  |- loss_pos: 0.61198
  |- fk_loss: 1.20166
  |- smoothness_loss: 0.21167
LR: 1.250e-05
Hole frames in this epoch: [15, 15]

Epoch 294 | Train Loss: 0.12598 | Val Loss: 0.36275
Train Loss Components:
  |- loss_rot: 0.02871
  |- loss_pos: 0.11292
  |- fk_loss: 0.51196
  |- smoothness_loss: 0.32182
Val Loss Components:
  |- loss_rot: 0.03536
  |- loss_pos: 0.61056
  |- fk_loss: 1.20250
  |- smoothness_loss: 0.21066
LR: 1.250e-05
Hole frames in this epoch: [15, 15]

Epoch 295 | Train Loss: 0.12508 | Val Loss: 0.36257
Train Loss Components:
  |- loss_rot: 0.02771
  |- loss_pos: 0.10849
  |- fk_loss: 0.49196
  |- smoothness_loss: 0.29889
Val Loss Components:
  |- loss_rot: 0.03532
  |- loss_pos: 0.61163
  |- fk_loss: 1.20078
  |- smoothness_loss: 0.21124
LR: 6.250e-06
Hole frames in this epoch: [15, 15]

Epoch 296 | Train Loss: 0.12465 | Val Loss: 0.36250
Train Loss Components:
  |- loss_rot: 0.02739
  |- loss_pos: 0.10479
  |- fk_loss: 0.48151
  |- smoothness_loss: 0.27644
Val Loss Components:
  |- loss_rot: 0.03531
  |- loss_pos: 0.61071
  |- fk_loss: 1.20116
  |- smoothness_loss: 0.21005
LR: 6.250e-06
Hole frames in this epoch: [15, 15]

Epoch 297 | Train Loss: 0.12442 | Val Loss: 0.36254
Train Loss Components:
  |- loss_rot: 0.03009
  |- loss_pos: 0.11761
  |- fk_loss: 0.55450
  |- smoothness_loss: 0.33781
Val Loss Components:
  |- loss_rot: 0.03533
  |- loss_pos: 0.61063
  |- fk_loss: 1.20003
  |- smoothness_loss: 0.21122
LR: 6.250e-06
Hole frames in this epoch: [15, 15]

Epoch 298 | Train Loss: 0.12424 | Val Loss: 0.36242
Train Loss Components:
  |- loss_rot: 0.02914
  |- loss_pos: 0.11147
  |- fk_loss: 0.56135
  |- smoothness_loss: 0.32295
Val Loss Components:
  |- loss_rot: 0.03533
  |- loss_pos: 0.61237
  |- fk_loss: 1.20181
  |- smoothness_loss: 0.21147
LR: 6.250e-06
Hole frames in this epoch: [15, 15]

Epoch 299 | Train Loss: 0.12413 | Val Loss: 0.36229
Train Loss Components:
  |- loss_rot: 0.02931
  |- loss_pos: 0.11359
  |- fk_loss: 0.51856
  |- smoothness_loss: 0.35487
Val Loss Components:
  |- loss_rot: 0.03533
  |- loss_pos: 0.60762
  |- fk_loss: 1.19772
  |- smoothness_loss: 0.21127
LR: 6.250e-06
Hole frames in this epoch: [15, 15]

Epoch 300 | Train Loss: 0.12411 | Val Loss: 0.36238
Train Loss Components:
  |- loss_rot: 0.02929
  |- loss_pos: 0.11282
  |- fk_loss: 0.55656
  |- smoothness_loss: 0.38492
Val Loss Components:
  |- loss_rot: 0.03533
  |- loss_pos: 0.60934
  |- fk_loss: 1.20143
  |- smoothness_loss: 0.21205
LR: 6.250e-06
Hole frames in this epoch: [15, 15]

Epoch 301 | Train Loss: 0.12407 | Val Loss: 0.36221
Train Loss Components:
  |- loss_rot: 0.02839
  |- loss_pos: 0.10987
  |- fk_loss: 0.50389
  |- smoothness_loss: 0.35891
Val Loss Components:
  |- loss_rot: 0.03532
  |- loss_pos: 0.60817
  |- fk_loss: 1.19903
  |- smoothness_loss: 0.21121
LR: 6.250e-06
Hole frames in this epoch: [15, 15]

Epoch 302 | Train Loss: 0.12404 | Val Loss: 0.36209
Train Loss Components:
  |- loss_rot: 0.03120
  |- loss_pos: 0.11713
  |- fk_loss: 0.54773
  |- smoothness_loss: 0.36800
Val Loss Components:
  |- loss_rot: 0.03529
  |- loss_pos: 0.60643
  |- fk_loss: 1.19743
  |- smoothness_loss: 0.21137
LR: 6.250e-06
Hole frames in this epoch: [15, 15]

Epoch 303 | Train Loss: 0.12392 | Val Loss: 0.36243
Train Loss Components:
  |- loss_rot: 0.02939
  |- loss_pos: 0.11076
  |- fk_loss: 0.51683
  |- smoothness_loss: 0.35741
Val Loss Components:
  |- loss_rot: 0.03532
  |- loss_pos: 0.60891
  |- fk_loss: 1.19805
  |- smoothness_loss: 0.21264
LR: 6.250e-06
Hole frames in this epoch: [15, 15]

Epoch 304 | Train Loss: 0.12385 | Val Loss: 0.36231
Train Loss Components:
  |- loss_rot: 0.02781
  |- loss_pos: 0.10508
  |- fk_loss: 0.49382
  |- smoothness_loss: 0.29341
Val Loss Components:
  |- loss_rot: 0.03532
  |- loss_pos: 0.60962
  |- fk_loss: 1.19961
  |- smoothness_loss: 0.21215
LR: 6.250e-06
Hole frames in this epoch: [15, 15]

Epoch 305 | Train Loss: 0.12379 | Val Loss: 0.36215
Train Loss Components:
  |- loss_rot: 0.02683
  |- loss_pos: 0.10963
  |- fk_loss: 0.48392
  |- smoothness_loss: 0.32379
Val Loss Components:
  |- loss_rot: 0.03532
  |- loss_pos: 0.60779
  |- fk_loss: 1.19902
  |- smoothness_loss: 0.21132
LR: 6.250e-06
Hole frames in this epoch: [15, 15]

Epoch 306 | Train Loss: 0.12377 | Val Loss: 0.36226
Train Loss Components:
  |- loss_rot: 0.03017
  |- loss_pos: 0.10938
  |- fk_loss: 0.52662
  |- smoothness_loss: 0.37709
Val Loss Components:
  |- loss_rot: 0.03533
  |- loss_pos: 0.60719
  |- fk_loss: 1.19880
  |- smoothness_loss: 0.21283
LR: 6.250e-06
Hole frames in this epoch: [15, 15]

Epoch 307 | Train Loss: 0.12379 | Val Loss: 0.36206
Train Loss Components:
  |- loss_rot: 0.02914
  |- loss_pos: 0.11073
  |- fk_loss: 0.51159
  |- smoothness_loss: 0.31167
Val Loss Components:
  |- loss_rot: 0.03530
  |- loss_pos: 0.60692
  |- fk_loss: 1.19869
  |- smoothness_loss: 0.21033
LR: 6.250e-06
Hole frames in this epoch: [15, 15]

Epoch 308 | Train Loss: 0.12373 | Val Loss: 0.36223
Train Loss Components:
  |- loss_rot: 0.02758
  |- loss_pos: 0.10523
  |- fk_loss: 0.48149
  |- smoothness_loss: 0.27932
Val Loss Components:
  |- loss_rot: 0.03530
  |- loss_pos: 0.60875
  |- fk_loss: 1.19949
  |- smoothness_loss: 0.21001
LR: 6.250e-06
Hole frames in this epoch: [15, 15]

Epoch 309 | Train Loss: 0.12334 | Val Loss: 0.36181
Train Loss Components:
  |- loss_rot: 0.02950
  |- loss_pos: 0.11250
  |- fk_loss: 0.53001
  |- smoothness_loss: 0.37296
Val Loss Components:
  |- loss_rot: 0.03531
  |- loss_pos: 0.60660
  |- fk_loss: 1.19903
  |- smoothness_loss: 0.21123
LR: 3.125e-06
Hole frames in this epoch: [15, 15]

Epoch 310 | Train Loss: 0.12311 | Val Loss: 0.36205
Train Loss Components:
  |- loss_rot: 0.02704
  |- loss_pos: 0.10589
  |- fk_loss: 0.48203
  |- smoothness_loss: 0.30348
Val Loss Components:
  |- loss_rot: 0.03532
  |- loss_pos: 0.60472
  |- fk_loss: 1.19954
  |- smoothness_loss: 0.21257
LR: 3.125e-06
Hole frames in this epoch: [15, 15]

Epoch 311 | Train Loss: 0.12303 | Val Loss: 0.36220
Train Loss Components:
  |- loss_rot: 0.02772
  |- loss_pos: 0.10533
  |- fk_loss: 0.47970
  |- smoothness_loss: 0.30284
Val Loss Components:
  |- loss_rot: 0.03530
  |- loss_pos: 0.60714
  |- fk_loss: 1.19759
  |- smoothness_loss: 0.21215
LR: 3.125e-06
Hole frames in this epoch: [15, 15]

Epoch 312 | Train Loss: 0.12290 | Val Loss: 0.36198
Train Loss Components:
  |- loss_rot: 0.02732
  |- loss_pos: 0.10666
  |- fk_loss: 0.49115
  |- smoothness_loss: 0.28818
Val Loss Components:
  |- loss_rot: 0.03530
  |- loss_pos: 0.60927
  |- fk_loss: 1.19879
  |- smoothness_loss: 0.21210
LR: 3.125e-06
Hole frames in this epoch: [15, 15]

Epoch 313 | Train Loss: 0.12294 | Val Loss: 0.36182
Train Loss Components:
  |- loss_rot: 0.02998
  |- loss_pos: 0.11262
  |- fk_loss: 0.52052
  |- smoothness_loss: 0.35615
Val Loss Components:
  |- loss_rot: 0.03529
  |- loss_pos: 0.60750
  |- fk_loss: 1.19862
  |- smoothness_loss: 0.21191
LR: 3.125e-06
Hole frames in this epoch: [15, 15]

Epoch 314 | Train Loss: 0.12290 | Val Loss: 0.36202
Train Loss Components:
  |- loss_rot: 0.02979
  |- loss_pos: 0.11331
  |- fk_loss: 0.52639
  |- smoothness_loss: 0.39026
Val Loss Components:
  |- loss_rot: 0.03531
  |- loss_pos: 0.60746
  |- fk_loss: 1.19957
  |- smoothness_loss: 0.21180
LR: 3.125e-06
Hole frames in this epoch: [15, 15]

Epoch 315 | Train Loss: 0.12281 | Val Loss: 0.36199
Train Loss Components:
  |- loss_rot: 0.03056
  |- loss_pos: 0.12026
  |- fk_loss: 0.55175
  |- smoothness_loss: 0.38534
Val Loss Components:
  |- loss_rot: 0.03530
  |- loss_pos: 0.60722
  |- fk_loss: 1.19853
  |- smoothness_loss: 0.21181
LR: 3.125e-06
Hole frames in this epoch: [15, 15]

Epoch 316 | Train Loss: 0.12266 | Val Loss: 0.36186
Train Loss Components:
  |- loss_rot: 0.02945
  |- loss_pos: 0.11024
  |- fk_loss: 0.51780
  |- smoothness_loss: 0.35787
Val Loss Components:
  |- loss_rot: 0.03529
  |- loss_pos: 0.60641
  |- fk_loss: 1.19649
  |- smoothness_loss: 0.21224
LR: 1.563e-06
Hole frames in this epoch: [15, 15]

Epoch 317 | Train Loss: 0.12255 | Val Loss: 0.36184
Train Loss Components:
  |- loss_rot: 0.03029
  |- loss_pos: 0.11084
  |- fk_loss: 0.53542
  |- smoothness_loss: 0.37639
Val Loss Components:
  |- loss_rot: 0.03528
  |- loss_pos: 0.60689
  |- fk_loss: 1.19763
  |- smoothness_loss: 0.21144
LR: 1.563e-06
Hole frames in this epoch: [15, 15]

Training time: 11851.01 s