Epoch 1 | Train Loss: 0.72677 | Val Loss: 1.20413
Train Loss Components:
  |- loss_rot: 0.09122
  |- loss_pos: 0.40556
  |- fk_loss: 2.61041
  |- smoothness_loss: 0.32988
Val Loss Components:
  |- loss_rot: 0.11112
  |- loss_pos: 2.09609
  |- fk_loss: 4.72849
  |- smoothness_loss: 0.01304
LR: 1.000e-04
Hole frames in this epoch: [4, 6]

Epoch 2 | Train Loss: 0.52902 | Val Loss: 1.13955
Train Loss Components:
  |- loss_rot: 0.07680
  |- loss_pos: 0.73568
  |- fk_loss: 2.08464
  |- smoothness_loss: 0.17292
Val Loss Components:
  |- loss_rot: 0.09429
  |- loss_pos: 2.09470
  |- fk_loss: 4.20331
  |- smoothness_loss: 0.01322
LR: 1.000e-04
Hole frames in this epoch: [4, 8]

Epoch 3 | Train Loss: 0.52499 | Val Loss: 1.11161
Train Loss Components:
  |- loss_rot: 0.06041
  |- loss_pos: 0.53010
  |- fk_loss: 1.50977
  |- smoothness_loss: 0.15040
Val Loss Components:
  |- loss_rot: 0.08255
  |- loss_pos: 2.09447
  |- fk_loss: 3.99398
  |- smoothness_loss: 0.01295
LR: 1.000e-04
Hole frames in this epoch: [4, 10]

Epoch 4 | Train Loss: 0.56508 | Val Loss: 1.09422
Train Loss Components:
  |- loss_rot: 0.05725
  |- loss_pos: 0.97371
  |- fk_loss: 1.96034
  |- smoothness_loss: 0.10157
Val Loss Components:
  |- loss_rot: 0.07380
  |- loss_pos: 2.08815
  |- fk_loss: 3.88561
  |- smoothness_loss: 0.01320
LR: 1.000e-04
Hole frames in this epoch: [4, 12]

Epoch 5 | Train Loss: 0.60579 | Val Loss: 1.07572
Train Loss Components:
  |- loss_rot: 0.03753
  |- loss_pos: 0.38308
  |- fk_loss: 0.99486
  |- smoothness_loss: 0.12832
Val Loss Components:
  |- loss_rot: 0.06660
  |- loss_pos: 2.06741
  |- fk_loss: 3.80469
  |- smoothness_loss: 0.01354
LR: 1.000e-04
Hole frames in this epoch: [4, 14]

Epoch 6 | Train Loss: 0.64209 | Val Loss: 1.05582
Train Loss Components:
  |- loss_rot: 0.04369
  |- loss_pos: 1.00887
  |- fk_loss: 1.91240
  |- smoothness_loss: 0.07944
Val Loss Components:
  |- loss_rot: 0.06052
  |- loss_pos: 2.05432
  |- fk_loss: 3.73624
  |- smoothness_loss: 0.01581
LR: 1.000e-04
Hole frames in this epoch: [4, 16]

Epoch 7 | Train Loss: 0.63476 | Val Loss: 1.04741
Train Loss Components:
  |- loss_rot: 0.05050
  |- loss_pos: 2.03031
  |- fk_loss: 3.27508
  |- smoothness_loss: 0.04133
Val Loss Components:
  |- loss_rot: 0.05734
  |- loss_pos: 2.04735
  |- fk_loss: 3.69036
  |- smoothness_loss: 0.01465
LR: 1.000e-04
Hole frames in this epoch: [4, 16]

Epoch 8 | Train Loss: 0.63172 | Val Loss: 1.03198
Train Loss Components:
  |- loss_rot: 0.02543
  |- loss_pos: 0.55678
  |- fk_loss: 1.01001
  |- smoothness_loss: 0.05011
Val Loss Components:
  |- loss_rot: 0.05479
  |- loss_pos: 2.03913
  |- fk_loss: 3.63631
  |- smoothness_loss: 0.01638
LR: 1.000e-04
Hole frames in this epoch: [4, 16]

Epoch 9 | Train Loss: 0.63832 | Val Loss: 1.02477
Train Loss Components:
  |- loss_rot: 0.03592
  |- loss_pos: 1.12602
  |- fk_loss: 1.98431
  |- smoothness_loss: 0.03481
Val Loss Components:
  |- loss_rot: 0.05290
  |- loss_pos: 2.03323
  |- fk_loss: 3.60708
  |- smoothness_loss: 0.01612
LR: 1.000e-04
Hole frames in this epoch: [4, 16]

Epoch 10 | Train Loss: 0.62306 | Val Loss: 1.00999
Train Loss Components:
  |- loss_rot: 0.02796
  |- loss_pos: 0.92919
  |- fk_loss: 1.54023
  |- smoothness_loss: 0.05120
Val Loss Components:
  |- loss_rot: 0.05204
  |- loss_pos: 1.94683
  |- fk_loss: 3.56199
  |- smoothness_loss: 0.01830
LR: 1.000e-04
Hole frames in this epoch: [4, 16]

Epoch 11 | Train Loss: 0.64466 | Val Loss: 0.99569
Train Loss Components:
  |- loss_rot: 0.03364
  |- loss_pos: 1.07671
  |- fk_loss: 1.95479
  |- smoothness_loss: 0.04335
Val Loss Components:
  |- loss_rot: 0.05091
  |- loss_pos: 1.95541
  |- fk_loss: 3.57836
  |- smoothness_loss: 0.01647
LR: 1.000e-04
Hole frames in this epoch: [4, 16]

Epoch 12 | Train Loss: 0.58458 | Val Loss: 0.97118
Train Loss Components:
  |- loss_rot: 0.03615
  |- loss_pos: 1.21920
  |- fk_loss: 2.24513
  |- smoothness_loss: 0.03220
Val Loss Components:
  |- loss_rot: 0.05038
  |- loss_pos: 1.87473
  |- fk_loss: 3.51980
  |- smoothness_loss: 0.01558
LR: 1.000e-04
Hole frames in this epoch: [4, 16]

Epoch 13 | Train Loss: 0.56887 | Val Loss: 0.90946
Train Loss Components:
  |- loss_rot: 0.04310
  |- loss_pos: 1.59453
  |- fk_loss: 2.78065
  |- smoothness_loss: 0.04927
Val Loss Components:
  |- loss_rot: 0.05014
  |- loss_pos: 1.77523
  |- fk_loss: 3.47610
  |- smoothness_loss: 0.02070
LR: 1.000e-04
Hole frames in this epoch: [4, 16]

Epoch 14 | Train Loss: 0.54787 | Val Loss: 0.91252
Train Loss Components:
  |- loss_rot: 0.01355
  |- loss_pos: 0.36003
  |- fk_loss: 0.60101
  |- smoothness_loss: 0.05713
Val Loss Components:
  |- loss_rot: 0.05009
  |- loss_pos: 1.76946
  |- fk_loss: 3.46252
  |- smoothness_loss: 0.02504
LR: 1.000e-04
Hole frames in this epoch: [4, 16]

Epoch 15 | Train Loss: 0.54524 | Val Loss: 0.88127
Train Loss Components:
  |- loss_rot: 0.04462
  |- loss_pos: 1.44947
  |- fk_loss: 2.82578
  |- smoothness_loss: 0.05662
Val Loss Components:
  |- loss_rot: 0.05065
  |- loss_pos: 1.71001
  |- fk_loss: 3.38353
  |- smoothness_loss: 0.02291
LR: 1.000e-04
Hole frames in this epoch: [4, 16]

Epoch 16 | Train Loss: 0.54523 | Val Loss: 0.86807
Train Loss Components:
  |- loss_rot: 0.03710
  |- loss_pos: 1.10531
  |- fk_loss: 2.22470
  |- smoothness_loss: 0.06060
Val Loss Components:
  |- loss_rot: 0.05080
  |- loss_pos: 1.67657
  |- fk_loss: 3.28184
  |- smoothness_loss: 0.02485
LR: 1.000e-04
Hole frames in this epoch: [4, 16]

Epoch 17 | Train Loss: 0.54938 | Val Loss: 0.86844
Train Loss Components:
  |- loss_rot: 0.02569
  |- loss_pos: 0.74839
  |- fk_loss: 1.37806
  |- smoothness_loss: 0.06309
Val Loss Components:
  |- loss_rot: 0.05076
  |- loss_pos: 1.67179
  |- fk_loss: 3.28265
  |- smoothness_loss: 0.03054
LR: 1.000e-04
Hole frames in this epoch: [4, 16]

Epoch 18 | Train Loss: 0.51925 | Val Loss: 0.82149
Train Loss Components:
  |- loss_rot: 0.03819
  |- loss_pos: 1.15764
  |- fk_loss: 2.35202
  |- smoothness_loss: 0.08879
Val Loss Components:
  |- loss_rot: 0.05059
  |- loss_pos: 1.54084
  |- fk_loss: 3.17889
  |- smoothness_loss: 0.04873
LR: 1.000e-04
Hole frames in this epoch: [4, 16]

Epoch 19 | Train Loss: 0.50553 | Val Loss: 0.78803
Train Loss Components:
  |- loss_rot: 0.01325
  |- loss_pos: 0.24845
  |- fk_loss: 0.53462
  |- smoothness_loss: 0.13339
Val Loss Components:
  |- loss_rot: 0.05123
  |- loss_pos: 1.40372
  |- fk_loss: 3.08671
  |- smoothness_loss: 0.06554
LR: 1.000e-04
Hole frames in this epoch: [4, 16]

Epoch 20 | Train Loss: 0.46383 | Val Loss: 0.76690
Train Loss Components:
  |- loss_rot: 0.03142
  |- loss_pos: 0.75789
  |- fk_loss: 1.57292
  |- smoothness_loss: 0.11091
Val Loss Components:
  |- loss_rot: 0.05071
  |- loss_pos: 1.34501
  |- fk_loss: 3.04345
  |- smoothness_loss: 0.05893
LR: 1.000e-04
Hole frames in this epoch: [4, 16]

Epoch 21 | Train Loss: 0.44233 | Val Loss: 0.75832
Train Loss Components:
  |- loss_rot: 0.03587
  |- loss_pos: 0.82121
  |- fk_loss: 1.88940
  |- smoothness_loss: 0.13380
Val Loss Components:
  |- loss_rot: 0.05080
  |- loss_pos: 1.37755
  |- fk_loss: 3.04810
  |- smoothness_loss: 0.06951
LR: 1.000e-04
Hole frames in this epoch: [4, 16]

Epoch 22 | Train Loss: 0.42934 | Val Loss: 0.74121
Train Loss Components:
  |- loss_rot: 0.03173
  |- loss_pos: 0.65638
  |- fk_loss: 1.52886
  |- smoothness_loss: 0.15891
Val Loss Components:
  |- loss_rot: 0.05119
  |- loss_pos: 1.36742
  |- fk_loss: 3.03660
  |- smoothness_loss: 0.07361
LR: 1.000e-04
Hole frames in this epoch: [4, 16]

Epoch 23 | Train Loss: 0.44536 | Val Loss: 0.72744
Train Loss Components:
  |- loss_rot: 0.04645
  |- loss_pos: 1.21654
  |- fk_loss: 2.53067
  |- smoothness_loss: 0.14932
Val Loss Components:
  |- loss_rot: 0.05152
  |- loss_pos: 1.31536
  |- fk_loss: 2.98544
  |- smoothness_loss: 0.08199
LR: 1.000e-04
Hole frames in this epoch: [4, 16]

Epoch 24 | Train Loss: 0.42852 | Val Loss: 0.72901
Train Loss Components:
  |- loss_rot: 0.01551
  |- loss_pos: 0.24767
  |- fk_loss: 0.61121
  |- smoothness_loss: 0.13334
Val Loss Components:
  |- loss_rot: 0.05071
  |- loss_pos: 1.31970
  |- fk_loss: 2.98641
  |- smoothness_loss: 0.06839
LR: 1.000e-04
Hole frames in this epoch: [4, 16]

Epoch 25 | Train Loss: 0.45059 | Val Loss: 0.71525
Train Loss Components:
  |- loss_rot: 0.02104
  |- loss_pos: 0.35071
  |- fk_loss: 0.85681
  |- smoothness_loss: 0.11004
Val Loss Components:
  |- loss_rot: 0.05117
  |- loss_pos: 1.31361
  |- fk_loss: 2.95785
  |- smoothness_loss: 0.08292
LR: 1.000e-04
Hole frames in this epoch: [4, 16]

Epoch 26 | Train Loss: 0.41600 | Val Loss: 0.70559
Train Loss Components:
  |- loss_rot: 0.01995
  |- loss_pos: 0.35012
  |- fk_loss: 0.82734
  |- smoothness_loss: 0.10372
Val Loss Components:
  |- loss_rot: 0.05156
  |- loss_pos: 1.32323
  |- fk_loss: 2.97389
  |- smoothness_loss: 0.09962
LR: 1.000e-04
Hole frames in this epoch: [4, 16]

Epoch 27 | Train Loss: 0.41520 | Val Loss: 0.71551
Train Loss Components:
  |- loss_rot: 0.03277
  |- loss_pos: 0.68800
  |- fk_loss: 1.56634
  |- smoothness_loss: 0.14953
Val Loss Components:
  |- loss_rot: 0.05137
  |- loss_pos: 1.29631
  |- fk_loss: 2.95348
  |- smoothness_loss: 0.08259
LR: 1.000e-04
Hole frames in this epoch: [4, 16]

Epoch 28 | Train Loss: 0.40392 | Val Loss: 0.69139
Train Loss Components:
  |- loss_rot: 0.04388
  |- loss_pos: 1.17522
  |- fk_loss: 2.53364
  |- smoothness_loss: 0.17272
Val Loss Components:
  |- loss_rot: 0.05054
  |- loss_pos: 1.27036
  |- fk_loss: 2.90424
  |- smoothness_loss: 0.07003
LR: 1.000e-04
Hole frames in this epoch: [4, 16]

Epoch 29 | Train Loss: 0.41765 | Val Loss: 0.69162
Train Loss Components:
  |- loss_rot: 0.02836
  |- loss_pos: 0.50852
  |- fk_loss: 1.25723
  |- smoothness_loss: 0.10190
Val Loss Components:
  |- loss_rot: 0.05114
  |- loss_pos: 1.30864
  |- fk_loss: 2.90098
  |- smoothness_loss: 0.07588
LR: 1.000e-04
Hole frames in this epoch: [4, 16]

Epoch 30 | Train Loss: 0.40038 | Val Loss: 0.67841
Train Loss Components:
  |- loss_rot: 0.02913
  |- loss_pos: 0.60919
  |- fk_loss: 1.33122
  |- smoothness_loss: 0.10312
Val Loss Components:
  |- loss_rot: 0.05115
  |- loss_pos: 1.24170
  |- fk_loss: 2.81115
  |- smoothness_loss: 0.08324
LR: 1.000e-04
Hole frames in this epoch: [4, 16]

Epoch 31 | Train Loss: 0.39770 | Val Loss: 0.67667
Train Loss Components:
  |- loss_rot: 0.02226
  |- loss_pos: 0.38879
  |- fk_loss: 0.90279
  |- smoothness_loss: 0.09466
Val Loss Components:
  |- loss_rot: 0.05090
  |- loss_pos: 1.25796
  |- fk_loss: 2.80747
  |- smoothness_loss: 0.08424
LR: 1.000e-04
Hole frames in this epoch: [4, 16]

Epoch 32 | Train Loss: 0.39926 | Val Loss: 0.66410
Train Loss Components:
  |- loss_rot: 0.03651
  |- loss_pos: 0.74042
  |- fk_loss: 1.73461
  |- smoothness_loss: 0.16742
Val Loss Components:
  |- loss_rot: 0.05142
  |- loss_pos: 1.23409
  |- fk_loss: 2.79277
  |- smoothness_loss: 0.09408
LR: 1.000e-04
Hole frames in this epoch: [4, 16]

Epoch 33 | Train Loss: 0.38226 | Val Loss: 0.66079
Train Loss Components:
  |- loss_rot: 0.01384
  |- loss_pos: 0.21230
  |- fk_loss: 0.51051
  |- smoothness_loss: 0.12456
Val Loss Components:
  |- loss_rot: 0.05051
  |- loss_pos: 1.17664
  |- fk_loss: 2.73191
  |- smoothness_loss: 0.09077
LR: 1.000e-04
Hole frames in this epoch: [4, 16]

Epoch 34 | Train Loss: 0.38011 | Val Loss: 0.65649
Train Loss Components:
  |- loss_rot: 0.04934
  |- loss_pos: 1.16026
  |- fk_loss: 2.55690
  |- smoothness_loss: 0.21412
Val Loss Components:
  |- loss_rot: 0.05067
  |- loss_pos: 1.18253
  |- fk_loss: 2.74839
  |- smoothness_loss: 0.08841
LR: 1.000e-04
Hole frames in this epoch: [4, 16]

Epoch 35 | Train Loss: 0.38522 | Val Loss: 0.64501
Train Loss Components:
  |- loss_rot: 0.04363
  |- loss_pos: 0.94354
  |- fk_loss: 2.27963
  |- smoothness_loss: 0.23962
Val Loss Components:
  |- loss_rot: 0.05112
  |- loss_pos: 1.19238
  |- fk_loss: 2.73562
  |- smoothness_loss: 0.09899
LR: 1.000e-04
Hole frames in this epoch: [4, 16]

Epoch 36 | Train Loss: 0.37887 | Val Loss: 0.65011
Train Loss Components:
  |- loss_rot: 0.03955
  |- loss_pos: 0.79853
  |- fk_loss: 1.87673
  |- smoothness_loss: 0.16476
Val Loss Components:
  |- loss_rot: 0.05073
  |- loss_pos: 1.23621
  |- fk_loss: 2.73047
  |- smoothness_loss: 0.09050
LR: 1.000e-04
Hole frames in this epoch: [4, 16]

Epoch 37 | Train Loss: 0.37582 | Val Loss: 0.64414
Train Loss Components:
  |- loss_rot: 0.04208
  |- loss_pos: 0.89308
  |- fk_loss: 2.05715
  |- smoothness_loss: 0.19676
Val Loss Components:
  |- loss_rot: 0.05102
  |- loss_pos: 1.19369
  |- fk_loss: 2.71344
  |- smoothness_loss: 0.09816
LR: 1.000e-04
Hole frames in this epoch: [4, 16]

Epoch 38 | Train Loss: 0.37181 | Val Loss: 0.64525
Train Loss Components:
  |- loss_rot: 0.02116
  |- loss_pos: 0.29959
  |- fk_loss: 0.74732
  |- smoothness_loss: 0.12326
Val Loss Components:
  |- loss_rot: 0.05169
  |- loss_pos: 1.22117
  |- fk_loss: 2.72588
  |- smoothness_loss: 0.11126
LR: 1.000e-04
Hole frames in this epoch: [4, 16]

Epoch 39 | Train Loss: 0.35800 | Val Loss: 0.63705
Train Loss Components:
  |- loss_rot: 0.03002
  |- loss_pos: 0.51653
  |- fk_loss: 1.25438
  |- smoothness_loss: 0.18115
Val Loss Components:
  |- loss_rot: 0.05087
  |- loss_pos: 1.16694
  |- fk_loss: 2.67763
  |- smoothness_loss: 0.09701
LR: 1.000e-04
Hole frames in this epoch: [4, 16]

Epoch 40 | Train Loss: 0.37288 | Val Loss: 0.62836
Train Loss Components:
  |- loss_rot: 0.03756
  |- loss_pos: 0.76692
  |- fk_loss: 1.75119
  |- smoothness_loss: 0.15791
Val Loss Components:
  |- loss_rot: 0.05128
  |- loss_pos: 1.10589
  |- fk_loss: 2.63112
  |- smoothness_loss: 0.09435
LR: 1.000e-04
Hole frames in this epoch: [4, 16]

Epoch 41 | Train Loss: 0.37111 | Val Loss: 0.62727
Train Loss Components:
  |- loss_rot: 0.02510
  |- loss_pos: 0.42309
  |- fk_loss: 1.05301
  |- smoothness_loss: 0.11248
Val Loss Components:
  |- loss_rot: 0.05148
  |- loss_pos: 1.16164
  |- fk_loss: 2.65503
  |- smoothness_loss: 0.09981
LR: 1.000e-04
Hole frames in this epoch: [4, 16]

Epoch 42 | Train Loss: 0.35261 | Val Loss: 0.61703
Train Loss Components:
  |- loss_rot: 0.04552
  |- loss_pos: 0.90697
  |- fk_loss: 2.13698
  |- smoothness_loss: 0.19495
Val Loss Components:
  |- loss_rot: 0.05191
  |- loss_pos: 1.12857
  |- fk_loss: 2.60843
  |- smoothness_loss: 0.10535
LR: 1.000e-04
Hole frames in this epoch: [4, 16]

Epoch 43 | Train Loss: 0.33926 | Val Loss: 0.61830
Train Loss Components:
  |- loss_rot: 0.01213
  |- loss_pos: 0.20273
  |- fk_loss: 0.42222
  |- smoothness_loss: 0.07821
Val Loss Components:
  |- loss_rot: 0.05125
  |- loss_pos: 1.10582
  |- fk_loss: 2.60600
  |- smoothness_loss: 0.08568
LR: 1.000e-04
Hole frames in this epoch: [4, 16]

Epoch 44 | Train Loss: 0.33982 | Val Loss: 0.61262
Train Loss Components:
  |- loss_rot: 0.03370
  |- loss_pos: 0.63189
  |- fk_loss: 1.50265
  |- smoothness_loss: 0.19718
Val Loss Components:
  |- loss_rot: 0.05167
  |- loss_pos: 1.15266
  |- fk_loss: 2.59334
  |- smoothness_loss: 0.10523
LR: 1.000e-04
Hole frames in this epoch: [4, 16]

Epoch 45 | Train Loss: 0.33942 | Val Loss: 0.60631
Train Loss Components:
  |- loss_rot: 0.01290
  |- loss_pos: 0.19626
  |- fk_loss: 0.44501
  |- smoothness_loss: 0.08955
Val Loss Components:
  |- loss_rot: 0.05103
  |- loss_pos: 1.10976
  |- fk_loss: 2.54493
  |- smoothness_loss: 0.10363
LR: 1.000e-04
Hole frames in this epoch: [4, 16]

Epoch 46 | Train Loss: 0.33648 | Val Loss: 0.60552
Train Loss Components:
  |- loss_rot: 0.03371
  |- loss_pos: 0.56030
  |- fk_loss: 1.29950
  |- smoothness_loss: 0.15929
Val Loss Components:
  |- loss_rot: 0.05120
  |- loss_pos: 1.13273
  |- fk_loss: 2.53244
  |- smoothness_loss: 0.10954
LR: 1.000e-04
Hole frames in this epoch: [4, 16]

Epoch 47 | Train Loss: 0.34061 | Val Loss: 0.59928
Train Loss Components:
  |- loss_rot: 0.04695
  |- loss_pos: 0.93727
  |- fk_loss: 2.09185
  |- smoothness_loss: 0.24672
Val Loss Components:
  |- loss_rot: 0.05099
  |- loss_pos: 1.14342
  |- fk_loss: 2.52613
  |- smoothness_loss: 0.10591
LR: 1.000e-04
Hole frames in this epoch: [4, 16]

Epoch 48 | Train Loss: 0.33815 | Val Loss: 0.59510
Train Loss Components:
  |- loss_rot: 0.01881
  |- loss_pos: 0.27920
  |- fk_loss: 0.67986
  |- smoothness_loss: 0.15676
Val Loss Components:
  |- loss_rot: 0.05097
  |- loss_pos: 1.11959
  |- fk_loss: 2.50115
  |- smoothness_loss: 0.11433
LR: 1.000e-04
Hole frames in this epoch: [4, 16]

Epoch 49 | Train Loss: 0.32307 | Val Loss: 0.59792
Train Loss Components:
  |- loss_rot: 0.04149
  |- loss_pos: 0.71003
  |- fk_loss: 1.66468
  |- smoothness_loss: 0.25787
Val Loss Components:
  |- loss_rot: 0.05104
  |- loss_pos: 1.18791
  |- fk_loss: 2.53552
  |- smoothness_loss: 0.10801
LR: 1.000e-04
Hole frames in this epoch: [4, 16]

Epoch 50 | Train Loss: 0.32680 | Val Loss: 0.58542
Train Loss Components:
  |- loss_rot: 0.03646
  |- loss_pos: 0.59474
  |- fk_loss: 1.56063
  |- smoothness_loss: 0.22751
Val Loss Components:
  |- loss_rot: 0.05151
  |- loss_pos: 1.10922
  |- fk_loss: 2.45911
  |- smoothness_loss: 0.12023
LR: 1.000e-04
Hole frames in this epoch: [4, 16]

Epoch 51 | Train Loss: 0.31851 | Val Loss: 0.59618
Train Loss Components:
  |- loss_rot: 0.02567
  |- loss_pos: 0.41338
  |- fk_loss: 0.95159
  |- smoothness_loss: 0.13541
Val Loss Components:
  |- loss_rot: 0.05075
  |- loss_pos: 1.12165
  |- fk_loss: 2.46098
  |- smoothness_loss: 0.09506
LR: 1.000e-04
Hole frames in this epoch: [4, 16]

Epoch 52 | Train Loss: 0.32649 | Val Loss: 0.58571
Train Loss Components:
  |- loss_rot: 0.02185
  |- loss_pos: 0.35124
  |- fk_loss: 0.79812
  |- smoothness_loss: 0.10767
Val Loss Components:
  |- loss_rot: 0.05120
  |- loss_pos: 1.14543
  |- fk_loss: 2.46542
  |- smoothness_loss: 0.11157
LR: 1.000e-04
Hole frames in this epoch: [4, 16]

Epoch 53 | Train Loss: 0.31854 | Val Loss: 0.58761
Train Loss Components:
  |- loss_rot: 0.03899
  |- loss_pos: 0.58964
  |- fk_loss: 1.52837
  |- smoothness_loss: 0.21034
Val Loss Components:
  |- loss_rot: 0.05113
  |- loss_pos: 1.14160
  |- fk_loss: 2.43378
  |- smoothness_loss: 0.11748
LR: 1.000e-04
Hole frames in this epoch: [4, 16]

Epoch 54 | Train Loss: 0.31793 | Val Loss: 0.57480
Train Loss Components:
  |- loss_rot: 0.04485
  |- loss_pos: 0.90243
  |- fk_loss: 1.99973
  |- smoothness_loss: 0.27256
Val Loss Components:
  |- loss_rot: 0.05098
  |- loss_pos: 1.10167
  |- fk_loss: 2.43518
  |- smoothness_loss: 0.11960
LR: 1.000e-04
Hole frames in this epoch: [4, 16]

Epoch 55 | Train Loss: 0.31178 | Val Loss: 0.56873
Train Loss Components:
  |- loss_rot: 0.03122
  |- loss_pos: 0.45279
  |- fk_loss: 1.15866
  |- smoothness_loss: 0.20547
Val Loss Components:
  |- loss_rot: 0.05051
  |- loss_pos: 1.04977
  |- fk_loss: 2.34450
  |- smoothness_loss: 0.11667
LR: 1.000e-04
Hole frames in this epoch: [4, 16]

Epoch 56 | Train Loss: 0.32077 | Val Loss: 0.56327
Train Loss Components:
  |- loss_rot: 0.01322
  |- loss_pos: 0.16926
  |- fk_loss: 0.42409
  |- smoothness_loss: 0.09632
Val Loss Components:
  |- loss_rot: 0.05008
  |- loss_pos: 1.11289
  |- fk_loss: 2.35762
  |- smoothness_loss: 0.13090
LR: 1.000e-04
Hole frames in this epoch: [4, 16]

Epoch 57 | Train Loss: 0.30731 | Val Loss: 0.56399
Train Loss Components:
  |- loss_rot: 0.03523
  |- loss_pos: 0.53349
  |- fk_loss: 1.38004
  |- smoothness_loss: 0.21349
Val Loss Components:
  |- loss_rot: 0.05004
  |- loss_pos: 1.15218
  |- fk_loss: 2.38125
  |- smoothness_loss: 0.13729
LR: 1.000e-04
Hole frames in this epoch: [4, 16]

Epoch 58 | Train Loss: 0.29442 | Val Loss: 0.56043
Train Loss Components:
  |- loss_rot: 0.04554
  |- loss_pos: 0.82713
  |- fk_loss: 1.91935
  |- smoothness_loss: 0.33600
Val Loss Components:
  |- loss_rot: 0.04975
  |- loss_pos: 1.09590
  |- fk_loss: 2.35130
  |- smoothness_loss: 0.13422
LR: 1.000e-04
Hole frames in this epoch: [4, 16]

Epoch 59 | Train Loss: 0.30469 | Val Loss: 0.55690
Train Loss Components:
  |- loss_rot: 0.02907
  |- loss_pos: 0.39792
  |- fk_loss: 1.02715
  |- smoothness_loss: 0.21580
Val Loss Components:
  |- loss_rot: 0.04970
  |- loss_pos: 1.12266
  |- fk_loss: 2.34060
  |- smoothness_loss: 0.12210
LR: 1.000e-04
Hole frames in this epoch: [4, 16]

Epoch 60 | Train Loss: 0.31194 | Val Loss: 0.55866
Train Loss Components:
  |- loss_rot: 0.03668
  |- loss_pos: 0.60884
  |- fk_loss: 1.56048
  |- smoothness_loss: 0.22861
Val Loss Components:
  |- loss_rot: 0.04907
  |- loss_pos: 1.07797
  |- fk_loss: 2.32292
  |- smoothness_loss: 0.11927
LR: 1.000e-04
Hole frames in this epoch: [4, 16]

Epoch 61 | Train Loss: 0.29467 | Val Loss: 0.55882
Train Loss Components:
  |- loss_rot: 0.03036
  |- loss_pos: 0.42066
  |- fk_loss: 1.06896
  |- smoothness_loss: 0.16920
Val Loss Components:
  |- loss_rot: 0.04930
  |- loss_pos: 1.08312
  |- fk_loss: 2.32921
  |- smoothness_loss: 0.12801
LR: 1.000e-04
Hole frames in this epoch: [4, 16]

Epoch 62 | Train Loss: 0.29859 | Val Loss: 0.54855
Train Loss Components:
  |- loss_rot: 0.02939
  |- loss_pos: 0.39208
  |- fk_loss: 1.08802
  |- smoothness_loss: 0.19841
Val Loss Components:
  |- loss_rot: 0.04959
  |- loss_pos: 1.02671
  |- fk_loss: 2.27364
  |- smoothness_loss: 0.13434
LR: 1.000e-04
Hole frames in this epoch: [4, 16]

Epoch 63 | Train Loss: 0.28766 | Val Loss: 0.55195
Train Loss Components:
  |- loss_rot: 0.01368
  |- loss_pos: 0.17598
  |- fk_loss: 0.43262
  |- smoothness_loss: 0.11733
Val Loss Components:
  |- loss_rot: 0.04902
  |- loss_pos: 1.09165
  |- fk_loss: 2.31883
  |- smoothness_loss: 0.12248
LR: 1.000e-04
Hole frames in this epoch: [4, 16]

Epoch 64 | Train Loss: 0.29997 | Val Loss: 0.55482
Train Loss Components:
  |- loss_rot: 0.03895
  |- loss_pos: 0.57306
  |- fk_loss: 1.48809
  |- smoothness_loss: 0.28789
Val Loss Components:
  |- loss_rot: 0.04957
  |- loss_pos: 1.14242
  |- fk_loss: 2.33522
  |- smoothness_loss: 0.14156
LR: 1.000e-04
Hole frames in this epoch: [4, 16]

Epoch 65 | Train Loss: 0.28592 | Val Loss: 0.54094
Train Loss Components:
  |- loss_rot: 0.02998
  |- loss_pos: 0.42621
  |- fk_loss: 1.06866
  |- smoothness_loss: 0.20735
Val Loss Components:
  |- loss_rot: 0.04911
  |- loss_pos: 1.06061
  |- fk_loss: 2.27567
  |- smoothness_loss: 0.13024
LR: 1.000e-04
Hole frames in this epoch: [4, 16]

Epoch 66 | Train Loss: 0.29822 | Val Loss: 0.54247
Train Loss Components:
  |- loss_rot: 0.03185
  |- loss_pos: 0.41912
  |- fk_loss: 1.14754
  |- smoothness_loss: 0.21816
Val Loss Components:
  |- loss_rot: 0.04882
  |- loss_pos: 1.06422
  |- fk_loss: 2.26002
  |- smoothness_loss: 0.13174
LR: 1.000e-04
Hole frames in this epoch: [4, 16]

Epoch 67 | Train Loss: 0.27809 | Val Loss: 0.53938
Train Loss Components:
  |- loss_rot: 0.01793
  |- loss_pos: 0.22215
  |- fk_loss: 0.57539
  |- smoothness_loss: 0.08997
Val Loss Components:
  |- loss_rot: 0.04913
  |- loss_pos: 1.07210
  |- fk_loss: 2.26429
  |- smoothness_loss: 0.13229
LR: 1.000e-04
Hole frames in this epoch: [4, 16]

Epoch 68 | Train Loss: 0.28371 | Val Loss: 0.53675
Train Loss Components:
  |- loss_rot: 0.01469
  |- loss_pos: 0.20187
  |- fk_loss: 0.47154
  |- smoothness_loss: 0.10636
Val Loss Components:
  |- loss_rot: 0.04853
  |- loss_pos: 1.02668
  |- fk_loss: 2.21433
  |- smoothness_loss: 0.13010
LR: 1.000e-04
Hole frames in this epoch: [4, 16]

Epoch 69 | Train Loss: 0.27189 | Val Loss: 0.52956
Train Loss Components:
  |- loss_rot: 0.04646
  |- loss_pos: 0.74096
  |- fk_loss: 1.91059
  |- smoothness_loss: 0.35434
Val Loss Components:
  |- loss_rot: 0.04868
  |- loss_pos: 0.96157
  |- fk_loss: 2.17335
  |- smoothness_loss: 0.13442
LR: 1.000e-04
Hole frames in this epoch: [4, 16]

Epoch 70 | Train Loss: 0.27966 | Val Loss: 0.53133
Train Loss Components:
  |- loss_rot: 0.03391
  |- loss_pos: 0.45108
  |- fk_loss: 1.19790
  |- smoothness_loss: 0.22992
Val Loss Components:
  |- loss_rot: 0.04903
  |- loss_pos: 1.00830
  |- fk_loss: 2.18222
  |- smoothness_loss: 0.13481
LR: 1.000e-04
Hole frames in this epoch: [4, 16]

Epoch 71 | Train Loss: 0.26359 | Val Loss: 0.52952
Train Loss Components:
  |- loss_rot: 0.04130
  |- loss_pos: 0.61649
  |- fk_loss: 1.63360
  |- smoothness_loss: 0.26118
Val Loss Components:
  |- loss_rot: 0.04850
  |- loss_pos: 0.97285
  |- fk_loss: 2.19895
  |- smoothness_loss: 0.12491
LR: 1.000e-04
Hole frames in this epoch: [4, 16]

Epoch 72 | Train Loss: 0.27099 | Val Loss: 0.53330
Train Loss Components:
  |- loss_rot: 0.02152
  |- loss_pos: 0.24292
  |- fk_loss: 0.67775
  |- smoothness_loss: 0.14747
Val Loss Components:
  |- loss_rot: 0.04890
  |- loss_pos: 1.09638
  |- fk_loss: 2.21924
  |- smoothness_loss: 0.14139
LR: 1.000e-04
Hole frames in this epoch: [4, 16]

Epoch 73 | Train Loss: 0.26941 | Val Loss: 0.52285
Train Loss Components:
  |- loss_rot: 0.02510
  |- loss_pos: 0.31166
  |- fk_loss: 0.84271
  |- smoothness_loss: 0.18397
Val Loss Components:
  |- loss_rot: 0.04850
  |- loss_pos: 1.00288
  |- fk_loss: 2.19159
  |- smoothness_loss: 0.13876
LR: 1.000e-04
Hole frames in this epoch: [4, 16]

Epoch 74 | Train Loss: 0.26894 | Val Loss: 0.53132
Train Loss Components:
  |- loss_rot: 0.02881
  |- loss_pos: 0.33853
  |- fk_loss: 0.95693
  |- smoothness_loss: 0.19733
Val Loss Components:
  |- loss_rot: 0.04929
  |- loss_pos: 1.02943
  |- fk_loss: 2.21451
  |- smoothness_loss: 0.15675
LR: 1.000e-04
Hole frames in this epoch: [4, 16]

Epoch 75 | Train Loss: 0.26062 | Val Loss: 0.52620
Train Loss Components:
  |- loss_rot: 0.03356
  |- loss_pos: 0.45094
  |- fk_loss: 1.21520
  |- smoothness_loss: 0.22299
Val Loss Components:
  |- loss_rot: 0.04867
  |- loss_pos: 0.99833
  |- fk_loss: 2.19658
  |- smoothness_loss: 0.13478
LR: 1.000e-04
Hole frames in this epoch: [4, 16]

Epoch 76 | Train Loss: 0.27319 | Val Loss: 0.51918
Train Loss Components:
  |- loss_rot: 0.03035
  |- loss_pos: 0.37832
  |- fk_loss: 1.03541
  |- smoothness_loss: 0.26687
Val Loss Components:
  |- loss_rot: 0.04929
  |- loss_pos: 0.98424
  |- fk_loss: 2.12961
  |- smoothness_loss: 0.15749
LR: 1.000e-04
Hole frames in this epoch: [4, 16]

Epoch 77 | Train Loss: 0.27579 | Val Loss: 0.51876
Train Loss Components:
  |- loss_rot: 0.02369
  |- loss_pos: 0.28765
  |- fk_loss: 0.79719
  |- smoothness_loss: 0.20103
Val Loss Components:
  |- loss_rot: 0.04836
  |- loss_pos: 1.06112
  |- fk_loss: 2.19017
  |- smoothness_loss: 0.14643
LR: 1.000e-04
Hole frames in this epoch: [4, 16]

Epoch 78 | Train Loss: 0.26742 | Val Loss: 0.53186
Train Loss Components:
  |- loss_rot: 0.01556
  |- loss_pos: 0.20391
  |- fk_loss: 0.50327
  |- smoothness_loss: 0.11981
Val Loss Components:
  |- loss_rot: 0.04817
  |- loss_pos: 1.04899
  |- fk_loss: 2.15617
  |- smoothness_loss: 0.14854
LR: 1.000e-04
Hole frames in this epoch: [4, 16]

Epoch 79 | Train Loss: 0.27199 | Val Loss: 0.51715
Train Loss Components:
  |- loss_rot: 0.04121
  |- loss_pos: 0.61078
  |- fk_loss: 1.53313
  |- smoothness_loss: 0.27191
Val Loss Components:
  |- loss_rot: 0.04912
  |- loss_pos: 0.96371
  |- fk_loss: 2.12133
  |- smoothness_loss: 0.14661
LR: 1.000e-04
Hole frames in this epoch: [4, 16]

Epoch 80 | Train Loss: 0.27523 | Val Loss: 0.51465
Train Loss Components:
  |- loss_rot: 0.03361
  |- loss_pos: 0.36511
  |- fk_loss: 1.15507
  |- smoothness_loss: 0.24922
Val Loss Components:
  |- loss_rot: 0.04861
  |- loss_pos: 0.94719
  |- fk_loss: 2.11392
  |- smoothness_loss: 0.15020
LR: 1.000e-04
Hole frames in this epoch: [4, 16]

Epoch 81 | Train Loss: 0.25913 | Val Loss: 0.51394
Train Loss Components:
  |- loss_rot: 0.03508
  |- loss_pos: 0.45571
  |- fk_loss: 1.25271
  |- smoothness_loss: 0.19978
Val Loss Components:
  |- loss_rot: 0.04839
  |- loss_pos: 0.95340
  |- fk_loss: 2.11897
  |- smoothness_loss: 0.13715
LR: 1.000e-04
Hole frames in this epoch: [4, 16]

Epoch 82 | Train Loss: 0.26193 | Val Loss: 0.51144
Train Loss Components:
  |- loss_rot: 0.03331
  |- loss_pos: 0.39745
  |- fk_loss: 1.17422
  |- smoothness_loss: 0.24188
Val Loss Components:
  |- loss_rot: 0.04850
  |- loss_pos: 0.99741
  |- fk_loss: 2.14686
  |- smoothness_loss: 0.14886
LR: 1.000e-04
Hole frames in this epoch: [4, 16]

Epoch 83 | Train Loss: 0.25158 | Val Loss: 0.50461
Train Loss Components:
  |- loss_rot: 0.04226
  |- loss_pos: 0.57148
  |- fk_loss: 1.52280
  |- smoothness_loss: 0.36594
Val Loss Components:
  |- loss_rot: 0.04868
  |- loss_pos: 0.95478
  |- fk_loss: 2.08476
  |- smoothness_loss: 0.14559
LR: 1.000e-04
Hole frames in this epoch: [4, 16]

Epoch 84 | Train Loss: 0.24282 | Val Loss: 0.50204
Train Loss Components:
  |- loss_rot: 0.02638
  |- loss_pos: 0.29094
  |- fk_loss: 0.89932
  |- smoothness_loss: 0.16669
Val Loss Components:
  |- loss_rot: 0.04824
  |- loss_pos: 0.89192
  |- fk_loss: 2.07356
  |- smoothness_loss: 0.14317
LR: 1.000e-04
Hole frames in this epoch: [4, 16]

Epoch 85 | Train Loss: 0.25116 | Val Loss: 0.51146
Train Loss Components:
  |- loss_rot: 0.02762
  |- loss_pos: 0.31675
  |- fk_loss: 0.90358
  |- smoothness_loss: 0.19442
Val Loss Components:
  |- loss_rot: 0.04859
  |- loss_pos: 0.98220
  |- fk_loss: 2.13225
  |- smoothness_loss: 0.16130
LR: 1.000e-04
Hole frames in this epoch: [4, 16]

Epoch 86 | Train Loss: 0.25456 | Val Loss: 0.50840
Train Loss Components:
  |- loss_rot: 0.03773
  |- loss_pos: 0.48348
  |- fk_loss: 1.43155
  |- smoothness_loss: 0.28283
Val Loss Components:
  |- loss_rot: 0.04862
  |- loss_pos: 0.94808
  |- fk_loss: 2.11037
  |- smoothness_loss: 0.14247
LR: 1.000e-04
Hole frames in this epoch: [4, 16]

Epoch 87 | Train Loss: 0.25197 | Val Loss: 0.50330
Train Loss Components:
  |- loss_rot: 0.02041
  |- loss_pos: 0.21723
  |- fk_loss: 0.62762
  |- smoothness_loss: 0.14202
Val Loss Components:
  |- loss_rot: 0.04866
  |- loss_pos: 0.95243
  |- fk_loss: 2.08039
  |- smoothness_loss: 0.15125
LR: 1.000e-04
Hole frames in this epoch: [4, 16]

Epoch 88 | Train Loss: 0.25295 | Val Loss: 0.50795
Train Loss Components:
  |- loss_rot: 0.01241
  |- loss_pos: 0.15263
  |- fk_loss: 0.35359
  |- smoothness_loss: 0.07657
Val Loss Components:
  |- loss_rot: 0.04893
  |- loss_pos: 0.97535
  |- fk_loss: 2.10703
  |- smoothness_loss: 0.15719
LR: 1.000e-04
Hole frames in this epoch: [4, 16]

Epoch 89 | Train Loss: 0.26113 | Val Loss: 0.50599
Train Loss Components:
  |- loss_rot: 0.04180
  |- loss_pos: 0.52885
  |- fk_loss: 1.50765
  |- smoothness_loss: 0.32437
Val Loss Components:
  |- loss_rot: 0.04911
  |- loss_pos: 0.97250
  |- fk_loss: 2.09921
  |- smoothness_loss: 0.14899
LR: 1.000e-04
Hole frames in this epoch: [4, 16]

Epoch 90 | Train Loss: 0.24312 | Val Loss: 0.49951
Train Loss Components:
  |- loss_rot: 0.01883
  |- loss_pos: 0.21775
  |- fk_loss: 0.57672
  |- smoothness_loss: 0.13416
Val Loss Components:
  |- loss_rot: 0.04836
  |- loss_pos: 0.96345
  |- fk_loss: 2.08106
  |- smoothness_loss: 0.13698
LR: 1.000e-04
Hole frames in this epoch: [4, 16]

Epoch 91 | Train Loss: 0.24621 | Val Loss: 0.50523
Train Loss Components:
  |- loss_rot: 0.03077
  |- loss_pos: 0.33908
  |- fk_loss: 0.99675
  |- smoothness_loss: 0.27666
Val Loss Components:
  |- loss_rot: 0.04891
  |- loss_pos: 0.94984
  |- fk_loss: 2.06250
  |- smoothness_loss: 0.14801
LR: 1.000e-04
Hole frames in this epoch: [4, 16]

Epoch 92 | Train Loss: 0.25433 | Val Loss: 0.49991
Train Loss Components:
  |- loss_rot: 0.01358
  |- loss_pos: 0.15241
  |- fk_loss: 0.37634
  |- smoothness_loss: 0.11989
Val Loss Components:
  |- loss_rot: 0.04870
  |- loss_pos: 0.95884
  |- fk_loss: 2.07388
  |- smoothness_loss: 0.15283
LR: 1.000e-04
Hole frames in this epoch: [4, 16]

Epoch 93 | Train Loss: 0.25175 | Val Loss: 0.50281
Train Loss Components:
  |- loss_rot: 0.02393
  |- loss_pos: 0.28660
  |- fk_loss: 0.77422
  |- smoothness_loss: 0.18602
Val Loss Components:
  |- loss_rot: 0.04810
  |- loss_pos: 0.94119
  |- fk_loss: 2.07281
  |- smoothness_loss: 0.14482
LR: 1.000e-04
Hole frames in this epoch: [4, 16]

Epoch 94 | Train Loss: 0.23562 | Val Loss: 0.50384
Train Loss Components:
  |- loss_rot: 0.02402
  |- loss_pos: 0.28257
  |- fk_loss: 0.75820
  |- smoothness_loss: 0.16246
Val Loss Components:
  |- loss_rot: 0.04915
  |- loss_pos: 0.96712
  |- fk_loss: 2.07170
  |- smoothness_loss: 0.17166
LR: 1.000e-04
Hole frames in this epoch: [4, 16]

Epoch 95 | Train Loss: 0.23108 | Val Loss: 0.50095
Train Loss Components:
  |- loss_rot: 0.01881
  |- loss_pos: 0.18661
  |- fk_loss: 0.54646
  |- smoothness_loss: 0.12100
Val Loss Components:
  |- loss_rot: 0.04823
  |- loss_pos: 0.93775
  |- fk_loss: 2.03553
  |- smoothness_loss: 0.15874
LR: 1.000e-04
Hole frames in this epoch: [4, 16]

Epoch 96 | Train Loss: 0.23645 | Val Loss: 0.49320
Train Loss Components:
  |- loss_rot: 0.01647
  |- loss_pos: 0.18257
  |- fk_loss: 0.47551
  |- smoothness_loss: 0.15177
Val Loss Components:
  |- loss_rot: 0.04824
  |- loss_pos: 0.89580
  |- fk_loss: 2.01072
  |- smoothness_loss: 0.14946
LR: 1.000e-04
Hole frames in this epoch: [4, 16]

Epoch 97 | Train Loss: 0.23523 | Val Loss: 0.49153
Train Loss Components:
  |- loss_rot: 0.03521
  |- loss_pos: 0.39053
  |- fk_loss: 1.18110
  |- smoothness_loss: 0.22608
Val Loss Components:
  |- loss_rot: 0.04845
  |- loss_pos: 0.93967
  |- fk_loss: 2.03212
  |- smoothness_loss: 0.15102
LR: 1.000e-04
Hole frames in this epoch: [4, 16]

Epoch 98 | Train Loss: 0.24442 | Val Loss: 0.49205
Train Loss Components:
  |- loss_rot: 0.03835
  |- loss_pos: 0.46046
  |- fk_loss: 1.38041
  |- smoothness_loss: 0.29159
Val Loss Components:
  |- loss_rot: 0.04871
  |- loss_pos: 0.91434
  |- fk_loss: 2.02790
  |- smoothness_loss: 0.15538
LR: 1.000e-04
Hole frames in this epoch: [4, 16]

Epoch 99 | Train Loss: 0.23581 | Val Loss: 0.48927
Train Loss Components:
  |- loss_rot: 0.02132
  |- loss_pos: 0.21297
  |- fk_loss: 0.60888
  |- smoothness_loss: 0.14429
Val Loss Components:
  |- loss_rot: 0.04861
  |- loss_pos: 0.92194
  |- fk_loss: 2.00282
  |- smoothness_loss: 0.15539
LR: 1.000e-04
Hole frames in this epoch: [4, 16]

Epoch 100 | Train Loss: 0.23425 | Val Loss: 0.48896
Train Loss Components:
  |- loss_rot: 0.01869
  |- loss_pos: 0.19588
  |- fk_loss: 0.57130
  |- smoothness_loss: 0.14957
Val Loss Components:
  |- loss_rot: 0.04889
  |- loss_pos: 0.93416
  |- fk_loss: 2.04028
  |- smoothness_loss: 0.16518
LR: 1.000e-04
Hole frames in this epoch: [4, 16]

Epoch 101 | Train Loss: 0.23950 | Val Loss: 0.48894
Train Loss Components:
  |- loss_rot: 0.02811
  |- loss_pos: 0.28028
  |- fk_loss: 0.85502
  |- smoothness_loss: 0.25127
Val Loss Components:
  |- loss_rot: 0.04852
  |- loss_pos: 0.95145
  |- fk_loss: 2.05140
  |- smoothness_loss: 0.16555
LR: 1.000e-04
Hole frames in this epoch: [4, 16]

Epoch 102 | Train Loss: 0.23804 | Val Loss: 0.49162
Train Loss Components:
  |- loss_rot: 0.01333
  |- loss_pos: 0.15170
  |- fk_loss: 0.37637
  |- smoothness_loss: 0.12236
Val Loss Components:
  |- loss_rot: 0.04846
  |- loss_pos: 0.93779
  |- fk_loss: 2.05632
  |- smoothness_loss: 0.14937
LR: 1.000e-04
Hole frames in this epoch: [4, 16]

Epoch 103 | Train Loss: 0.23817 | Val Loss: 0.48722
Train Loss Components:
  |- loss_rot: 0.03300
  |- loss_pos: 0.35708
  |- fk_loss: 1.07332
  |- smoothness_loss: 0.23445
Val Loss Components:
  |- loss_rot: 0.04832
  |- loss_pos: 0.97822
  |- fk_loss: 2.03064
  |- smoothness_loss: 0.16432
LR: 1.000e-04
Hole frames in this epoch: [4, 16]

Epoch 104 | Train Loss: 0.24065 | Val Loss: 0.48172
Train Loss Components:
  |- loss_rot: 0.02595
  |- loss_pos: 0.27330
  |- fk_loss: 0.79623
  |- smoothness_loss: 0.18897
Val Loss Components:
  |- loss_rot: 0.04840
  |- loss_pos: 0.92677
  |- fk_loss: 2.00125
  |- smoothness_loss: 0.15915
LR: 1.000e-04
Hole frames in this epoch: [4, 16]

Epoch 105 | Train Loss: 0.23949 | Val Loss: 0.48309
Train Loss Components:
  |- loss_rot: 0.03609
  |- loss_pos: 0.42126
  |- fk_loss: 1.25554
  |- smoothness_loss: 0.25670
Val Loss Components:
  |- loss_rot: 0.04807
  |- loss_pos: 0.84349
  |- fk_loss: 1.98017
  |- smoothness_loss: 0.16424
LR: 1.000e-04
Hole frames in this epoch: [4, 16]

Epoch 106 | Train Loss: 0.22438 | Val Loss: 0.47947
Train Loss Components:
  |- loss_rot: 0.02440
  |- loss_pos: 0.27248
  |- fk_loss: 0.79181
  |- smoothness_loss: 0.15733
Val Loss Components:
  |- loss_rot: 0.04827
  |- loss_pos: 0.90307
  |- fk_loss: 1.98166
  |- smoothness_loss: 0.16129
LR: 1.000e-04
Hole frames in this epoch: [4, 16]

Epoch 107 | Train Loss: 0.22604 | Val Loss: 0.47619
Train Loss Components:
  |- loss_rot: 0.02558
  |- loss_pos: 0.25136
  |- fk_loss: 0.77241
  |- smoothness_loss: 0.16901
Val Loss Components:
  |- loss_rot: 0.04793
  |- loss_pos: 0.90161
  |- fk_loss: 1.93282
  |- smoothness_loss: 0.16458
LR: 1.000e-04
Hole frames in this epoch: [4, 16]

Epoch 108 | Train Loss: 0.22680 | Val Loss: 0.47945
Train Loss Components:
  |- loss_rot: 0.02095
  |- loss_pos: 0.20475
  |- fk_loss: 0.63515
  |- smoothness_loss: 0.16562
Val Loss Components:
  |- loss_rot: 0.04734
  |- loss_pos: 0.86740
  |- fk_loss: 1.91859
  |- smoothness_loss: 0.16184
LR: 1.000e-04
Hole frames in this epoch: [4, 16]

Epoch 109 | Train Loss: 0.22130 | Val Loss: 0.47241
Train Loss Components:
  |- loss_rot: 0.02607
  |- loss_pos: 0.27055
  |- fk_loss: 0.85506
  |- smoothness_loss: 0.19759
Val Loss Components:
  |- loss_rot: 0.04768
  |- loss_pos: 0.87171
  |- fk_loss: 1.92319
  |- smoothness_loss: 0.15636
LR: 1.000e-04
Hole frames in this epoch: [4, 16]

Epoch 110 | Train Loss: 0.22722 | Val Loss: 0.46979
Train Loss Components:
  |- loss_rot: 0.03675
  |- loss_pos: 0.41540
  |- fk_loss: 1.22969
  |- smoothness_loss: 0.28058
Val Loss Components:
  |- loss_rot: 0.04741
  |- loss_pos: 0.87554
  |- fk_loss: 1.93798
  |- smoothness_loss: 0.15341
LR: 1.000e-04
Hole frames in this epoch: [4, 16]

Epoch 111 | Train Loss: 0.22662 | Val Loss: 0.47883
Train Loss Components:
  |- loss_rot: 0.01337
  |- loss_pos: 0.15682
  |- fk_loss: 0.37511
  |- smoothness_loss: 0.12808
Val Loss Components:
  |- loss_rot: 0.04734
  |- loss_pos: 0.91675
  |- fk_loss: 1.94864
  |- smoothness_loss: 0.16218
LR: 1.000e-04
Hole frames in this epoch: [4, 16]

Epoch 112 | Train Loss: 0.22644 | Val Loss: 0.47192
Train Loss Components:
  |- loss_rot: 0.02160
  |- loss_pos: 0.21394
  |- fk_loss: 0.61792
  |- smoothness_loss: 0.16289
Val Loss Components:
  |- loss_rot: 0.04757
  |- loss_pos: 0.90570
  |- fk_loss: 1.95932
  |- smoothness_loss: 0.15310
LR: 1.000e-04
Hole frames in this epoch: [4, 16]

Epoch 113 | Train Loss: 0.22098 | Val Loss: 0.47137
Train Loss Components:
  |- loss_rot: 0.03389
  |- loss_pos: 0.37557
  |- fk_loss: 1.05898
  |- smoothness_loss: 0.24121
Val Loss Components:
  |- loss_rot: 0.04774
  |- loss_pos: 0.87498
  |- fk_loss: 1.91165
  |- smoothness_loss: 0.15695
LR: 1.000e-04
Hole frames in this epoch: [4, 16]

Epoch 114 | Train Loss: 0.22904 | Val Loss: 0.46760
Train Loss Components:
  |- loss_rot: 0.04098
  |- loss_pos: 0.41693
  |- fk_loss: 1.25915
  |- smoothness_loss: 0.37499
Val Loss Components:
  |- loss_rot: 0.04734
  |- loss_pos: 0.86936
  |- fk_loss: 1.89691
  |- smoothness_loss: 0.16345
LR: 1.000e-04
Hole frames in this epoch: [4, 16]

Epoch 115 | Train Loss: 0.21580 | Val Loss: 0.46784
Train Loss Components:
  |- loss_rot: 0.01992
  |- loss_pos: 0.18991
  |- fk_loss: 0.54064
  |- smoothness_loss: 0.15479
Val Loss Components:
  |- loss_rot: 0.04766
  |- loss_pos: 0.89111
  |- fk_loss: 1.90709
  |- smoothness_loss: 0.16682
LR: 1.000e-04
Hole frames in this epoch: [4, 16]

Epoch 116 | Train Loss: 0.22365 | Val Loss: 0.46621
Train Loss Components:
  |- loss_rot: 0.03684
  |- loss_pos: 0.39427
  |- fk_loss: 1.21428
  |- smoothness_loss: 0.29752
Val Loss Components:
  |- loss_rot: 0.04744
  |- loss_pos: 0.91352
  |- fk_loss: 1.90920
  |- smoothness_loss: 0.16344
LR: 1.000e-04
Hole frames in this epoch: [4, 16]

Epoch 117 | Train Loss: 0.21575 | Val Loss: 0.46499
Train Loss Components:
  |- loss_rot: 0.02605
  |- loss_pos: 0.24594
  |- fk_loss: 0.77614
  |- smoothness_loss: 0.20519
Val Loss Components:
  |- loss_rot: 0.04745
  |- loss_pos: 0.86970
  |- fk_loss: 1.87844
  |- smoothness_loss: 0.17622
LR: 1.000e-04
Hole frames in this epoch: [4, 16]

Epoch 118 | Train Loss: 0.22162 | Val Loss: 0.46725
Train Loss Components:
  |- loss_rot: 0.02882
  |- loss_pos: 0.29135
  |- fk_loss: 0.89577
  |- smoothness_loss: 0.21111
Val Loss Components:
  |- loss_rot: 0.04733
  |- loss_pos: 0.90347
  |- fk_loss: 1.90900
  |- smoothness_loss: 0.16048
LR: 1.000e-04
Hole frames in this epoch: [4, 16]

Epoch 119 | Train Loss: 0.21769 | Val Loss: 0.46459
Train Loss Components:
  |- loss_rot: 0.02814
  |- loss_pos: 0.31517
  |- fk_loss: 0.86395
  |- smoothness_loss: 0.25383
Val Loss Components:
  |- loss_rot: 0.04719
  |- loss_pos: 0.86253
  |- fk_loss: 1.86942
  |- smoothness_loss: 0.17425
LR: 1.000e-04
Hole frames in this epoch: [4, 16]

Epoch 120 | Train Loss: 0.21844 | Val Loss: 0.46334
Train Loss Components:
  |- loss_rot: 0.03891
  |- loss_pos: 0.39955
  |- fk_loss: 1.25379
  |- smoothness_loss: 0.35676
Val Loss Components:
  |- loss_rot: 0.04738
  |- loss_pos: 0.90815
  |- fk_loss: 1.88958
  |- smoothness_loss: 0.17080
LR: 1.000e-04
Hole frames in this epoch: [4, 16]

Epoch 121 | Train Loss: 0.21412 | Val Loss: 0.46197
Train Loss Components:
  |- loss_rot: 0.03919
  |- loss_pos: 0.43325
  |- fk_loss: 1.29960
  |- smoothness_loss: 0.28813
Val Loss Components:
  |- loss_rot: 0.04760
  |- loss_pos: 0.86447
  |- fk_loss: 1.86810
  |- smoothness_loss: 0.17175
LR: 1.000e-04
Hole frames in this epoch: [4, 16]

Epoch 122 | Train Loss: 0.20957 | Val Loss: 0.46689
Train Loss Components:
  |- loss_rot: 0.01890
  |- loss_pos: 0.17989
  |- fk_loss: 0.53063
  |- smoothness_loss: 0.16248
Val Loss Components:
  |- loss_rot: 0.04706
  |- loss_pos: 0.88576
  |- fk_loss: 1.89184
  |- smoothness_loss: 0.17254
LR: 1.000e-04
Hole frames in this epoch: [4, 16]

Epoch 123 | Train Loss: 0.21878 | Val Loss: 0.45898
Train Loss Components:
  |- loss_rot: 0.03568
  |- loss_pos: 0.35442
  |- fk_loss: 1.14772
  |- smoothness_loss: 0.27016
Val Loss Components:
  |- loss_rot: 0.04727
  |- loss_pos: 0.82804
  |- fk_loss: 1.83360
  |- smoothness_loss: 0.17874
LR: 1.000e-04
Hole frames in this epoch: [4, 16]

Epoch 124 | Train Loss: 0.20702 | Val Loss: 0.46432
Train Loss Components:
  |- loss_rot: 0.02522
  |- loss_pos: 0.23615
  |- fk_loss: 0.73161
  |- smoothness_loss: 0.19905
Val Loss Components:
  |- loss_rot: 0.04704
  |- loss_pos: 0.92678
  |- fk_loss: 1.87553
  |- smoothness_loss: 0.16868
LR: 1.000e-04
Hole frames in this epoch: [4, 16]

Epoch 125 | Train Loss: 0.21129 | Val Loss: 0.46385
Train Loss Components:
  |- loss_rot: 0.02186
  |- loss_pos: 0.19481
  |- fk_loss: 0.60384
  |- smoothness_loss: 0.16674
Val Loss Components:
  |- loss_rot: 0.04738
  |- loss_pos: 0.85380
  |- fk_loss: 1.84947
  |- smoothness_loss: 0.18309
LR: 1.000e-04
Hole frames in this epoch: [4, 16]

Epoch 126 | Train Loss: 0.20412 | Val Loss: 0.45706
Train Loss Components:
  |- loss_rot: 0.03023
  |- loss_pos: 0.31177
  |- fk_loss: 0.95132
  |- smoothness_loss: 0.27183
Val Loss Components:
  |- loss_rot: 0.04686
  |- loss_pos: 0.84603
  |- fk_loss: 1.85993
  |- smoothness_loss: 0.17116
LR: 1.000e-04
Hole frames in this epoch: [4, 16]

Epoch 127 | Train Loss: 0.21301 | Val Loss: 0.45559
Train Loss Components:
  |- loss_rot: 0.02644
  |- loss_pos: 0.24168
  |- fk_loss: 0.78362
  |- smoothness_loss: 0.21054
Val Loss Components:
  |- loss_rot: 0.04707
  |- loss_pos: 0.86484
  |- fk_loss: 1.85083
  |- smoothness_loss: 0.17508
LR: 1.000e-04
Hole frames in this epoch: [4, 16]

Epoch 128 | Train Loss: 0.21192 | Val Loss: 0.45545
Train Loss Components:
  |- loss_rot: 0.02846
  |- loss_pos: 0.27723
  |- fk_loss: 0.80854
  |- smoothness_loss: 0.24803
Val Loss Components:
  |- loss_rot: 0.04705
  |- loss_pos: 0.87652
  |- fk_loss: 1.86925
  |- smoothness_loss: 0.16857
LR: 1.000e-04
Hole frames in this epoch: [4, 16]

Epoch 129 | Train Loss: 0.20988 | Val Loss: 0.45562
Train Loss Components:
  |- loss_rot: 0.03911
  |- loss_pos: 0.42170
  |- fk_loss: 1.33308
  |- smoothness_loss: 0.31483
Val Loss Components:
  |- loss_rot: 0.04692
  |- loss_pos: 0.86849
  |- fk_loss: 1.87377
  |- smoothness_loss: 0.17000
LR: 1.000e-04
Hole frames in this epoch: [4, 16]

Epoch 130 | Train Loss: 0.20529 | Val Loss: 0.45648
Train Loss Components:
  |- loss_rot: 0.02201
  |- loss_pos: 0.23643
  |- fk_loss: 0.64231
  |- smoothness_loss: 0.17687
Val Loss Components:
  |- loss_rot: 0.04689
  |- loss_pos: 0.84450
  |- fk_loss: 1.80853
  |- smoothness_loss: 0.18548
LR: 1.000e-04
Hole frames in this epoch: [4, 16]

Epoch 131 | Train Loss: 0.20960 | Val Loss: 0.45168
Train Loss Components:
  |- loss_rot: 0.02342
  |- loss_pos: 0.22062
  |- fk_loss: 0.67832
  |- smoothness_loss: 0.17097
Val Loss Components:
  |- loss_rot: 0.04615
  |- loss_pos: 0.84169
  |- fk_loss: 1.81180
  |- smoothness_loss: 0.16721
LR: 1.000e-04
Hole frames in this epoch: [4, 16]

Epoch 132 | Train Loss: 0.21664 | Val Loss: 0.45290
Train Loss Components:
  |- loss_rot: 0.01529
  |- loss_pos: 0.16714
  |- fk_loss: 0.43766
  |- smoothness_loss: 0.12695
Val Loss Components:
  |- loss_rot: 0.04616
  |- loss_pos: 0.83640
  |- fk_loss: 1.80054
  |- smoothness_loss: 0.16309
LR: 1.000e-04
Hole frames in this epoch: [4, 16]

Epoch 133 | Train Loss: 0.19390 | Val Loss: 0.45041
Train Loss Components:
  |- loss_rot: 0.01310
  |- loss_pos: 0.15378
  |- fk_loss: 0.37127
  |- smoothness_loss: 0.09730
Val Loss Components:
  |- loss_rot: 0.04666
  |- loss_pos: 0.86659
  |- fk_loss: 1.83374
  |- smoothness_loss: 0.16534
LR: 1.000e-04
Hole frames in this epoch: [4, 16]

Epoch 134 | Train Loss: 0.20708 | Val Loss: 0.44989
Train Loss Components:
  |- loss_rot: 0.04105
  |- loss_pos: 0.41411
  |- fk_loss: 1.36189
  |- smoothness_loss: 0.36280
Val Loss Components:
  |- loss_rot: 0.04664
  |- loss_pos: 0.83332
  |- fk_loss: 1.79179
  |- smoothness_loss: 0.17477
LR: 1.000e-04
Hole frames in this epoch: [4, 16]

Epoch 135 | Train Loss: 0.20521 | Val Loss: 0.44761
Train Loss Components:
  |- loss_rot: 0.02011
  |- loss_pos: 0.19353
  |- fk_loss: 0.56016
  |- smoothness_loss: 0.16989
Val Loss Components:
  |- loss_rot: 0.04637
  |- loss_pos: 0.84731
  |- fk_loss: 1.80015
  |- smoothness_loss: 0.16897
LR: 1.000e-04
Hole frames in this epoch: [4, 16]

Epoch 136 | Train Loss: 0.20647 | Val Loss: 0.45139
Train Loss Components:
  |- loss_rot: 0.01293
  |- loss_pos: 0.13182
  |- fk_loss: 0.35882
  |- smoothness_loss: 0.12249
Val Loss Components:
  |- loss_rot: 0.04672
  |- loss_pos: 0.86459
  |- fk_loss: 1.82209
  |- smoothness_loss: 0.17819
LR: 1.000e-04
Hole frames in this epoch: [4, 16]

Epoch 137 | Train Loss: 0.19793 | Val Loss: 0.44971
Train Loss Components:
  |- loss_rot: 0.03481
  |- loss_pos: 0.32655
  |- fk_loss: 1.04173
  |- smoothness_loss: 0.29802
Val Loss Components:
  |- loss_rot: 0.04667
  |- loss_pos: 0.85859
  |- fk_loss: 1.79984
  |- smoothness_loss: 0.17562
LR: 1.000e-04
Hole frames in this epoch: [4, 16]

Epoch 138 | Train Loss: 0.20248 | Val Loss: 0.44555
Train Loss Components:
  |- loss_rot: 0.01764
  |- loss_pos: 0.17490
  |- fk_loss: 0.47956
  |- smoothness_loss: 0.13537
Val Loss Components:
  |- loss_rot: 0.04684
  |- loss_pos: 0.87863
  |- fk_loss: 1.80710
  |- smoothness_loss: 0.17203
LR: 1.000e-04
Hole frames in this epoch: [4, 16]

Epoch 139 | Train Loss: 0.20190 | Val Loss: 0.44618
Train Loss Components:
  |- loss_rot: 0.03117
  |- loss_pos: 0.30905
  |- fk_loss: 0.92666
  |- smoothness_loss: 0.25421
Val Loss Components:
  |- loss_rot: 0.04668
  |- loss_pos: 0.83952
  |- fk_loss: 1.79281
  |- smoothness_loss: 0.17180
LR: 1.000e-04
Hole frames in this epoch: [4, 16]

Epoch 140 | Train Loss: 0.20485 | Val Loss: 0.45100
Train Loss Components:
  |- loss_rot: 0.03166
  |- loss_pos: 0.31301
  |- fk_loss: 0.95178
  |- smoothness_loss: 0.25181
Val Loss Components:
  |- loss_rot: 0.04637
  |- loss_pos: 0.84013
  |- fk_loss: 1.81308
  |- smoothness_loss: 0.16597
LR: 1.000e-04
Hole frames in this epoch: [4, 16]

Epoch 141 | Train Loss: 0.19771 | Val Loss: 0.45019
Train Loss Components:
  |- loss_rot: 0.01976
  |- loss_pos: 0.19415
  |- fk_loss: 0.53040
  |- smoothness_loss: 0.16422
Val Loss Components:
  |- loss_rot: 0.04672
  |- loss_pos: 0.85246
  |- fk_loss: 1.78776
  |- smoothness_loss: 0.17452
LR: 1.000e-04
Hole frames in this epoch: [4, 16]

Epoch 142 | Train Loss: 0.20389 | Val Loss: 0.44469
Train Loss Components:
  |- loss_rot: 0.04236
  |- loss_pos: 0.45359
  |- fk_loss: 1.34489
  |- smoothness_loss: 0.37207
Val Loss Components:
  |- loss_rot: 0.04695
  |- loss_pos: 0.80737
  |- fk_loss: 1.77777
  |- smoothness_loss: 0.17941
LR: 1.000e-04
Hole frames in this epoch: [4, 16]

Epoch 143 | Train Loss: 0.19825 | Val Loss: 0.44448
Train Loss Components:
  |- loss_rot: 0.04064
  |- loss_pos: 0.43514
  |- fk_loss: 1.35304
  |- smoothness_loss: 0.37830
Val Loss Components:
  |- loss_rot: 0.04670
  |- loss_pos: 0.83424
  |- fk_loss: 1.78985
  |- smoothness_loss: 0.17105
LR: 1.000e-04
Hole frames in this epoch: [4, 16]

Epoch 144 | Train Loss: 0.20294 | Val Loss: 0.44398
Train Loss Components:
  |- loss_rot: 0.03967
  |- loss_pos: 0.40351
  |- fk_loss: 1.26920
  |- smoothness_loss: 0.33993
Val Loss Components:
  |- loss_rot: 0.04654
  |- loss_pos: 0.84760
  |- fk_loss: 1.79907
  |- smoothness_loss: 0.18117
LR: 1.000e-04
Hole frames in this epoch: [4, 16]

Epoch 145 | Train Loss: 0.19915 | Val Loss: 0.44715
Train Loss Components:
  |- loss_rot: 0.03687
  |- loss_pos: 0.33764
  |- fk_loss: 1.09817
  |- smoothness_loss: 0.37321
Val Loss Components:
  |- loss_rot: 0.04650
  |- loss_pos: 0.85304
  |- fk_loss: 1.78428
  |- smoothness_loss: 0.17666
LR: 1.000e-04
Hole frames in this epoch: [4, 16]

Epoch 146 | Train Loss: 0.19773 | Val Loss: 0.44509
Train Loss Components:
  |- loss_rot: 0.01614
  |- loss_pos: 0.14981
  |- fk_loss: 0.43805
  |- smoothness_loss: 0.14896
Val Loss Components:
  |- loss_rot: 0.04639
  |- loss_pos: 0.78346
  |- fk_loss: 1.76389
  |- smoothness_loss: 0.16140
LR: 1.000e-04
Hole frames in this epoch: [4, 16]

Epoch 147 | Train Loss: 0.19786 | Val Loss: 0.43793
Train Loss Components:
  |- loss_rot: 0.03125
  |- loss_pos: 0.29350
  |- fk_loss: 0.90686
  |- smoothness_loss: 0.27960
Val Loss Components:
  |- loss_rot: 0.04645
  |- loss_pos: 0.78646
  |- fk_loss: 1.74114
  |- smoothness_loss: 0.17480
LR: 1.000e-04
Hole frames in this epoch: [4, 16]

Epoch 148 | Train Loss: 0.19187 | Val Loss: 0.44171
Train Loss Components:
  |- loss_rot: 0.03692
  |- loss_pos: 0.37560
  |- fk_loss: 1.14889
  |- smoothness_loss: 0.33524
Val Loss Components:
  |- loss_rot: 0.04648
  |- loss_pos: 0.82655
  |- fk_loss: 1.77049
  |- smoothness_loss: 0.17953
LR: 1.000e-04
Hole frames in this epoch: [4, 16]

Epoch 149 | Train Loss: 0.20073 | Val Loss: 0.44290
Train Loss Components:
  |- loss_rot: 0.02764
  |- loss_pos: 0.23057
  |- fk_loss: 0.77820
  |- smoothness_loss: 0.23142
Val Loss Components:
  |- loss_rot: 0.04635
  |- loss_pos: 0.81534
  |- fk_loss: 1.75803
  |- smoothness_loss: 0.17019
LR: 1.000e-04
Hole frames in this epoch: [4, 16]

Epoch 150 | Train Loss: 0.20354 | Val Loss: 0.43747
Train Loss Components:
  |- loss_rot: 0.03730
  |- loss_pos: 0.43749
  |- fk_loss: 1.28474
  |- smoothness_loss: 0.30791
Val Loss Components:
  |- loss_rot: 0.04591
  |- loss_pos: 0.80319
  |- fk_loss: 1.77254
  |- smoothness_loss: 0.16596
LR: 1.000e-04
Hole frames in this epoch: [4, 16]

Epoch 151 | Train Loss: 0.19373 | Val Loss: 0.43925
Train Loss Components:
  |- loss_rot: 0.03100
  |- loss_pos: 0.27784
  |- fk_loss: 0.88509
  |- smoothness_loss: 0.26689
Val Loss Components:
  |- loss_rot: 0.04644
  |- loss_pos: 0.83701
  |- fk_loss: 1.76740
  |- smoothness_loss: 0.16900
LR: 1.000e-04
Hole frames in this epoch: [4, 16]

Epoch 152 | Train Loss: 0.19124 | Val Loss: 0.43690
Train Loss Components:
  |- loss_rot: 0.03631
  |- loss_pos: 0.33181
  |- fk_loss: 1.05254
  |- smoothness_loss: 0.31712
Val Loss Components:
  |- loss_rot: 0.04648
  |- loss_pos: 0.81368
  |- fk_loss: 1.72056
  |- smoothness_loss: 0.18071
LR: 1.000e-04
Hole frames in this epoch: [4, 16]

Epoch 153 | Train Loss: 0.19849 | Val Loss: 0.43816
Train Loss Components:
  |- loss_rot: 0.03596
  |- loss_pos: 0.33169
  |- fk_loss: 1.06042
  |- smoothness_loss: 0.31620
Val Loss Components:
  |- loss_rot: 0.04635
  |- loss_pos: 0.79399
  |- fk_loss: 1.73647
  |- smoothness_loss: 0.16921
LR: 1.000e-04
Hole frames in this epoch: [4, 16]

Epoch 154 | Train Loss: 0.19450 | Val Loss: 0.43510
Train Loss Components:
  |- loss_rot: 0.04301
  |- loss_pos: 0.44493
  |- fk_loss: 1.36447
  |- smoothness_loss: 0.42268
Val Loss Components:
  |- loss_rot: 0.04647
  |- loss_pos: 0.76899
  |- fk_loss: 1.71875
  |- smoothness_loss: 0.17525
LR: 1.000e-04
Hole frames in this epoch: [4, 16]

Epoch 155 | Train Loss: 0.19825 | Val Loss: 0.43641
Train Loss Components:
  |- loss_rot: 0.03079
  |- loss_pos: 0.28811
  |- fk_loss: 0.87751
  |- smoothness_loss: 0.24781
Val Loss Components:
  |- loss_rot: 0.04619
  |- loss_pos: 0.82773
  |- fk_loss: 1.75689
  |- smoothness_loss: 0.17614
LR: 1.000e-04
Hole frames in this epoch: [4, 16]

Epoch 156 | Train Loss: 0.18868 | Val Loss: 0.43957
Train Loss Components:
  |- loss_rot: 0.02037
  |- loss_pos: 0.18830
  |- fk_loss: 0.56083
  |- smoothness_loss: 0.18664
Val Loss Components:
  |- loss_rot: 0.04626
  |- loss_pos: 0.78733
  |- fk_loss: 1.72663
  |- smoothness_loss: 0.17555
LR: 1.000e-04
Hole frames in this epoch: [4, 16]

Epoch 157 | Train Loss: 0.18946 | Val Loss: 0.43632
Train Loss Components:
  |- loss_rot: 0.02914
  |- loss_pos: 0.29092
  |- fk_loss: 0.86431
  |- smoothness_loss: 0.26606
Val Loss Components:
  |- loss_rot: 0.04578
  |- loss_pos: 0.79971
  |- fk_loss: 1.72993
  |- smoothness_loss: 0.16059
LR: 1.000e-04
Hole frames in this epoch: [4, 16]

Epoch 158 | Train Loss: 0.19506 | Val Loss: 0.44335
Train Loss Components:
  |- loss_rot: 0.01267
  |- loss_pos: 0.12490
  |- fk_loss: 0.33166
  |- smoothness_loss: 0.11160
Val Loss Components:
  |- loss_rot: 0.04632
  |- loss_pos: 0.81133
  |- fk_loss: 1.75894
  |- smoothness_loss: 0.17630
LR: 1.000e-04
Hole frames in this epoch: [4, 16]

Epoch 159 | Train Loss: 0.19746 | Val Loss: 0.43476
Train Loss Components:
  |- loss_rot: 0.03680
  |- loss_pos: 0.36703
  |- fk_loss: 1.14542
  |- smoothness_loss: 0.30673
Val Loss Components:
  |- loss_rot: 0.04581
  |- loss_pos: 0.82936
  |- fk_loss: 1.76195
  |- smoothness_loss: 0.16482
LR: 1.000e-04
Hole frames in this epoch: [4, 16]

Epoch 160 | Train Loss: 0.19516 | Val Loss: 0.43035
Train Loss Components:
  |- loss_rot: 0.01203
  |- loss_pos: 0.12447
  |- fk_loss: 0.30422
  |- smoothness_loss: 0.11488
Val Loss Components:
  |- loss_rot: 0.04625
  |- loss_pos: 0.81368
  |- fk_loss: 1.73879
  |- smoothness_loss: 0.16586
LR: 1.000e-04
Hole frames in this epoch: [4, 16]

Epoch 161 | Train Loss: 0.19576 | Val Loss: 0.43050
Train Loss Components:
  |- loss_rot: 0.03490
  |- loss_pos: 0.32642
  |- fk_loss: 1.06324
  |- smoothness_loss: 0.30903
Val Loss Components:
  |- loss_rot: 0.04575
  |- loss_pos: 0.81864
  |- fk_loss: 1.71633
  |- smoothness_loss: 0.17220
LR: 1.000e-04
Hole frames in this epoch: [4, 16]

Epoch 162 | Train Loss: 0.19704 | Val Loss: 0.43073
Train Loss Components:
  |- loss_rot: 0.04253
  |- loss_pos: 0.42188
  |- fk_loss: 1.30948
  |- smoothness_loss: 0.40454
Val Loss Components:
  |- loss_rot: 0.04614
  |- loss_pos: 0.79947
  |- fk_loss: 1.73354
  |- smoothness_loss: 0.17922
LR: 1.000e-04
Hole frames in this epoch: [4, 16]

Epoch 163 | Train Loss: 0.18847 | Val Loss: 0.43196
Train Loss Components:
  |- loss_rot: 0.03790
  |- loss_pos: 0.31974
  |- fk_loss: 1.15147
  |- smoothness_loss: 0.33488
Val Loss Components:
  |- loss_rot: 0.04601
  |- loss_pos: 0.81256
  |- fk_loss: 1.72855
  |- smoothness_loss: 0.17640
LR: 1.000e-04
Hole frames in this epoch: [4, 16]

Epoch 164 | Train Loss: 0.19041 | Val Loss: 0.42539
Train Loss Components:
  |- loss_rot: 0.04275
  |- loss_pos: 0.44124
  |- fk_loss: 1.38299
  |- smoothness_loss: 0.44106
Val Loss Components:
  |- loss_rot: 0.04621
  |- loss_pos: 0.81426
  |- fk_loss: 1.73940
  |- smoothness_loss: 0.17660
LR: 1.000e-04
Hole frames in this epoch: [4, 16]

Epoch 165 | Train Loss: 0.18687 | Val Loss: 0.42932
Train Loss Components:
  |- loss_rot: 0.03438
  |- loss_pos: 0.31905
  |- fk_loss: 0.98509
  |- smoothness_loss: 0.32131
Val Loss Components:
  |- loss_rot: 0.04599
  |- loss_pos: 0.82525
  |- fk_loss: 1.72904
  |- smoothness_loss: 0.17673
LR: 1.000e-04
Hole frames in this epoch: [4, 16]

Epoch 166 | Train Loss: 0.18317 | Val Loss: 0.43071
Train Loss Components:
  |- loss_rot: 0.02336
  |- loss_pos: 0.20215
  |- fk_loss: 0.62729
  |- smoothness_loss: 0.18330
Val Loss Components:
  |- loss_rot: 0.04572
  |- loss_pos: 0.81861
  |- fk_loss: 1.72350
  |- smoothness_loss: 0.17525
LR: 1.000e-04
Hole frames in this epoch: [4, 16]

Epoch 167 | Train Loss: 0.18689 | Val Loss: 0.43006
Train Loss Components:
  |- loss_rot: 0.03713
  |- loss_pos: 0.37906
  |- fk_loss: 1.14772
  |- smoothness_loss: 0.30329
Val Loss Components:
  |- loss_rot: 0.04605
  |- loss_pos: 0.80806
  |- fk_loss: 1.73691
  |- smoothness_loss: 0.17578
LR: 1.000e-04
Hole frames in this epoch: [4, 16]

Epoch 168 | Train Loss: 0.18921 | Val Loss: 0.43341
Train Loss Components:
  |- loss_rot: 0.02736
  |- loss_pos: 0.22776
  |- fk_loss: 0.73325
  |- smoothness_loss: 0.23590
Val Loss Components:
  |- loss_rot: 0.04599
  |- loss_pos: 0.80571
  |- fk_loss: 1.71659
  |- smoothness_loss: 0.18092
LR: 1.000e-04
Hole frames in this epoch: [4, 16]

Epoch 169 | Train Loss: 0.19175 | Val Loss: 0.42284
Train Loss Components:
  |- loss_rot: 0.01509
  |- loss_pos: 0.14586
  |- fk_loss: 0.40169
  |- smoothness_loss: 0.13914
Val Loss Components:
  |- loss_rot: 0.04569
  |- loss_pos: 0.77854
  |- fk_loss: 1.70090
  |- smoothness_loss: 0.17414
LR: 1.000e-04
Hole frames in this epoch: [4, 16]

Epoch 170 | Train Loss: 0.18353 | Val Loss: 0.43216
Train Loss Components:
  |- loss_rot: 0.03443
  |- loss_pos: 0.33806
  |- fk_loss: 1.05290
  |- smoothness_loss: 0.29394
Val Loss Components:
  |- loss_rot: 0.04577
  |- loss_pos: 0.84981
  |- fk_loss: 1.75353
  |- smoothness_loss: 0.16423
LR: 1.000e-04
Hole frames in this epoch: [4, 16]

Epoch 171 | Train Loss: 0.18521 | Val Loss: 0.42859
Train Loss Components:
  |- loss_rot: 0.01143
  |- loss_pos: 0.10929
  |- fk_loss: 0.29593
  |- smoothness_loss: 0.10205
Val Loss Components:
  |- loss_rot: 0.04556
  |- loss_pos: 0.83269
  |- fk_loss: 1.73437
  |- smoothness_loss: 0.17411
LR: 1.000e-04
Hole frames in this epoch: [4, 16]

Epoch 172 | Train Loss: 0.18537 | Val Loss: 0.42840
Train Loss Components:
  |- loss_rot: 0.01567
  |- loss_pos: 0.13542
  |- fk_loss: 0.39923
  |- smoothness_loss: 0.13597
Val Loss Components:
  |- loss_rot: 0.04565
  |- loss_pos: 0.81389
  |- fk_loss: 1.70723
  |- smoothness_loss: 0.18011
LR: 1.000e-04
Hole frames in this epoch: [4, 16]

Epoch 173 | Train Loss: 0.17791 | Val Loss: 0.42575
Train Loss Components:
  |- loss_rot: 0.01757
  |- loss_pos: 0.15159
  |- fk_loss: 0.46514
  |- smoothness_loss: 0.16066
Val Loss Components:
  |- loss_rot: 0.04546
  |- loss_pos: 0.82662
  |- fk_loss: 1.70091
  |- smoothness_loss: 0.16783
LR: 1.000e-04
Hole frames in this epoch: [4, 16]

Epoch 174 | Train Loss: 0.19384 | Val Loss: 0.42848
Train Loss Components:
  |- loss_rot: 0.01409
  |- loss_pos: 0.13068
  |- fk_loss: 0.36879
  |- smoothness_loss: 0.10217
Val Loss Components:
  |- loss_rot: 0.04611
  |- loss_pos: 0.79108
  |- fk_loss: 1.70018
  |- smoothness_loss: 0.17797
LR: 1.000e-04
Hole frames in this epoch: [4, 16]

Epoch 175 | Train Loss: 0.18965 | Val Loss: 0.42655
Train Loss Components:
  |- loss_rot: 0.02572
  |- loss_pos: 0.20353
  |- fk_loss: 0.67171
  |- smoothness_loss: 0.21609
Val Loss Components:
  |- loss_rot: 0.04572
  |- loss_pos: 0.82374
  |- fk_loss: 1.71888
  |- smoothness_loss: 0.18070
LR: 1.000e-04
Hole frames in this epoch: [4, 16]

Epoch 176 | Train Loss: 0.17044 | Val Loss: 0.41114
Train Loss Components:
  |- loss_rot: 0.04056
  |- loss_pos: 0.31349
  |- fk_loss: 1.10881
  |- smoothness_loss: 0.35052
Val Loss Components:
  |- loss_rot: 0.04551
  |- loss_pos: 0.79346
  |- fk_loss: 1.65690
  |- smoothness_loss: 0.18176
LR: 5.000e-05
Hole frames in this epoch: [4, 16]

Epoch 177 | Train Loss: 0.16830 | Val Loss: 0.40525
Train Loss Components:
  |- loss_rot: 0.01907
  |- loss_pos: 0.14370
  |- fk_loss: 0.48713
  |- smoothness_loss: 0.17971
Val Loss Components:
  |- loss_rot: 0.04539
  |- loss_pos: 0.74980
  |- fk_loss: 1.60733
  |- smoothness_loss: 0.17706
LR: 5.000e-05
Hole frames in this epoch: [4, 16]

Epoch 178 | Train Loss: 0.16793 | Val Loss: 0.40736
Train Loss Components:
  |- loss_rot: 0.03083
  |- loss_pos: 0.22849
  |- fk_loss: 0.81682
  |- smoothness_loss: 0.24979
Val Loss Components:
  |- loss_rot: 0.04543
  |- loss_pos: 0.74669
  |- fk_loss: 1.63250
  |- smoothness_loss: 0.18362
LR: 5.000e-05
Hole frames in this epoch: [4, 16]

Epoch 179 | Train Loss: 0.16215 | Val Loss: 0.40524
Train Loss Components:
  |- loss_rot: 0.03250
  |- loss_pos: 0.23016
  |- fk_loss: 0.83174
  |- smoothness_loss: 0.30510
Val Loss Components:
  |- loss_rot: 0.04536
  |- loss_pos: 0.76252
  |- fk_loss: 1.63746
  |- smoothness_loss: 0.18043
LR: 5.000e-05
Hole frames in this epoch: [4, 16]

Epoch 180 | Train Loss: 0.16604 | Val Loss: 0.40313
Train Loss Components:
  |- loss_rot: 0.03109
  |- loss_pos: 0.23292
  |- fk_loss: 0.82312
  |- smoothness_loss: 0.29161
Val Loss Components:
  |- loss_rot: 0.04537
  |- loss_pos: 0.76536
  |- fk_loss: 1.62020
  |- smoothness_loss: 0.17715
LR: 5.000e-05
Hole frames in this epoch: [4, 16]

Epoch 181 | Train Loss: 0.15580 | Val Loss: 0.40404
Train Loss Components:
  |- loss_rot: 0.02310
  |- loss_pos: 0.17782
  |- fk_loss: 0.61770
  |- smoothness_loss: 0.20439
Val Loss Components:
  |- loss_rot: 0.04520
  |- loss_pos: 0.74593
  |- fk_loss: 1.61683
  |- smoothness_loss: 0.18083
LR: 5.000e-05
Hole frames in this epoch: [4, 16]

Epoch 182 | Train Loss: 0.16548 | Val Loss: 0.40347
Train Loss Components:
  |- loss_rot: 0.03432
  |- loss_pos: 0.25175
  |- fk_loss: 0.91096
  |- smoothness_loss: 0.30416
Val Loss Components:
  |- loss_rot: 0.04537
  |- loss_pos: 0.75438
  |- fk_loss: 1.63137
  |- smoothness_loss: 0.18059
LR: 5.000e-05
Hole frames in this epoch: [4, 16]

Epoch 183 | Train Loss: 0.16634 | Val Loss: 0.40155
Train Loss Components:
  |- loss_rot: 0.04057
  |- loss_pos: 0.29541
  |- fk_loss: 1.11769
  |- smoothness_loss: 0.37543
Val Loss Components:
  |- loss_rot: 0.04530
  |- loss_pos: 0.76896
  |- fk_loss: 1.62218
  |- smoothness_loss: 0.18804
LR: 5.000e-05
Hole frames in this epoch: [4, 16]

Epoch 184 | Train Loss: 0.16293 | Val Loss: 0.40037
Train Loss Components:
  |- loss_rot: 0.03493
  |- loss_pos: 0.30053
  |- fk_loss: 0.96311
  |- smoothness_loss: 0.30497
Val Loss Components:
  |- loss_rot: 0.04512
  |- loss_pos: 0.75197
  |- fk_loss: 1.61410
  |- smoothness_loss: 0.18370
LR: 5.000e-05
Hole frames in this epoch: [4, 16]

Epoch 185 | Train Loss: 0.16710 | Val Loss: 0.40174
Train Loss Components:
  |- loss_rot: 0.03329
  |- loss_pos: 0.23442
  |- fk_loss: 0.86025
  |- smoothness_loss: 0.29810
Val Loss Components:
  |- loss_rot: 0.04512
  |- loss_pos: 0.73825
  |- fk_loss: 1.60852
  |- smoothness_loss: 0.17895
LR: 5.000e-05
Hole frames in this epoch: [4, 16]

Epoch 186 | Train Loss: 0.15959 | Val Loss: 0.40021
Train Loss Components:
  |- loss_rot: 0.03147
  |- loss_pos: 0.22403
  |- fk_loss: 0.80445
  |- smoothness_loss: 0.32955
Val Loss Components:
  |- loss_rot: 0.04507
  |- loss_pos: 0.76178
  |- fk_loss: 1.61461
  |- smoothness_loss: 0.18912
LR: 5.000e-05
Hole frames in this epoch: [4, 16]

Epoch 187 | Train Loss: 0.16085 | Val Loss: 0.40191
Train Loss Components:
  |- loss_rot: 0.03351
  |- loss_pos: 0.23486
  |- fk_loss: 0.89276
  |- smoothness_loss: 0.36266
Val Loss Components:
  |- loss_rot: 0.04518
  |- loss_pos: 0.77497
  |- fk_loss: 1.62753
  |- smoothness_loss: 0.19058
LR: 5.000e-05
Hole frames in this epoch: [4, 16]

Epoch 188 | Train Loss: 0.15548 | Val Loss: 0.40075
Train Loss Components:
  |- loss_rot: 0.03009
  |- loss_pos: 0.21001
  |- fk_loss: 0.75611
  |- smoothness_loss: 0.27196
Val Loss Components:
  |- loss_rot: 0.04515
  |- loss_pos: 0.75370
  |- fk_loss: 1.60781
  |- smoothness_loss: 0.18750
LR: 5.000e-05
Hole frames in this epoch: [4, 16]

Epoch 189 | Train Loss: 0.15873 | Val Loss: 0.40393
Train Loss Components:
  |- loss_rot: 0.01117
  |- loss_pos: 0.09848
  |- fk_loss: 0.27632
  |- smoothness_loss: 0.09614
Val Loss Components:
  |- loss_rot: 0.04513
  |- loss_pos: 0.76442
  |- fk_loss: 1.59470
  |- smoothness_loss: 0.18911
LR: 5.000e-05
Hole frames in this epoch: [4, 16]

Epoch 190 | Train Loss: 0.16287 | Val Loss: 0.40329
Train Loss Components:
  |- loss_rot: 0.03174
  |- loss_pos: 0.21597
  |- fk_loss: 0.86172
  |- smoothness_loss: 0.30931
Val Loss Components:
  |- loss_rot: 0.04516
  |- loss_pos: 0.75210
  |- fk_loss: 1.60057
  |- smoothness_loss: 0.18699
LR: 5.000e-05
Hole frames in this epoch: [4, 16]

Epoch 191 | Train Loss: 0.16225 | Val Loss: 0.40023
Train Loss Components:
  |- loss_rot: 0.03624
  |- loss_pos: 0.27018
  |- fk_loss: 0.99968
  |- smoothness_loss: 0.38078
Val Loss Components:
  |- loss_rot: 0.04490
  |- loss_pos: 0.76227
  |- fk_loss: 1.61915
  |- smoothness_loss: 0.18307
LR: 5.000e-05
Hole frames in this epoch: [4, 16]

Epoch 192 | Train Loss: 0.15747 | Val Loss: 0.39807
Train Loss Components:
  |- loss_rot: 0.02876
  |- loss_pos: 0.18906
  |- fk_loss: 0.75214
  |- smoothness_loss: 0.23945
Val Loss Components:
  |- loss_rot: 0.04500
  |- loss_pos: 0.74561
  |- fk_loss: 1.58921
  |- smoothness_loss: 0.18567
LR: 5.000e-05
Hole frames in this epoch: [4, 16]

Epoch 193 | Train Loss: 0.16089 | Val Loss: 0.39783
Train Loss Components:
  |- loss_rot: 0.03308
  |- loss_pos: 0.21810
  |- fk_loss: 0.86132
  |- smoothness_loss: 0.31055
Val Loss Components:
  |- loss_rot: 0.04481
  |- loss_pos: 0.75022
  |- fk_loss: 1.59172
  |- smoothness_loss: 0.17852
LR: 5.000e-05
Hole frames in this epoch: [4, 16]

Epoch 194 | Train Loss: 0.15770 | Val Loss: 0.40126
Train Loss Components:
  |- loss_rot: 0.01648
  |- loss_pos: 0.12359
  |- fk_loss: 0.40044
  |- smoothness_loss: 0.15901
Val Loss Components:
  |- loss_rot: 0.04490
  |- loss_pos: 0.76019
  |- fk_loss: 1.59685
  |- smoothness_loss: 0.18819
LR: 5.000e-05
Hole frames in this epoch: [4, 16]

Epoch 195 | Train Loss: 0.15885 | Val Loss: 0.39812
Train Loss Components:
  |- loss_rot: 0.03713
  |- loss_pos: 0.29267
  |- fk_loss: 1.04923
  |- smoothness_loss: 0.38002
Val Loss Components:
  |- loss_rot: 0.04507
  |- loss_pos: 0.75162
  |- fk_loss: 1.58125
  |- smoothness_loss: 0.18616
LR: 5.000e-05
Hole frames in this epoch: [4, 16]

Epoch 196 | Train Loss: 0.15991 | Val Loss: 0.39841
Train Loss Components:
  |- loss_rot: 0.03417
  |- loss_pos: 0.23302
  |- fk_loss: 0.87690
  |- smoothness_loss: 0.32607
Val Loss Components:
  |- loss_rot: 0.04499
  |- loss_pos: 0.74029
  |- fk_loss: 1.59519
  |- smoothness_loss: 0.19040
LR: 5.000e-05
Hole frames in this epoch: [4, 16]

Epoch 197 | Train Loss: 0.15367 | Val Loss: 0.39665
Train Loss Components:
  |- loss_rot: 0.03000
  |- loss_pos: 0.18665
  |- fk_loss: 0.78233
  |- smoothness_loss: 0.27708
Val Loss Components:
  |- loss_rot: 0.04471
  |- loss_pos: 0.74404
  |- fk_loss: 1.57891
  |- smoothness_loss: 0.18544
LR: 5.000e-05
Hole frames in this epoch: [4, 16]

Epoch 198 | Train Loss: 0.15445 | Val Loss: 0.40017
Train Loss Components:
  |- loss_rot: 0.03296
  |- loss_pos: 0.22498
  |- fk_loss: 0.84705
  |- smoothness_loss: 0.34288
Val Loss Components:
  |- loss_rot: 0.04494
  |- loss_pos: 0.72687
  |- fk_loss: 1.59936
  |- smoothness_loss: 0.18932
LR: 5.000e-05
Hole frames in this epoch: [4, 16]

Epoch 199 | Train Loss: 0.14729 | Val Loss: 0.39573
Train Loss Components:
  |- loss_rot: 0.01361
  |- loss_pos: 0.10833
  |- fk_loss: 0.33798
  |- smoothness_loss: 0.12187
Val Loss Components:
  |- loss_rot: 0.04472
  |- loss_pos: 0.73761
  |- fk_loss: 1.58780
  |- smoothness_loss: 0.18458
LR: 5.000e-05
Hole frames in this epoch: [4, 16]

Epoch 200 | Train Loss: 0.15082 | Val Loss: 0.39537
Train Loss Components:
  |- loss_rot: 0.02906
  |- loss_pos: 0.21299
  |- fk_loss: 0.76461
  |- smoothness_loss: 0.30303
Val Loss Components:
  |- loss_rot: 0.04471
  |- loss_pos: 0.75759
  |- fk_loss: 1.59020
  |- smoothness_loss: 0.18318
LR: 5.000e-05
Hole frames in this epoch: [4, 16]

Epoch 201 | Train Loss: 0.15630 | Val Loss: 0.39819
Train Loss Components:
  |- loss_rot: 0.01110
  |- loss_pos: 0.10122
  |- fk_loss: 0.28177
  |- smoothness_loss: 0.09665
Val Loss Components:
  |- loss_rot: 0.04475
  |- loss_pos: 0.75852
  |- fk_loss: 1.60046
  |- smoothness_loss: 0.18502
LR: 5.000e-05
Hole frames in this epoch: [4, 16]

Epoch 202 | Train Loss: 0.15665 | Val Loss: 0.39647
Train Loss Components:
  |- loss_rot: 0.02663
  |- loss_pos: 0.18010
  |- fk_loss: 0.66421
  |- smoothness_loss: 0.22071
Val Loss Components:
  |- loss_rot: 0.04463
  |- loss_pos: 0.73842
  |- fk_loss: 1.58081
  |- smoothness_loss: 0.18889
LR: 5.000e-05
Hole frames in this epoch: [4, 16]

Epoch 203 | Train Loss: 0.15769 | Val Loss: 0.39424
Train Loss Components:
  |- loss_rot: 0.02546
  |- loss_pos: 0.18223
  |- fk_loss: 0.62824
  |- smoothness_loss: 0.23800
Val Loss Components:
  |- loss_rot: 0.04460
  |- loss_pos: 0.73508
  |- fk_loss: 1.56575
  |- smoothness_loss: 0.18034
LR: 5.000e-05
Hole frames in this epoch: [4, 16]

Epoch 204 | Train Loss: 0.15939 | Val Loss: 0.39456
Train Loss Components:
  |- loss_rot: 0.02705
  |- loss_pos: 0.17163
  |- fk_loss: 0.69943
  |- smoothness_loss: 0.27384
Val Loss Components:
  |- loss_rot: 0.04464
  |- loss_pos: 0.72795
  |- fk_loss: 1.57727
  |- smoothness_loss: 0.18485
LR: 5.000e-05
Hole frames in this epoch: [4, 16]

Epoch 205 | Train Loss: 0.15647 | Val Loss: 0.39505
Train Loss Components:
  |- loss_rot: 0.03095
  |- loss_pos: 0.20141
  |- fk_loss: 0.78202
  |- smoothness_loss: 0.26645
Val Loss Components:
  |- loss_rot: 0.04472
  |- loss_pos: 0.73503
  |- fk_loss: 1.58495
  |- smoothness_loss: 0.18363
LR: 5.000e-05
Hole frames in this epoch: [4, 16]

Epoch 206 | Train Loss: 0.15213 | Val Loss: 0.39698
Train Loss Components:
  |- loss_rot: 0.01471
  |- loss_pos: 0.11330
  |- fk_loss: 0.37154
  |- smoothness_loss: 0.12386
Val Loss Components:
  |- loss_rot: 0.04458
  |- loss_pos: 0.73658
  |- fk_loss: 1.57836
  |- smoothness_loss: 0.18331
LR: 5.000e-05
Hole frames in this epoch: [4, 16]

Epoch 207 | Train Loss: 0.16088 | Val Loss: 0.39477
Train Loss Components:
  |- loss_rot: 0.03504
  |- loss_pos: 0.23612
  |- fk_loss: 0.91283
  |- smoothness_loss: 0.39418
Val Loss Components:
  |- loss_rot: 0.04466
  |- loss_pos: 0.73355
  |- fk_loss: 1.58067
  |- smoothness_loss: 0.17857
LR: 5.000e-05
Hole frames in this epoch: [4, 16]

Epoch 208 | Train Loss: 0.15720 | Val Loss: 0.39658
Train Loss Components:
  |- loss_rot: 0.02318
  |- loss_pos: 0.16283
  |- fk_loss: 0.57287
  |- smoothness_loss: 0.22934
Val Loss Components:
  |- loss_rot: 0.04441
  |- loss_pos: 0.74809
  |- fk_loss: 1.56573
  |- smoothness_loss: 0.18530
LR: 5.000e-05
Hole frames in this epoch: [4, 16]

Epoch 209 | Train Loss: 0.15503 | Val Loss: 0.39294
Train Loss Components:
  |- loss_rot: 0.03810
  |- loss_pos: 0.29513
  |- fk_loss: 1.02221
  |- smoothness_loss: 0.36875
Val Loss Components:
  |- loss_rot: 0.04450
  |- loss_pos: 0.75236
  |- fk_loss: 1.57935
  |- smoothness_loss: 0.18819
LR: 5.000e-05
Hole frames in this epoch: [4, 16]

Epoch 210 | Train Loss: 0.15598 | Val Loss: 0.39544
Train Loss Components:
  |- loss_rot: 0.01810
  |- loss_pos: 0.12136
  |- fk_loss: 0.42458
  |- smoothness_loss: 0.14685
Val Loss Components:
  |- loss_rot: 0.04485
  |- loss_pos: 0.76918
  |- fk_loss: 1.59411
  |- smoothness_loss: 0.19700
LR: 5.000e-05
Hole frames in this epoch: [4, 16]

Epoch 211 | Train Loss: 0.15390 | Val Loss: 0.39310
Train Loss Components:
  |- loss_rot: 0.02117
  |- loss_pos: 0.15177
  |- fk_loss: 0.49307
  |- smoothness_loss: 0.23159
Val Loss Components:
  |- loss_rot: 0.04470
  |- loss_pos: 0.75912
  |- fk_loss: 1.59544
  |- smoothness_loss: 0.19299
LR: 5.000e-05
Hole frames in this epoch: [4, 16]

Epoch 212 | Train Loss: 0.15462 | Val Loss: 0.39246
Train Loss Components:
  |- loss_rot: 0.01164
  |- loss_pos: 0.09421
  |- fk_loss: 0.27228
  |- smoothness_loss: 0.10061
Val Loss Components:
  |- loss_rot: 0.04452
  |- loss_pos: 0.75713
  |- fk_loss: 1.59413
  |- smoothness_loss: 0.18659
LR: 5.000e-05
Hole frames in this epoch: [4, 16]

Epoch 213 | Train Loss: 0.15281 | Val Loss: 0.39251
Train Loss Components:
  |- loss_rot: 0.03978
  |- loss_pos: 0.27804
  |- fk_loss: 1.16867
  |- smoothness_loss: 0.43161
Val Loss Components:
  |- loss_rot: 0.04463
  |- loss_pos: 0.75547
  |- fk_loss: 1.56723
  |- smoothness_loss: 0.18659
LR: 5.000e-05
Hole frames in this epoch: [4, 16]

Epoch 214 | Train Loss: 0.14955 | Val Loss: 0.39380
Train Loss Components:
  |- loss_rot: 0.02425
  |- loss_pos: 0.14943
  |- fk_loss: 0.57421
  |- smoothness_loss: 0.21728
Val Loss Components:
  |- loss_rot: 0.04462
  |- loss_pos: 0.76115
  |- fk_loss: 1.58752
  |- smoothness_loss: 0.19153
LR: 5.000e-05
Hole frames in this epoch: [4, 16]

Epoch 215 | Train Loss: 0.15060 | Val Loss: 0.39391
Train Loss Components:
  |- loss_rot: 0.01935
  |- loss_pos: 0.13960
  |- fk_loss: 0.48249
  |- smoothness_loss: 0.17921
Val Loss Components:
  |- loss_rot: 0.04456
  |- loss_pos: 0.74523
  |- fk_loss: 1.57790
  |- smoothness_loss: 0.18709
LR: 5.000e-05
Hole frames in this epoch: [4, 16]

Epoch 216 | Train Loss: 0.15578 | Val Loss: 0.39301
Train Loss Components:
  |- loss_rot: 0.03277
  |- loss_pos: 0.20828
  |- fk_loss: 0.81572
  |- smoothness_loss: 0.31848
Val Loss Components:
  |- loss_rot: 0.04449
  |- loss_pos: 0.75479
  |- fk_loss: 1.57406
  |- smoothness_loss: 0.19204
LR: 5.000e-05
Hole frames in this epoch: [4, 16]

Epoch 217 | Train Loss: 0.15622 | Val Loss: 0.39139
Train Loss Components:
  |- loss_rot: 0.01819
  |- loss_pos: 0.12787
  |- fk_loss: 0.44794
  |- smoothness_loss: 0.18911
Val Loss Components:
  |- loss_rot: 0.04440
  |- loss_pos: 0.74675
  |- fk_loss: 1.56135
  |- smoothness_loss: 0.19252
LR: 5.000e-05
Hole frames in this epoch: [4, 16]

Epoch 218 | Train Loss: 0.15354 | Val Loss: 0.39280
Train Loss Components:
  |- loss_rot: 0.01503
  |- loss_pos: 0.11057
  |- fk_loss: 0.37344
  |- smoothness_loss: 0.14525
Val Loss Components:
  |- loss_rot: 0.04440
  |- loss_pos: 0.75831
  |- fk_loss: 1.57886
  |- smoothness_loss: 0.19570
LR: 5.000e-05
Hole frames in this epoch: [4, 16]

Epoch 219 | Train Loss: 0.15531 | Val Loss: 0.39712
Train Loss Components:
  |- loss_rot: 0.01386
  |- loss_pos: 0.10767
  |- fk_loss: 0.34255
  |- smoothness_loss: 0.12350
Val Loss Components:
  |- loss_rot: 0.04465
  |- loss_pos: 0.74371
  |- fk_loss: 1.57814
  |- smoothness_loss: 0.19631
LR: 5.000e-05
Hole frames in this epoch: [4, 16]

Epoch 220 | Train Loss: 0.15230 | Val Loss: 0.39124
Train Loss Components:
  |- loss_rot: 0.03739
  |- loss_pos: 0.23639
  |- fk_loss: 0.93637
  |- smoothness_loss: 0.39951
Val Loss Components:
  |- loss_rot: 0.04434
  |- loss_pos: 0.70382
  |- fk_loss: 1.54939
  |- smoothness_loss: 0.18781
LR: 5.000e-05
Hole frames in this epoch: [4, 16]

Epoch 221 | Train Loss: 0.15581 | Val Loss: 0.39005
Train Loss Components:
  |- loss_rot: 0.03737
  |- loss_pos: 0.24541
  |- fk_loss: 1.00126
  |- smoothness_loss: 0.38577
Val Loss Components:
  |- loss_rot: 0.04418
  |- loss_pos: 0.71796
  |- fk_loss: 1.54917
  |- smoothness_loss: 0.19071
LR: 5.000e-05
Hole frames in this epoch: [4, 16]

Epoch 222 | Train Loss: 0.15182 | Val Loss: 0.39222
Train Loss Components:
  |- loss_rot: 0.02171
  |- loss_pos: 0.12147
  |- fk_loss: 0.50186
  |- smoothness_loss: 0.21021
Val Loss Components:
  |- loss_rot: 0.04417
  |- loss_pos: 0.73401
  |- fk_loss: 1.56536
  |- smoothness_loss: 0.18935
LR: 5.000e-05
Hole frames in this epoch: [4, 16]

Epoch 223 | Train Loss: 0.14937 | Val Loss: 0.39211
Train Loss Components:
  |- loss_rot: 0.01547
  |- loss_pos: 0.11197
  |- fk_loss: 0.36118
  |- smoothness_loss: 0.13871
Val Loss Components:
  |- loss_rot: 0.04423
  |- loss_pos: 0.74865
  |- fk_loss: 1.57145
  |- smoothness_loss: 0.18818
LR: 5.000e-05
Hole frames in this epoch: [4, 16]

Epoch 224 | Train Loss: 0.14716 | Val Loss: 0.39546
Train Loss Components:
  |- loss_rot: 0.02468
  |- loss_pos: 0.15856
  |- fk_loss: 0.59295
  |- smoothness_loss: 0.22589
Val Loss Components:
  |- loss_rot: 0.04472
  |- loss_pos: 0.75668
  |- fk_loss: 1.58534
  |- smoothness_loss: 0.19634
LR: 5.000e-05
Hole frames in this epoch: [4, 16]

Epoch 225 | Train Loss: 0.15145 | Val Loss: 0.39041
Train Loss Components:
  |- loss_rot: 0.01250
  |- loss_pos: 0.10458
  |- fk_loss: 0.30912
  |- smoothness_loss: 0.12653
Val Loss Components:
  |- loss_rot: 0.04438
  |- loss_pos: 0.74714
  |- fk_loss: 1.57864
  |- smoothness_loss: 0.19334
LR: 5.000e-05
Hole frames in this epoch: [4, 16]

Epoch 226 | Train Loss: 0.14683 | Val Loss: 0.39019
Train Loss Components:
  |- loss_rot: 0.02584
  |- loss_pos: 0.16029
  |- fk_loss: 0.62349
  |- smoothness_loss: 0.27368
Val Loss Components:
  |- loss_rot: 0.04438
  |- loss_pos: 0.74441
  |- fk_loss: 1.56833
  |- smoothness_loss: 0.19346
LR: 5.000e-05
Hole frames in this epoch: [4, 16]

Epoch 227 | Train Loss: 0.14764 | Val Loss: 0.38982
Train Loss Components:
  |- loss_rot: 0.02321
  |- loss_pos: 0.14633
  |- fk_loss: 0.54394
  |- smoothness_loss: 0.20549
Val Loss Components:
  |- loss_rot: 0.04417
  |- loss_pos: 0.75134
  |- fk_loss: 1.57591
  |- smoothness_loss: 0.18977
LR: 5.000e-05
Hole frames in this epoch: [4, 16]

Epoch 228 | Train Loss: 0.14869 | Val Loss: 0.39263
Train Loss Components:
  |- loss_rot: 0.01070
  |- loss_pos: 0.09034
  |- fk_loss: 0.26365
  |- smoothness_loss: 0.07798
Val Loss Components:
  |- loss_rot: 0.04435
  |- loss_pos: 0.75079
  |- fk_loss: 1.56895
  |- smoothness_loss: 0.19045
LR: 5.000e-05
Hole frames in this epoch: [4, 16]

Epoch 229 | Train Loss: 0.14931 | Val Loss: 0.39100
Train Loss Components:
  |- loss_rot: 0.01406
  |- loss_pos: 0.10564
  |- fk_loss: 0.34539
  |- smoothness_loss: 0.14659
Val Loss Components:
  |- loss_rot: 0.04424
  |- loss_pos: 0.76753
  |- fk_loss: 1.56041
  |- smoothness_loss: 0.19310
LR: 5.000e-05
Hole frames in this epoch: [4, 16]

Epoch 230 | Train Loss: 0.15105 | Val Loss: 0.38872
Train Loss Components:
  |- loss_rot: 0.03307
  |- loss_pos: 0.21705
  |- fk_loss: 0.83973
  |- smoothness_loss: 0.32077
Val Loss Components:
  |- loss_rot: 0.04430
  |- loss_pos: 0.73971
  |- fk_loss: 1.56087
  |- smoothness_loss: 0.19582
LR: 5.000e-05
Hole frames in this epoch: [4, 16]

Epoch 231 | Train Loss: 0.15040 | Val Loss: 0.38810
Train Loss Components:
  |- loss_rot: 0.02590
  |- loss_pos: 0.15001
  |- fk_loss: 0.58824
  |- smoothness_loss: 0.23469
Val Loss Components:
  |- loss_rot: 0.04412
  |- loss_pos: 0.73809
  |- fk_loss: 1.55563
  |- smoothness_loss: 0.19168
LR: 5.000e-05
Hole frames in this epoch: [4, 16]

Epoch 232 | Train Loss: 0.14721 | Val Loss: 0.39102
Train Loss Components:
  |- loss_rot: 0.01343
  |- loss_pos: 0.10703
  |- fk_loss: 0.32427
  |- smoothness_loss: 0.12196
Val Loss Components:
  |- loss_rot: 0.04431
  |- loss_pos: 0.75583
  |- fk_loss: 1.56559
  |- smoothness_loss: 0.19838
LR: 5.000e-05
Hole frames in this epoch: [4, 16]

Epoch 233 | Train Loss: 0.15089 | Val Loss: 0.38869
Train Loss Components:
  |- loss_rot: 0.03750
  |- loss_pos: 0.26389
  |- fk_loss: 0.96524
  |- smoothness_loss: 0.35882
Val Loss Components:
  |- loss_rot: 0.04405
  |- loss_pos: 0.73277
  |- fk_loss: 1.55207
  |- smoothness_loss: 0.18496
LR: 5.000e-05
Hole frames in this epoch: [4, 16]

Epoch 234 | Train Loss: 0.14770 | Val Loss: 0.38793
Train Loss Components:
  |- loss_rot: 0.03166
  |- loss_pos: 0.19071
  |- fk_loss: 0.75173
  |- smoothness_loss: 0.31328
Val Loss Components:
  |- loss_rot: 0.04390
  |- loss_pos: 0.73178
  |- fk_loss: 1.53791
  |- smoothness_loss: 0.18728
LR: 5.000e-05
Hole frames in this epoch: [4, 16]

Epoch 235 | Train Loss: 0.14575 | Val Loss: 0.38822
Train Loss Components:
  |- loss_rot: 0.02579
  |- loss_pos: 0.15871
  |- fk_loss: 0.61902
  |- smoothness_loss: 0.24308
Val Loss Components:
  |- loss_rot: 0.04404
  |- loss_pos: 0.75441
  |- fk_loss: 1.54747
  |- smoothness_loss: 0.19026
LR: 5.000e-05
Hole frames in this epoch: [4, 16]

Epoch 236 | Train Loss: 0.15106 | Val Loss: 0.38911
Train Loss Components:
  |- loss_rot: 0.01366
  |- loss_pos: 0.09854
  |- fk_loss: 0.33388
  |- smoothness_loss: 0.11770
Val Loss Components:
  |- loss_rot: 0.04407
  |- loss_pos: 0.72909
  |- fk_loss: 1.54112
  |- smoothness_loss: 0.18559
LR: 5.000e-05
Hole frames in this epoch: [4, 16]

Epoch 237 | Train Loss: 0.15213 | Val Loss: 0.38550
Train Loss Components:
  |- loss_rot: 0.01741
  |- loss_pos: 0.12660
  |- fk_loss: 0.40905
  |- smoothness_loss: 0.16132
Val Loss Components:
  |- loss_rot: 0.04396
  |- loss_pos: 0.71898
  |- fk_loss: 1.53699
  |- smoothness_loss: 0.18580
LR: 5.000e-05
Hole frames in this epoch: [4, 16]

Epoch 238 | Train Loss: 0.14063 | Val Loss: 0.38913
Train Loss Components:
  |- loss_rot: 0.02132
  |- loss_pos: 0.13769
  |- fk_loss: 0.49815
  |- smoothness_loss: 0.18965
Val Loss Components:
  |- loss_rot: 0.04425
  |- loss_pos: 0.71507
  |- fk_loss: 1.55158
  |- smoothness_loss: 0.19104
LR: 5.000e-05
Hole frames in this epoch: [4, 16]

Epoch 239 | Train Loss: 0.14775 | Val Loss: 0.38961
Train Loss Components:
  |- loss_rot: 0.03107
  |- loss_pos: 0.20180
  |- fk_loss: 0.77411
  |- smoothness_loss: 0.28560
Val Loss Components:
  |- loss_rot: 0.04434
  |- loss_pos: 0.70784
  |- fk_loss: 1.54599
  |- smoothness_loss: 0.19761
LR: 5.000e-05
Hole frames in this epoch: [4, 16]

Epoch 240 | Train Loss: 0.15190 | Val Loss: 0.38833
Train Loss Components:
  |- loss_rot: 0.03040
  |- loss_pos: 0.18830
  |- fk_loss: 0.79154
  |- smoothness_loss: 0.34564
Val Loss Components:
  |- loss_rot: 0.04399
  |- loss_pos: 0.72369
  |- fk_loss: 1.54251
  |- smoothness_loss: 0.19021
LR: 5.000e-05
Hole frames in this epoch: [4, 16]

Epoch 241 | Train Loss: 0.14691 | Val Loss: 0.38574
Train Loss Components:
  |- loss_rot: 0.02869
  |- loss_pos: 0.18003
  |- fk_loss: 0.69593
  |- smoothness_loss: 0.27056
Val Loss Components:
  |- loss_rot: 0.04391
  |- loss_pos: 0.70957
  |- fk_loss: 1.52384
  |- smoothness_loss: 0.19160
LR: 5.000e-05
Hole frames in this epoch: [4, 16]

Epoch 242 | Train Loss: 0.13927 | Val Loss: 0.38531
Train Loss Components:
  |- loss_rot: 0.01643
  |- loss_pos: 0.11072
  |- fk_loss: 0.38128
  |- smoothness_loss: 0.15167
Val Loss Components:
  |- loss_rot: 0.04412
  |- loss_pos: 0.72167
  |- fk_loss: 1.55003
  |- smoothness_loss: 0.18833
LR: 5.000e-05
Hole frames in this epoch: [4, 16]

Epoch 243 | Train Loss: 0.14811 | Val Loss: 0.38533
Train Loss Components:
  |- loss_rot: 0.01945
  |- loss_pos: 0.12614
  |- fk_loss: 0.45625
  |- smoothness_loss: 0.17470
Val Loss Components:
  |- loss_rot: 0.04395
  |- loss_pos: 0.70710
  |- fk_loss: 1.53396
  |- smoothness_loss: 0.19151
LR: 5.000e-05
Hole frames in this epoch: [4, 16]

Epoch 244 | Train Loss: 0.14497 | Val Loss: 0.38536
Train Loss Components:
  |- loss_rot: 0.02714
  |- loss_pos: 0.16197
  |- fk_loss: 0.66241
  |- smoothness_loss: 0.22701
Val Loss Components:
  |- loss_rot: 0.04396
  |- loss_pos: 0.70929
  |- fk_loss: 1.53841
  |- smoothness_loss: 0.18814
LR: 5.000e-05
Hole frames in this epoch: [4, 16]

Epoch 245 | Train Loss: 0.14160 | Val Loss: 0.38783
Train Loss Components:
  |- loss_rot: 0.02482
  |- loss_pos: 0.16342
  |- fk_loss: 0.57503
  |- smoothness_loss: 0.24193
Val Loss Components:
  |- loss_rot: 0.04404
  |- loss_pos: 0.71657
  |- fk_loss: 1.54280
  |- smoothness_loss: 0.18690
LR: 5.000e-05
Hole frames in this epoch: [4, 16]

Epoch 246 | Train Loss: 0.14688 | Val Loss: 0.38663
Train Loss Components:
  |- loss_rot: 0.02832
  |- loss_pos: 0.16977
  |- fk_loss: 0.68622
  |- smoothness_loss: 0.28553
Val Loss Components:
  |- loss_rot: 0.04381
  |- loss_pos: 0.71014
  |- fk_loss: 1.53184
  |- smoothness_loss: 0.18377
LR: 5.000e-05
Hole frames in this epoch: [4, 16]

Epoch 247 | Train Loss: 0.14667 | Val Loss: 0.38842
Train Loss Components:
  |- loss_rot: 0.03858
  |- loss_pos: 0.30003
  |- fk_loss: 1.05635
  |- smoothness_loss: 0.44752
Val Loss Components:
  |- loss_rot: 0.04402
  |- loss_pos: 0.72533
  |- fk_loss: 1.56086
  |- smoothness_loss: 0.19246
LR: 5.000e-05
Hole frames in this epoch: [4, 16]

Epoch 248 | Train Loss: 0.14489 | Val Loss: 0.38481
Train Loss Components:
  |- loss_rot: 0.03441
  |- loss_pos: 0.22197
  |- fk_loss: 0.87214
  |- smoothness_loss: 0.34681
Val Loss Components:
  |- loss_rot: 0.04390
  |- loss_pos: 0.74143
  |- fk_loss: 1.56984
  |- smoothness_loss: 0.19016
LR: 5.000e-05
Hole frames in this epoch: [4, 16]

Epoch 249 | Train Loss: 0.15061 | Val Loss: 0.38584
Train Loss Components:
  |- loss_rot: 0.03907
  |- loss_pos: 0.25681
  |- fk_loss: 1.01577
  |- smoothness_loss: 0.35746
Val Loss Components:
  |- loss_rot: 0.04397
  |- loss_pos: 0.72617
  |- fk_loss: 1.53975
  |- smoothness_loss: 0.19403
LR: 5.000e-05
Hole frames in this epoch: [4, 16]

Epoch 250 | Train Loss: 0.14509 | Val Loss: 0.38570
Train Loss Components:
  |- loss_rot: 0.02431
  |- loss_pos: 0.14496
  |- fk_loss: 0.53767
  |- smoothness_loss: 0.21472
Val Loss Components:
  |- loss_rot: 0.04391
  |- loss_pos: 0.74525
  |- fk_loss: 1.55976
  |- smoothness_loss: 0.19358
LR: 5.000e-05
Hole frames in this epoch: [4, 16]

Epoch 251 | Train Loss: 0.14694 | Val Loss: 0.38501
Train Loss Components:
  |- loss_rot: 0.02139
  |- loss_pos: 0.13097
  |- fk_loss: 0.51249
  |- smoothness_loss: 0.18414
Val Loss Components:
  |- loss_rot: 0.04400
  |- loss_pos: 0.74329
  |- fk_loss: 1.55604
  |- smoothness_loss: 0.19046
LR: 5.000e-05
Hole frames in this epoch: [4, 16]

Epoch 252 | Train Loss: 0.14684 | Val Loss: 0.38429
Train Loss Components:
  |- loss_rot: 0.03937
  |- loss_pos: 0.29884
  |- fk_loss: 1.05341
  |- smoothness_loss: 0.42292
Val Loss Components:
  |- loss_rot: 0.04398
  |- loss_pos: 0.73113
  |- fk_loss: 1.54774
  |- smoothness_loss: 0.18866
LR: 5.000e-05
Hole frames in this epoch: [4, 16]

Epoch 253 | Train Loss: 0.14631 | Val Loss: 0.38374
Train Loss Components:
  |- loss_rot: 0.03188
  |- loss_pos: 0.20304
  |- fk_loss: 0.75609
  |- smoothness_loss: 0.29232
Val Loss Components:
  |- loss_rot: 0.04382
  |- loss_pos: 0.72326
  |- fk_loss: 1.54118
  |- smoothness_loss: 0.19457
LR: 5.000e-05
Hole frames in this epoch: [4, 16]

Epoch 254 | Train Loss: 0.14537 | Val Loss: 0.38633
Train Loss Components:
  |- loss_rot: 0.01729
  |- loss_pos: 0.12604
  |- fk_loss: 0.41434
  |- smoothness_loss: 0.15836
Val Loss Components:
  |- loss_rot: 0.04399
  |- loss_pos: 0.74144
  |- fk_loss: 1.55018
  |- smoothness_loss: 0.19563
LR: 5.000e-05
Hole frames in this epoch: [4, 16]

Epoch 255 | Train Loss: 0.14686 | Val Loss: 0.38384
Train Loss Components:
  |- loss_rot: 0.03818
  |- loss_pos: 0.29825
  |- fk_loss: 1.01649
  |- smoothness_loss: 0.40444
Val Loss Components:
  |- loss_rot: 0.04391
  |- loss_pos: 0.73184
  |- fk_loss: 1.54133
  |- smoothness_loss: 0.19030
LR: 5.000e-05
Hole frames in this epoch: [4, 16]

Epoch 256 | Train Loss: 0.14731 | Val Loss: 0.38463
Train Loss Components:
  |- loss_rot: 0.02109
  |- loss_pos: 0.14790
  |- fk_loss: 0.52632
  |- smoothness_loss: 0.19609
Val Loss Components:
  |- loss_rot: 0.04396
  |- loss_pos: 0.73720
  |- fk_loss: 1.55887
  |- smoothness_loss: 0.18686
LR: 5.000e-05
Hole frames in this epoch: [4, 16]

Epoch 257 | Train Loss: 0.14645 | Val Loss: 0.38337
Train Loss Components:
  |- loss_rot: 0.03135
  |- loss_pos: 0.18693
  |- fk_loss: 0.76127
  |- smoothness_loss: 0.29155
Val Loss Components:
  |- loss_rot: 0.04383
  |- loss_pos: 0.74074
  |- fk_loss: 1.55892
  |- smoothness_loss: 0.19076
LR: 5.000e-05
Hole frames in this epoch: [4, 16]

Epoch 258 | Train Loss: 0.15235 | Val Loss: 0.38291
Train Loss Components:
  |- loss_rot: 0.03317
  |- loss_pos: 0.22546
  |- fk_loss: 0.91882
  |- smoothness_loss: 0.32299
Val Loss Components:
  |- loss_rot: 0.04412
  |- loss_pos: 0.73817
  |- fk_loss: 1.55886
  |- smoothness_loss: 0.18997
LR: 5.000e-05
Hole frames in this epoch: [4, 16]

Epoch 259 | Train Loss: 0.14341 | Val Loss: 0.38053
Train Loss Components:
  |- loss_rot: 0.01516
  |- loss_pos: 0.09768
  |- fk_loss: 0.35619
  |- smoothness_loss: 0.15315
Val Loss Components:
  |- loss_rot: 0.04375
  |- loss_pos: 0.71493
  |- fk_loss: 1.53469
  |- smoothness_loss: 0.18776
LR: 5.000e-05
Hole frames in this epoch: [4, 16]

Epoch 260 | Train Loss: 0.14821 | Val Loss: 0.38490
Train Loss Components:
  |- loss_rot: 0.03752
  |- loss_pos: 0.25667
  |- fk_loss: 1.00656
  |- smoothness_loss: 0.41508
Val Loss Components:
  |- loss_rot: 0.04376
  |- loss_pos: 0.72530
  |- fk_loss: 1.55165
  |- smoothness_loss: 0.18839
LR: 5.000e-05
Hole frames in this epoch: [4, 16]

Epoch 261 | Train Loss: 0.14378 | Val Loss: 0.38294
Train Loss Components:
  |- loss_rot: 0.02684
  |- loss_pos: 0.16980
  |- fk_loss: 0.63512
  |- smoothness_loss: 0.26529
Val Loss Components:
  |- loss_rot: 0.04364
  |- loss_pos: 0.70000
  |- fk_loss: 1.54019
  |- smoothness_loss: 0.18895
LR: 5.000e-05
Hole frames in this epoch: [4, 16]

Epoch 262 | Train Loss: 0.14487 | Val Loss: 0.38109
Train Loss Components:
  |- loss_rot: 0.03231
  |- loss_pos: 0.19205
  |- fk_loss: 0.75361
  |- smoothness_loss: 0.32340
Val Loss Components:
  |- loss_rot: 0.04380
  |- loss_pos: 0.71890
  |- fk_loss: 1.54100
  |- smoothness_loss: 0.19032
LR: 5.000e-05
Hole frames in this epoch: [4, 16]

Epoch 263 | Train Loss: 0.14638 | Val Loss: 0.38459
Train Loss Components:
  |- loss_rot: 0.01371
  |- loss_pos: 0.09495
  |- fk_loss: 0.31729
  |- smoothness_loss: 0.12732
Val Loss Components:
  |- loss_rot: 0.04371
  |- loss_pos: 0.72094
  |- fk_loss: 1.53291
  |- smoothness_loss: 0.19545
LR: 5.000e-05
Hole frames in this epoch: [4, 16]

Epoch 264 | Train Loss: 0.14630 | Val Loss: 0.38132
Train Loss Components:
  |- loss_rot: 0.04063
  |- loss_pos: 0.29738
  |- fk_loss: 1.15783
  |- smoothness_loss: 0.45003
Val Loss Components:
  |- loss_rot: 0.04362
  |- loss_pos: 0.71845
  |- fk_loss: 1.51919
  |- smoothness_loss: 0.19345
LR: 5.000e-05
Hole frames in this epoch: [4, 16]

Epoch 265 | Train Loss: 0.14539 | Val Loss: 0.38247
Train Loss Components:
  |- loss_rot: 0.02527
  |- loss_pos: 0.15164
  |- fk_loss: 0.56965
  |- smoothness_loss: 0.24097
Val Loss Components:
  |- loss_rot: 0.04385
  |- loss_pos: 0.71989
  |- fk_loss: 1.54312
  |- smoothness_loss: 0.19448
LR: 5.000e-05
Hole frames in this epoch: [4, 16]

Epoch 266 | Train Loss: 0.14045 | Val Loss: 0.37572
Train Loss Components:
  |- loss_rot: 0.02491
  |- loss_pos: 0.14354
  |- fk_loss: 0.56234
  |- smoothness_loss: 0.23985
Val Loss Components:
  |- loss_rot: 0.04355
  |- loss_pos: 0.71306
  |- fk_loss: 1.52374
  |- smoothness_loss: 0.18944
LR: 2.500e-05
Hole frames in this epoch: [4, 16]

Epoch 267 | Train Loss: 0.14150 | Val Loss: 0.37507
Train Loss Components:
  |- loss_rot: 0.02243
  |- loss_pos: 0.12616
  |- fk_loss: 0.50939
  |- smoothness_loss: 0.22313
Val Loss Components:
  |- loss_rot: 0.04355
  |- loss_pos: 0.71748
  |- fk_loss: 1.51678
  |- smoothness_loss: 0.19376
LR: 2.500e-05
Hole frames in this epoch: [4, 16]

Epoch 268 | Train Loss: 0.13623 | Val Loss: 0.37597
Train Loss Components:
  |- loss_rot: 0.02221
  |- loss_pos: 0.11533
  |- fk_loss: 0.49252
  |- smoothness_loss: 0.19198
Val Loss Components:
  |- loss_rot: 0.04341
  |- loss_pos: 0.70703
  |- fk_loss: 1.50529
  |- smoothness_loss: 0.19019
LR: 2.500e-05
Hole frames in this epoch: [4, 16]

Epoch 269 | Train Loss: 0.13395 | Val Loss: 0.37736
Train Loss Components:
  |- loss_rot: 0.01457
  |- loss_pos: 0.09322
  |- fk_loss: 0.32919
  |- smoothness_loss: 0.15808
Val Loss Components:
  |- loss_rot: 0.04371
  |- loss_pos: 0.71345
  |- fk_loss: 1.52520
  |- smoothness_loss: 0.19894
LR: 2.500e-05
Hole frames in this epoch: [4, 16]

Epoch 270 | Train Loss: 0.13733 | Val Loss: 0.37466
Train Loss Components:
  |- loss_rot: 0.02363
  |- loss_pos: 0.12558
  |- fk_loss: 0.60431
  |- smoothness_loss: 0.21883
Val Loss Components:
  |- loss_rot: 0.04368
  |- loss_pos: 0.69404
  |- fk_loss: 1.50095
  |- smoothness_loss: 0.19372
LR: 2.500e-05
Hole frames in this epoch: [4, 16]

Epoch 271 | Train Loss: 0.13648 | Val Loss: 0.37490
Train Loss Components:
  |- loss_rot: 0.02481
  |- loss_pos: 0.13756
  |- fk_loss: 0.56741
  |- smoothness_loss: 0.23871
Val Loss Components:
  |- loss_rot: 0.04358
  |- loss_pos: 0.69911
  |- fk_loss: 1.50451
  |- smoothness_loss: 0.19436
LR: 2.500e-05
Hole frames in this epoch: [4, 16]

Epoch 272 | Train Loss: 0.13568 | Val Loss: 0.37586
Train Loss Components:
  |- loss_rot: 0.03054
  |- loss_pos: 0.15382
  |- fk_loss: 0.69413
  |- smoothness_loss: 0.32473
Val Loss Components:
  |- loss_rot: 0.04370
  |- loss_pos: 0.71109
  |- fk_loss: 1.51631
  |- smoothness_loss: 0.19798
LR: 2.500e-05
Hole frames in this epoch: [4, 16]

Epoch 273 | Train Loss: 0.13066 | Val Loss: 0.37439
Train Loss Components:
  |- loss_rot: 0.01732
  |- loss_pos: 0.10229
  |- fk_loss: 0.39689
  |- smoothness_loss: 0.19121
Val Loss Components:
  |- loss_rot: 0.04381
  |- loss_pos: 0.70201
  |- fk_loss: 1.51378
  |- smoothness_loss: 0.19807
LR: 2.500e-05
Hole frames in this epoch: [4, 16]

Epoch 274 | Train Loss: 0.13384 | Val Loss: 0.37523
Train Loss Components:
  |- loss_rot: 0.03047
  |- loss_pos: 0.15844
  |- fk_loss: 0.67052
  |- smoothness_loss: 0.29792
Val Loss Components:
  |- loss_rot: 0.04359
  |- loss_pos: 0.70575
  |- fk_loss: 1.51663
  |- smoothness_loss: 0.19459
LR: 2.500e-05
Hole frames in this epoch: [4, 16]

Epoch 275 | Train Loss: 0.13152 | Val Loss: 0.37470
Train Loss Components:
  |- loss_rot: 0.02751
  |- loss_pos: 0.14892
  |- fk_loss: 0.60853
  |- smoothness_loss: 0.26150
Val Loss Components:
  |- loss_rot: 0.04350
  |- loss_pos: 0.71004
  |- fk_loss: 1.50652
  |- smoothness_loss: 0.19458
LR: 2.500e-05
Hole frames in this epoch: [4, 16]

Epoch 276 | Train Loss: 0.13521 | Val Loss: 0.37453
Train Loss Components:
  |- loss_rot: 0.02073
  |- loss_pos: 0.11062
  |- fk_loss: 0.46949
  |- smoothness_loss: 0.20750
Val Loss Components:
  |- loss_rot: 0.04368
  |- loss_pos: 0.69793
  |- fk_loss: 1.50912
  |- smoothness_loss: 0.19890
LR: 2.500e-05
Hole frames in this epoch: [4, 16]

Epoch 277 | Train Loss: 0.13493 | Val Loss: 0.37358
Train Loss Components:
  |- loss_rot: 0.02068
  |- loss_pos: 0.11285
  |- fk_loss: 0.46204
  |- smoothness_loss: 0.20443
Val Loss Components:
  |- loss_rot: 0.04372
  |- loss_pos: 0.69090
  |- fk_loss: 1.50195
  |- smoothness_loss: 0.19571
LR: 2.500e-05
Hole frames in this epoch: [4, 16]

Epoch 278 | Train Loss: 0.13608 | Val Loss: 0.37493
Train Loss Components:
  |- loss_rot: 0.01890
  |- loss_pos: 0.10489
  |- fk_loss: 0.41678
  |- smoothness_loss: 0.17871
Val Loss Components:
  |- loss_rot: 0.04379
  |- loss_pos: 0.70162
  |- fk_loss: 1.51002
  |- smoothness_loss: 0.19796
LR: 2.500e-05
Hole frames in this epoch: [4, 16]

Epoch 279 | Train Loss: 0.13893 | Val Loss: 0.37377
Train Loss Components:
  |- loss_rot: 0.03610
  |- loss_pos: 0.18972
  |- fk_loss: 0.87582
  |- smoothness_loss: 0.38437
Val Loss Components:
  |- loss_rot: 0.04368
  |- loss_pos: 0.71099
  |- fk_loss: 1.51480
  |- smoothness_loss: 0.19578
LR: 2.500e-05
Hole frames in this epoch: [4, 16]

Epoch 280 | Train Loss: 0.13376 | Val Loss: 0.37477
Train Loss Components:
  |- loss_rot: 0.02026
  |- loss_pos: 0.11184
  |- fk_loss: 0.45745
  |- smoothness_loss: 0.18326
Val Loss Components:
  |- loss_rot: 0.04351
  |- loss_pos: 0.71036
  |- fk_loss: 1.50320
  |- smoothness_loss: 0.19245
LR: 2.500e-05
Hole frames in this epoch: [4, 16]

Epoch 281 | Train Loss: 0.13607 | Val Loss: 0.37429
Train Loss Components:
  |- loss_rot: 0.03658
  |- loss_pos: 0.20103
  |- fk_loss: 0.85750
  |- smoothness_loss: 0.40336
Val Loss Components:
  |- loss_rot: 0.04358
  |- loss_pos: 0.70539
  |- fk_loss: 1.50947
  |- smoothness_loss: 0.19618
LR: 2.500e-05
Hole frames in this epoch: [4, 16]

Epoch 282 | Train Loss: 0.13548 | Val Loss: 0.37262
Train Loss Components:
  |- loss_rot: 0.03394
  |- loss_pos: 0.18668
  |- fk_loss: 0.80735
  |- smoothness_loss: 0.36154
Val Loss Components:
  |- loss_rot: 0.04360
  |- loss_pos: 0.69414
  |- fk_loss: 1.49956
  |- smoothness_loss: 0.19773
LR: 2.500e-05
Hole frames in this epoch: [4, 16]

Epoch 283 | Train Loss: 0.13497 | Val Loss: 0.37488
Train Loss Components:
  |- loss_rot: 0.02972
  |- loss_pos: 0.14878
  |- fk_loss: 0.65016
  |- smoothness_loss: 0.30087
Val Loss Components:
  |- loss_rot: 0.04354
  |- loss_pos: 0.71403
  |- fk_loss: 1.51418
  |- smoothness_loss: 0.19482
LR: 2.500e-05
Hole frames in this epoch: [4, 16]

Epoch 284 | Train Loss: 0.13168 | Val Loss: 0.37449
Train Loss Components:
  |- loss_rot: 0.02577
  |- loss_pos: 0.13658
  |- fk_loss: 0.58503
  |- smoothness_loss: 0.24168
Val Loss Components:
  |- loss_rot: 0.04360
  |- loss_pos: 0.70632
  |- fk_loss: 1.50519
  |- smoothness_loss: 0.19340
LR: 2.500e-05
Hole frames in this epoch: [4, 16]

Epoch 285 | Train Loss: 0.13433 | Val Loss: 0.37388
Train Loss Components:
  |- loss_rot: 0.02123
  |- loss_pos: 0.11947
  |- fk_loss: 0.47545
  |- smoothness_loss: 0.23044
Val Loss Components:
  |- loss_rot: 0.04365
  |- loss_pos: 0.71271
  |- fk_loss: 1.50760
  |- smoothness_loss: 0.19921
LR: 2.500e-05
Hole frames in this epoch: [4, 16]

Epoch 286 | Train Loss: 0.13331 | Val Loss: 0.37417
Train Loss Components:
  |- loss_rot: 0.03123
  |- loss_pos: 0.17355
  |- fk_loss: 0.74585
  |- smoothness_loss: 0.30939
Val Loss Components:
  |- loss_rot: 0.04357
  |- loss_pos: 0.70690
  |- fk_loss: 1.49496
  |- smoothness_loss: 0.19283
LR: 2.500e-05
Hole frames in this epoch: [4, 16]

Epoch 287 | Train Loss: 0.13065 | Val Loss: 0.37169
Train Loss Components:
  |- loss_rot: 0.01496
  |- loss_pos: 0.09052
  |- fk_loss: 0.33800
  |- smoothness_loss: 0.14650
Val Loss Components:
  |- loss_rot: 0.04331
  |- loss_pos: 0.70172
  |- fk_loss: 1.48589
  |- smoothness_loss: 0.19509
LR: 2.500e-05
Hole frames in this epoch: [4, 16]

Epoch 288 | Train Loss: 0.13548 | Val Loss: 0.37244
Train Loss Components:
  |- loss_rot: 0.01521
  |- loss_pos: 0.08830
  |- fk_loss: 0.34234
  |- smoothness_loss: 0.14770
Val Loss Components:
  |- loss_rot: 0.04355
  |- loss_pos: 0.70147
  |- fk_loss: 1.49963
  |- smoothness_loss: 0.19505
LR: 2.500e-05
Hole frames in this epoch: [4, 16]

Epoch 289 | Train Loss: 0.13335 | Val Loss: 0.37273
Train Loss Components:
  |- loss_rot: 0.01322
  |- loss_pos: 0.08143
  |- fk_loss: 0.28544
  |- smoothness_loss: 0.11118
Val Loss Components:
  |- loss_rot: 0.04352
  |- loss_pos: 0.71309
  |- fk_loss: 1.50931
  |- smoothness_loss: 0.19635
LR: 2.500e-05
Hole frames in this epoch: [4, 16]

Epoch 290 | Train Loss: 0.13171 | Val Loss: 0.37354
Train Loss Components:
  |- loss_rot: 0.02383
  |- loss_pos: 0.13652
  |- fk_loss: 0.53070
  |- smoothness_loss: 0.22398
Val Loss Components:
  |- loss_rot: 0.04346
  |- loss_pos: 0.69706
  |- fk_loss: 1.48939
  |- smoothness_loss: 0.19669
LR: 2.500e-05
Hole frames in this epoch: [4, 16]

Epoch 291 | Train Loss: 0.13542 | Val Loss: 0.37230
Train Loss Components:
  |- loss_rot: 0.03387
  |- loss_pos: 0.18770
  |- fk_loss: 0.88249
  |- smoothness_loss: 0.33271
Val Loss Components:
  |- loss_rot: 0.04348
  |- loss_pos: 0.69738
  |- fk_loss: 1.48995
  |- smoothness_loss: 0.19475
LR: 2.500e-05
Hole frames in this epoch: [4, 16]

Epoch 292 | Train Loss: 0.12736 | Val Loss: 0.37216
Train Loss Components:
  |- loss_rot: 0.01623
  |- loss_pos: 0.09454
  |- fk_loss: 0.34708
  |- smoothness_loss: 0.12759
Val Loss Components:
  |- loss_rot: 0.04354
  |- loss_pos: 0.71308
  |- fk_loss: 1.50792
  |- smoothness_loss: 0.19408
LR: 2.500e-05
Hole frames in this epoch: [4, 16]

Epoch 293 | Train Loss: 0.12676 | Val Loss: 0.37258
Train Loss Components:
  |- loss_rot: 0.01057
  |- loss_pos: 0.07851
  |- fk_loss: 0.24123
  |- smoothness_loss: 0.08912
Val Loss Components:
  |- loss_rot: 0.04345
  |- loss_pos: 0.71442
  |- fk_loss: 1.49988
  |- smoothness_loss: 0.18925
LR: 2.500e-05
Hole frames in this epoch: [4, 16]

Epoch 294 | Train Loss: 0.13574 | Val Loss: 0.37042
Train Loss Components:
  |- loss_rot: 0.01443
  |- loss_pos: 0.08924
  |- fk_loss: 0.33410
  |- smoothness_loss: 0.14336
Val Loss Components:
  |- loss_rot: 0.04346
  |- loss_pos: 0.70009
  |- fk_loss: 1.48904
  |- smoothness_loss: 0.19795
LR: 1.250e-05
Hole frames in this epoch: [4, 16]

Epoch 295 | Train Loss: 0.12870 | Val Loss: 0.36962
Train Loss Components:
  |- loss_rot: 0.01622
  |- loss_pos: 0.09919
  |- fk_loss: 0.37189
  |- smoothness_loss: 0.16985
Val Loss Components:
  |- loss_rot: 0.04339
  |- loss_pos: 0.70407
  |- fk_loss: 1.48703
  |- smoothness_loss: 0.19461
LR: 1.250e-05
Hole frames in this epoch: [4, 16]

Epoch 296 | Train Loss: 0.12812 | Val Loss: 0.36920
Train Loss Components:
  |- loss_rot: 0.03211
  |- loss_pos: 0.15683
  |- fk_loss: 0.72804
  |- smoothness_loss: 0.33500
Val Loss Components:
  |- loss_rot: 0.04353
  |- loss_pos: 0.70486
  |- fk_loss: 1.48957
  |- smoothness_loss: 0.19602
LR: 1.250e-05
Hole frames in this epoch: [4, 16]

Epoch 297 | Train Loss: 0.12840 | Val Loss: 0.37080
Train Loss Components:
  |- loss_rot: 0.01939
  |- loss_pos: 0.10476
  |- fk_loss: 0.43416
  |- smoothness_loss: 0.18504
Val Loss Components:
  |- loss_rot: 0.04349
  |- loss_pos: 0.70789
  |- fk_loss: 1.49220
  |- smoothness_loss: 0.19713
LR: 1.250e-05
Hole frames in this epoch: [4, 16]

Epoch 298 | Train Loss: 0.12277 | Val Loss: 0.36979
Train Loss Components:
  |- loss_rot: 0.02618
  |- loss_pos: 0.11638
  |- fk_loss: 0.57601
  |- smoothness_loss: 0.24746
Val Loss Components:
  |- loss_rot: 0.04346
  |- loss_pos: 0.69794
  |- fk_loss: 1.48092
  |- smoothness_loss: 0.19661
LR: 1.250e-05
Hole frames in this epoch: [4, 16]

Epoch 299 | Train Loss: 0.12930 | Val Loss: 0.37050
Train Loss Components:
  |- loss_rot: 0.01210
  |- loss_pos: 0.08301
  |- fk_loss: 0.27620
  |- smoothness_loss: 0.11355
Val Loss Components:
  |- loss_rot: 0.04352
  |- loss_pos: 0.70921
  |- fk_loss: 1.49694
  |- smoothness_loss: 0.19796
LR: 1.250e-05
Hole frames in this epoch: [4, 16]

Epoch 300 | Train Loss: 0.12886 | Val Loss: 0.36866
Train Loss Components:
  |- loss_rot: 0.01520
  |- loss_pos: 0.09121
  |- fk_loss: 0.33961
  |- smoothness_loss: 0.15240
Val Loss Components:
  |- loss_rot: 0.04337
  |- loss_pos: 0.69337
  |- fk_loss: 1.48184
  |- smoothness_loss: 0.19588
LR: 1.250e-05
Hole frames in this epoch: [4, 16]

Epoch 301 | Train Loss: 0.12619 | Val Loss: 0.36954
Train Loss Components:
  |- loss_rot: 0.02868
  |- loss_pos: 0.13468
  |- fk_loss: 0.64882
  |- smoothness_loss: 0.29881
Val Loss Components:
  |- loss_rot: 0.04344
  |- loss_pos: 0.70524
  |- fk_loss: 1.49175
  |- smoothness_loss: 0.19654
LR: 1.250e-05
Hole frames in this epoch: [4, 16]

Epoch 302 | Train Loss: 0.12880 | Val Loss: 0.36977
Train Loss Components:
  |- loss_rot: 0.02450
  |- loss_pos: 0.11967
  |- fk_loss: 0.54067
  |- smoothness_loss: 0.24162
Val Loss Components:
  |- loss_rot: 0.04342
  |- loss_pos: 0.71307
  |- fk_loss: 1.49819
  |- smoothness_loss: 0.19720
LR: 1.250e-05
Hole frames in this epoch: [4, 16]

Epoch 303 | Train Loss: 0.12734 | Val Loss: 0.36995
Train Loss Components:
  |- loss_rot: 0.01787
  |- loss_pos: 0.09515
  |- fk_loss: 0.40615
  |- smoothness_loss: 0.17306
Val Loss Components:
  |- loss_rot: 0.04334
  |- loss_pos: 0.69866
  |- fk_loss: 1.48653
  |- smoothness_loss: 0.19745
LR: 1.250e-05
Hole frames in this epoch: [4, 16]

Epoch 304 | Train Loss: 0.12790 | Val Loss: 0.36927
Train Loss Components:
  |- loss_rot: 0.01756
  |- loss_pos: 0.10050
  |- fk_loss: 0.38862
  |- smoothness_loss: 0.16215
Val Loss Components:
  |- loss_rot: 0.04338
  |- loss_pos: 0.69315
  |- fk_loss: 1.48790
  |- smoothness_loss: 0.19627
LR: 1.250e-05
Hole frames in this epoch: [4, 16]

Epoch 305 | Train Loss: 0.12991 | Val Loss: 0.36870
Train Loss Components:
  |- loss_rot: 0.02612
  |- loss_pos: 0.12411
  |- fk_loss: 0.57831
  |- smoothness_loss: 0.26868
Val Loss Components:
  |- loss_rot: 0.04332
  |- loss_pos: 0.68811
  |- fk_loss: 1.47808
  |- smoothness_loss: 0.19497
LR: 1.250e-05
Hole frames in this epoch: [4, 16]

Epoch 306 | Train Loss: 0.12197 | Val Loss: 0.36897
Train Loss Components:
  |- loss_rot: 0.03736
  |- loss_pos: 0.20645
  |- fk_loss: 0.90918
  |- smoothness_loss: 0.39811
Val Loss Components:
  |- loss_rot: 0.04340
  |- loss_pos: 0.69553
  |- fk_loss: 1.49330
  |- smoothness_loss: 0.19485
LR: 1.250e-05
Hole frames in this epoch: [4, 16]

Epoch 307 | Train Loss: 0.12535 | Val Loss: 0.36775
Train Loss Components:
  |- loss_rot: 0.01237
  |- loss_pos: 0.08085
  |- fk_loss: 0.27127
  |- smoothness_loss: 0.13271
Val Loss Components:
  |- loss_rot: 0.04335
  |- loss_pos: 0.69773
  |- fk_loss: 1.48787
  |- smoothness_loss: 0.19589
LR: 6.250e-06
Hole frames in this epoch: [4, 16]

Epoch 308 | Train Loss: 0.12480 | Val Loss: 0.36771
Train Loss Components:
  |- loss_rot: 0.02510
  |- loss_pos: 0.12496
  |- fk_loss: 0.54167
  |- smoothness_loss: 0.25753
Val Loss Components:
  |- loss_rot: 0.04333
  |- loss_pos: 0.70233
  |- fk_loss: 1.48904
  |- smoothness_loss: 0.19536
LR: 6.250e-06
Hole frames in this epoch: [4, 16]

Epoch 309 | Train Loss: 0.12806 | Val Loss: 0.36746
Train Loss Components:
  |- loss_rot: 0.03215
  |- loss_pos: 0.14838
  |- fk_loss: 0.72252
  |- smoothness_loss: 0.33322
Val Loss Components:
  |- loss_rot: 0.04337
  |- loss_pos: 0.69886
  |- fk_loss: 1.48644
  |- smoothness_loss: 0.19723
LR: 6.250e-06
Hole frames in this epoch: [4, 16]

Epoch 310 | Train Loss: 0.12553 | Val Loss: 0.36777
Train Loss Components:
  |- loss_rot: 0.04239
  |- loss_pos: 0.21523
  |- fk_loss: 1.08185
  |- smoothness_loss: 0.50217
Val Loss Components:
  |- loss_rot: 0.04339
  |- loss_pos: 0.69850
  |- fk_loss: 1.47980
  |- smoothness_loss: 0.19856
LR: 6.250e-06
Hole frames in this epoch: [4, 16]

Epoch 311 | Train Loss: 0.12218 | Val Loss: 0.36736
Train Loss Components:
  |- loss_rot: 0.01186
  |- loss_pos: 0.07954
  |- fk_loss: 0.26568
  |- smoothness_loss: 0.12275
Val Loss Components:
  |- loss_rot: 0.04339
  |- loss_pos: 0.68871
  |- fk_loss: 1.47736
  |- smoothness_loss: 0.19603
LR: 6.250e-06
Hole frames in this epoch: [4, 16]

Epoch 312 | Train Loss: 0.12169 | Val Loss: 0.36734
Train Loss Components:
  |- loss_rot: 0.02981
  |- loss_pos: 0.14026
  |- fk_loss: 0.66408
  |- smoothness_loss: 0.28480
Val Loss Components:
  |- loss_rot: 0.04336
  |- loss_pos: 0.69265
  |- fk_loss: 1.48008
  |- smoothness_loss: 0.19666
LR: 6.250e-06
Hole frames in this epoch: [4, 16]

Epoch 313 | Train Loss: 0.12587 | Val Loss: 0.36762
Train Loss Components:
  |- loss_rot: 0.03119
  |- loss_pos: 0.14805
  |- fk_loss: 0.71922
  |- smoothness_loss: 0.34234
Val Loss Components:
  |- loss_rot: 0.04341
  |- loss_pos: 0.68756
  |- fk_loss: 1.47610
  |- smoothness_loss: 0.19963
LR: 6.250e-06
Hole frames in this epoch: [4, 16]

Epoch 314 | Train Loss: 0.12576 | Val Loss: 0.36786
Train Loss Components:
  |- loss_rot: 0.03214
  |- loss_pos: 0.14947
  |- fk_loss: 0.73704
  |- smoothness_loss: 0.31033
Val Loss Components:
  |- loss_rot: 0.04339
  |- loss_pos: 0.69317
  |- fk_loss: 1.48314
  |- smoothness_loss: 0.19784
LR: 6.250e-06
Hole frames in this epoch: [4, 16]

Epoch 315 | Train Loss: 0.12367 | Val Loss: 0.36745
Train Loss Components:
  |- loss_rot: 0.01956
  |- loss_pos: 0.09719
  |- fk_loss: 0.42233
  |- smoothness_loss: 0.19844
Val Loss Components:
  |- loss_rot: 0.04337
  |- loss_pos: 0.68522
  |- fk_loss: 1.47805
  |- smoothness_loss: 0.19677
LR: 6.250e-06
Hole frames in this epoch: [4, 16]

Epoch 316 | Train Loss: 0.12455 | Val Loss: 0.36711
Train Loss Components:
  |- loss_rot: 0.02833
  |- loss_pos: 0.13421
  |- fk_loss: 0.62202
  |- smoothness_loss: 0.26615
Val Loss Components:
  |- loss_rot: 0.04336
  |- loss_pos: 0.69096
  |- fk_loss: 1.47712
  |- smoothness_loss: 0.19751
LR: 6.250e-06
Hole frames in this epoch: [4, 16]

Epoch 317 | Train Loss: 0.12424 | Val Loss: 0.36753
Train Loss Components:
  |- loss_rot: 0.01853
  |- loss_pos: 0.09650
  |- fk_loss: 0.41076
  |- smoothness_loss: 0.19059
Val Loss Components:
  |- loss_rot: 0.04340
  |- loss_pos: 0.69360
  |- fk_loss: 1.48091
  |- smoothness_loss: 0.19910
LR: 6.250e-06
Hole frames in this epoch: [4, 16]

Epoch 318 | Train Loss: 0.12532 | Val Loss: 0.36773
Train Loss Components:
  |- loss_rot: 0.01610
  |- loss_pos: 0.09455
  |- fk_loss: 0.35799
  |- smoothness_loss: 0.16894
Val Loss Components:
  |- loss_rot: 0.04333
  |- loss_pos: 0.69154
  |- fk_loss: 1.47863
  |- smoothness_loss: 0.19542
LR: 6.250e-06
Hole frames in this epoch: [4, 16]

Epoch 319 | Train Loss: 0.12557 | Val Loss: 0.36755
Train Loss Components:
  |- loss_rot: 0.02042
  |- loss_pos: 0.09870
  |- fk_loss: 0.46453
  |- smoothness_loss: 0.22686
Val Loss Components:
  |- loss_rot: 0.04335
  |- loss_pos: 0.69318
  |- fk_loss: 1.47938
  |- smoothness_loss: 0.19803
LR: 6.250e-06
Hole frames in this epoch: [4, 16]

Epoch 320 | Train Loss: 0.12372 | Val Loss: 0.36732
Train Loss Components:
  |- loss_rot: 0.00937
  |- loss_pos: 0.06698
  |- fk_loss: 0.21583
  |- smoothness_loss: 0.08042
Val Loss Components:
  |- loss_rot: 0.04334
  |- loss_pos: 0.69222
  |- fk_loss: 1.48036
  |- smoothness_loss: 0.19754
LR: 6.250e-06
Hole frames in this epoch: [4, 16]

Epoch 321 | Train Loss: 0.12408 | Val Loss: 0.36743
Train Loss Components:
  |- loss_rot: 0.01325
  |- loss_pos: 0.07586
  |- fk_loss: 0.28655
  |- smoothness_loss: 0.11422
Val Loss Components:
  |- loss_rot: 0.04334
  |- loss_pos: 0.69087
  |- fk_loss: 1.47934
  |- smoothness_loss: 0.19682
LR: 6.250e-06
Hole frames in this epoch: [4, 16]

Epoch 322 | Train Loss: 0.12533 | Val Loss: 0.36743
Train Loss Components:
  |- loss_rot: 0.01514
  |- loss_pos: 0.08702
  |- fk_loss: 0.33931
  |- smoothness_loss: 0.13012
Val Loss Components:
  |- loss_rot: 0.04335
  |- loss_pos: 0.68885
  |- fk_loss: 1.48277
  |- smoothness_loss: 0.19747
LR: 6.250e-06
Hole frames in this epoch: [4, 16]

Epoch 323 | Train Loss: 0.12151 | Val Loss: 0.36658
Train Loss Components:
  |- loss_rot: 0.03777
  |- loss_pos: 0.17486
  |- fk_loss: 0.88300
  |- smoothness_loss: 0.37825
Val Loss Components:
  |- loss_rot: 0.04334
  |- loss_pos: 0.68839
  |- fk_loss: 1.47909
  |- smoothness_loss: 0.19738
LR: 3.125e-06
Hole frames in this epoch: [4, 16]

Epoch 324 | Train Loss: 0.12317 | Val Loss: 0.36690
Train Loss Components:
  |- loss_rot: 0.02628
  |- loss_pos: 0.12729
  |- fk_loss: 0.59970
  |- smoothness_loss: 0.27327
Val Loss Components:
  |- loss_rot: 0.04334
  |- loss_pos: 0.69406
  |- fk_loss: 1.47912
  |- smoothness_loss: 0.19810
LR: 3.125e-06
Hole frames in this epoch: [4, 16]

Epoch 325 | Train Loss: 0.12493 | Val Loss: 0.36658
Train Loss Components:
  |- loss_rot: 0.01077
  |- loss_pos: 0.08273
  |- fk_loss: 0.26638
  |- smoothness_loss: 0.11029
Val Loss Components:
  |- loss_rot: 0.04328
  |- loss_pos: 0.69571
  |- fk_loss: 1.47936
  |- smoothness_loss: 0.19773
LR: 3.125e-06
Hole frames in this epoch: [4, 16]

Epoch 326 | Train Loss: 0.12449 | Val Loss: 0.36675
Train Loss Components:
  |- loss_rot: 0.02385
  |- loss_pos: 0.11724
  |- fk_loss: 0.53337
  |- smoothness_loss: 0.26389
Val Loss Components:
  |- loss_rot: 0.04336
  |- loss_pos: 0.69638
  |- fk_loss: 1.47893
  |- smoothness_loss: 0.19851
LR: 3.125e-06
Hole frames in this epoch: [4, 16]

Epoch 327 | Train Loss: 0.12315 | Val Loss: 0.36692
Train Loss Components:
  |- loss_rot: 0.03271
  |- loss_pos: 0.16028
  |- fk_loss: 0.73787
  |- smoothness_loss: 0.34680
Val Loss Components:
  |- loss_rot: 0.04335
  |- loss_pos: 0.69748
  |- fk_loss: 1.48266
  |- smoothness_loss: 0.19798
LR: 3.125e-06
Hole frames in this epoch: [4, 16]

Epoch 328 | Train Loss: 0.12099 | Val Loss: 0.36689
Train Loss Components:
  |- loss_rot: 0.01893
  |- loss_pos: 0.09676
  |- fk_loss: 0.43048
  |- smoothness_loss: 0.18008
Val Loss Components:
  |- loss_rot: 0.04334
  |- loss_pos: 0.69843
  |- fk_loss: 1.48298
  |- smoothness_loss: 0.19805
LR: 3.125e-06
Hole frames in this epoch: [4, 16]

Epoch 329 | Train Loss: 0.12504 | Val Loss: 0.36649
Train Loss Components:
  |- loss_rot: 0.01787
  |- loss_pos: 0.09224
  |- fk_loss: 0.40082
  |- smoothness_loss: 0.19729
Val Loss Components:
  |- loss_rot: 0.04333
  |- loss_pos: 0.69500
  |- fk_loss: 1.47943
  |- smoothness_loss: 0.19882
LR: 3.125e-06
Hole frames in this epoch: [4, 16]

Epoch 330 | Train Loss: 0.12121 | Val Loss: 0.36674
Train Loss Components:
  |- loss_rot: 0.02047
  |- loss_pos: 0.09620
  |- fk_loss: 0.43540
  |- smoothness_loss: 0.18617
Val Loss Components:
  |- loss_rot: 0.04332
  |- loss_pos: 0.69866
  |- fk_loss: 1.47708
  |- smoothness_loss: 0.19985
LR: 3.125e-06
Hole frames in this epoch: [4, 16]

Epoch 331 | Train Loss: 0.12457 | Val Loss: 0.36659
Train Loss Components:
  |- loss_rot: 0.02898
  |- loss_pos: 0.13594
  |- fk_loss: 0.63958
  |- smoothness_loss: 0.24760
Val Loss Components:
  |- loss_rot: 0.04334
  |- loss_pos: 0.69482
  |- fk_loss: 1.47780
  |- smoothness_loss: 0.19925
LR: 3.125e-06
Hole frames in this epoch: [4, 16]

Epoch 332 | Train Loss: 0.12327 | Val Loss: 0.36656
Train Loss Components:
  |- loss_rot: 0.03717
  |- loss_pos: 0.17397
  |- fk_loss: 0.88338
  |- smoothness_loss: 0.43901
Val Loss Components:
  |- loss_rot: 0.04334
  |- loss_pos: 0.69522
  |- fk_loss: 1.47832
  |- smoothness_loss: 0.19793
LR: 3.125e-06
Hole frames in this epoch: [4, 16]

Epoch 333 | Train Loss: 0.11776 | Val Loss: 0.36660
Train Loss Components:
  |- loss_rot: 0.02598
  |- loss_pos: 0.10921
  |- fk_loss: 0.54601
  |- smoothness_loss: 0.25989
Val Loss Components:
  |- loss_rot: 0.04333
  |- loss_pos: 0.69763
  |- fk_loss: 1.48125
  |- smoothness_loss: 0.19760
LR: 3.125e-06
Hole frames in this epoch: [4, 16]

Epoch 334 | Train Loss: 0.12429 | Val Loss: 0.36636
Train Loss Components:
  |- loss_rot: 0.03834
  |- loss_pos: 0.19021
  |- fk_loss: 0.87632
  |- smoothness_loss: 0.38074
Val Loss Components:
  |- loss_rot: 0.04331
  |- loss_pos: 0.69763
  |- fk_loss: 1.47777
  |- smoothness_loss: 0.19774
LR: 3.125e-06
Hole frames in this epoch: [4, 16]

Epoch 335 | Train Loss: 0.12093 | Val Loss: 0.36636
Train Loss Components:
  |- loss_rot: 0.03065
  |- loss_pos: 0.14910
  |- fk_loss: 0.69512
  |- smoothness_loss: 0.30687
Val Loss Components:
  |- loss_rot: 0.04330
  |- loss_pos: 0.69695
  |- fk_loss: 1.48103
  |- smoothness_loss: 0.19745
LR: 3.125e-06
Hole frames in this epoch: [4, 16]

Epoch 336 | Train Loss: 0.12301 | Val Loss: 0.36633
Train Loss Components:
  |- loss_rot: 0.03109
  |- loss_pos: 0.13343
  |- fk_loss: 0.66336
  |- smoothness_loss: 0.34043
Val Loss Components:
  |- loss_rot: 0.04336
  |- loss_pos: 0.69662
  |- fk_loss: 1.47533
  |- smoothness_loss: 0.19904
LR: 3.125e-06
Hole frames in this epoch: [4, 16]

Epoch 337 | Train Loss: 0.12418 | Val Loss: 0.36625
Train Loss Components:
  |- loss_rot: 0.02881
  |- loss_pos: 0.13146
  |- fk_loss: 0.64605
  |- smoothness_loss: 0.31589
Val Loss Components:
  |- loss_rot: 0.04330
  |- loss_pos: 0.69674
  |- fk_loss: 1.47740
  |- smoothness_loss: 0.19788
LR: 3.125e-06
Hole frames in this epoch: [4, 16]

Epoch 338 | Train Loss: 0.12676 | Val Loss: 0.36611
Train Loss Components:
  |- loss_rot: 0.01533
  |- loss_pos: 0.08644
  |- fk_loss: 0.33472
  |- smoothness_loss: 0.14410
Val Loss Components:
  |- loss_rot: 0.04332
  |- loss_pos: 0.69352
  |- fk_loss: 1.47963
  |- smoothness_loss: 0.19801
LR: 3.125e-06
Hole frames in this epoch: [4, 16]

Epoch 339 | Train Loss: 0.12556 | Val Loss: 0.36596
Train Loss Components:
  |- loss_rot: 0.02188
  |- loss_pos: 0.10289
  |- fk_loss: 0.46331
  |- smoothness_loss: 0.19875
Val Loss Components:
  |- loss_rot: 0.04328
  |- loss_pos: 0.69430
  |- fk_loss: 1.47456
  |- smoothness_loss: 0.19726
LR: 3.125e-06
Hole frames in this epoch: [4, 16]

Epoch 340 | Train Loss: 0.12337 | Val Loss: 0.36603
Train Loss Components:
  |- loss_rot: 0.02113
  |- loss_pos: 0.09921
  |- fk_loss: 0.45817
  |- smoothness_loss: 0.19933
Val Loss Components:
  |- loss_rot: 0.04326
  |- loss_pos: 0.69482
  |- fk_loss: 1.47507
  |- smoothness_loss: 0.19831
LR: 3.125e-06
Hole frames in this epoch: [4, 16]

Epoch 341 | Train Loss: 0.12412 | Val Loss: 0.36633
Train Loss Components:
  |- loss_rot: 0.01685
  |- loss_pos: 0.09161
  |- fk_loss: 0.37320
  |- smoothness_loss: 0.19965
Val Loss Components:
  |- loss_rot: 0.04329
  |- loss_pos: 0.69793
  |- fk_loss: 1.47692
  |- smoothness_loss: 0.19805
LR: 3.125e-06
Hole frames in this epoch: [4, 16]

Epoch 342 | Train Loss: 0.12049 | Val Loss: 0.36637
Train Loss Components:
  |- loss_rot: 0.02681
  |- loss_pos: 0.12215
  |- fk_loss: 0.56841
  |- smoothness_loss: 0.29114
Val Loss Components:
  |- loss_rot: 0.04333
  |- loss_pos: 0.69738
  |- fk_loss: 1.47847
  |- smoothness_loss: 0.19894
LR: 3.125e-06
Hole frames in this epoch: [4, 16]

Epoch 343 | Train Loss: 0.12582 | Val Loss: 0.36650
Train Loss Components:
  |- loss_rot: 0.03563
  |- loss_pos: 0.16783
  |- fk_loss: 0.80761
  |- smoothness_loss: 0.37055
Val Loss Components:
  |- loss_rot: 0.04335
  |- loss_pos: 0.69605
  |- fk_loss: 1.48331
  |- smoothness_loss: 0.19879
LR: 3.125e-06
Hole frames in this epoch: [4, 16]

Epoch 344 | Train Loss: 0.12249 | Val Loss: 0.36591
Train Loss Components:
  |- loss_rot: 0.01057
  |- loss_pos: 0.06993
  |- fk_loss: 0.23601
  |- smoothness_loss: 0.12800
Val Loss Components:
  |- loss_rot: 0.04327
  |- loss_pos: 0.69331
  |- fk_loss: 1.47535
  |- smoothness_loss: 0.19720
LR: 3.125e-06
Hole frames in this epoch: [4, 16]

Epoch 345 | Train Loss: 0.12231 | Val Loss: 0.36658
Train Loss Components:
  |- loss_rot: 0.02009
  |- loss_pos: 0.09859
  |- fk_loss: 0.42752
  |- smoothness_loss: 0.18186
Val Loss Components:
  |- loss_rot: 0.04336
  |- loss_pos: 0.69791
  |- fk_loss: 1.48398
  |- smoothness_loss: 0.19925
LR: 3.125e-06
Hole frames in this epoch: [4, 16]

Epoch 346 | Train Loss: 0.12272 | Val Loss: 0.36604
Train Loss Components:
  |- loss_rot: 0.01508
  |- loss_pos: 0.08038
  |- fk_loss: 0.32712
  |- smoothness_loss: 0.16033
Val Loss Components:
  |- loss_rot: 0.04330
  |- loss_pos: 0.69504
  |- fk_loss: 1.47590
  |- smoothness_loss: 0.19813
LR: 3.125e-06
Hole frames in this epoch: [4, 16]

Epoch 347 | Train Loss: 0.12290 | Val Loss: 0.36620
Train Loss Components:
  |- loss_rot: 0.03113
  |- loss_pos: 0.14151
  |- fk_loss: 0.69779
  |- smoothness_loss: 0.32421
Val Loss Components:
  |- loss_rot: 0.04329
  |- loss_pos: 0.69700
  |- fk_loss: 1.47824
  |- smoothness_loss: 0.19841
LR: 3.125e-06
Hole frames in this epoch: [4, 16]

Epoch 348 | Train Loss: 0.12462 | Val Loss: 0.36596
Train Loss Components:
  |- loss_rot: 0.03175
  |- loss_pos: 0.14622
  |- fk_loss: 0.71261
  |- smoothness_loss: 0.31090
Val Loss Components:
  |- loss_rot: 0.04331
  |- loss_pos: 0.69724
  |- fk_loss: 1.48048
  |- smoothness_loss: 0.19856
LR: 3.125e-06
Hole frames in this epoch: [4, 16]

Epoch 349 | Train Loss: 0.12339 | Val Loss: 0.36536
Train Loss Components:
  |- loss_rot: 0.01343
  |- loss_pos: 0.08710
  |- fk_loss: 0.30752
  |- smoothness_loss: 0.13360
Val Loss Components:
  |- loss_rot: 0.04330
  |- loss_pos: 0.69239
  |- fk_loss: 1.47648
  |- smoothness_loss: 0.19832
LR: 3.125e-06
Hole frames in this epoch: [4, 16]

Epoch 350 | Train Loss: 0.12612 | Val Loss: 0.36588
Train Loss Components:
  |- loss_rot: 0.02921
  |- loss_pos: 0.12976
  |- fk_loss: 0.63350
  |- smoothness_loss: 0.28085
Val Loss Components:
  |- loss_rot: 0.04332
  |- loss_pos: 0.69395
  |- fk_loss: 1.47601
  |- smoothness_loss: 0.19941
LR: 3.125e-06
Hole frames in this epoch: [4, 16]

Epoch 351 | Train Loss: 0.12261 | Val Loss: 0.36582
Train Loss Components:
  |- loss_rot: 0.03119
  |- loss_pos: 0.13811
  |- fk_loss: 0.69698
  |- smoothness_loss: 0.29771
Val Loss Components:
  |- loss_rot: 0.04329
  |- loss_pos: 0.69171
  |- fk_loss: 1.47390
  |- smoothness_loss: 0.19794
LR: 3.125e-06
Hole frames in this epoch: [4, 16]

Epoch 352 | Train Loss: 0.12249 | Val Loss: 0.36616
Train Loss Components:
  |- loss_rot: 0.03617
  |- loss_pos: 0.18360
  |- fk_loss: 0.87465
  |- smoothness_loss: 0.38477
Val Loss Components:
  |- loss_rot: 0.04335
  |- loss_pos: 0.69562
  |- fk_loss: 1.48139
  |- smoothness_loss: 0.19878
LR: 3.125e-06
Hole frames in this epoch: [4, 16]

Epoch 353 | Train Loss: 0.12216 | Val Loss: 0.36588
Train Loss Components:
  |- loss_rot: 0.02158
  |- loss_pos: 0.10465
  |- fk_loss: 0.47569
  |- smoothness_loss: 0.21712
Val Loss Components:
  |- loss_rot: 0.04330
  |- loss_pos: 0.69405
  |- fk_loss: 1.48058
  |- smoothness_loss: 0.19848
LR: 3.125e-06
Hole frames in this epoch: [4, 16]

Epoch 354 | Train Loss: 0.12154 | Val Loss: 0.36544
Train Loss Components:
  |- loss_rot: 0.01315
  |- loss_pos: 0.07995
  |- fk_loss: 0.30195
  |- smoothness_loss: 0.16294
Val Loss Components:
  |- loss_rot: 0.04330
  |- loss_pos: 0.69146
  |- fk_loss: 1.47635
  |- smoothness_loss: 0.19830
LR: 3.125e-06
Hole frames in this epoch: [4, 16]

Epoch 355 | Train Loss: 0.12474 | Val Loss: 0.36617
Train Loss Components:
  |- loss_rot: 0.02781
  |- loss_pos: 0.12197
  |- fk_loss: 0.61877
  |- smoothness_loss: 0.25836
Val Loss Components:
  |- loss_rot: 0.04331
  |- loss_pos: 0.69479
  |- fk_loss: 1.47809
  |- smoothness_loss: 0.19854
LR: 3.125e-06
Hole frames in this epoch: [4, 16]

Epoch 356 | Train Loss: 0.12756 | Val Loss: 0.36575
Train Loss Components:
  |- loss_rot: 0.02491
  |- loss_pos: 0.11482
  |- fk_loss: 0.52577
  |- smoothness_loss: 0.27477
Val Loss Components:
  |- loss_rot: 0.04332
  |- loss_pos: 0.69491
  |- fk_loss: 1.47847
  |- smoothness_loss: 0.19829
LR: 1.563e-06
Hole frames in this epoch: [4, 16]

Epoch 357 | Train Loss: 0.12369 | Val Loss: 0.36546
Train Loss Components:
  |- loss_rot: 0.01545
  |- loss_pos: 0.08391
  |- fk_loss: 0.33890
  |- smoothness_loss: 0.15824
Val Loss Components:
  |- loss_rot: 0.04329
  |- loss_pos: 0.69517
  |- fk_loss: 1.47634
  |- smoothness_loss: 0.19838
LR: 1.563e-06
Hole frames in this epoch: [4, 16]

Training time: 11357.07 s