Epoch 1 | Train Loss: 2.12047 | Val Loss: 1.31894
Train Loss Components:
  |- loss_rot: 0.21209
  |- loss_pos: 0.04459
  |- fk_loss: 11.14028
  |- smoothness_loss: 3.06634
Val Loss Components:
  |- loss_rot: 0.21279
  |- loss_pos: 0.38224
  |- fk_loss: 11.39509
  |- smoothness_loss: 0.01849
LR: 1.000e-04
Hole frames in this epoch: [4, 6]

Epoch 2 | Train Loss: 1.30423 | Val Loss: 1.23067
Train Loss Components:
  |- loss_rot: 0.19820
  |- loss_pos: 0.06629
  |- fk_loss: 9.26169
  |- smoothness_loss: 1.75703
Val Loss Components:
  |- loss_rot: 0.19851
  |- loss_pos: 0.38440
  |- fk_loss: 10.39208
  |- smoothness_loss: 0.01246
LR: 1.000e-04
Hole frames in this epoch: [4, 8]

Epoch 3 | Train Loss: 1.17713 | Val Loss: 1.02256
Train Loss Components:
  |- loss_rot: 0.18131
  |- loss_pos: 0.13335
  |- fk_loss: 8.51189
  |- smoothness_loss: 2.00619
Val Loss Components:
  |- loss_rot: 0.18029
  |- loss_pos: 0.38282
  |- fk_loss: 7.98575
  |- smoothness_loss: 0.01636
LR: 1.000e-04
Hole frames in this epoch: [4, 10]

Epoch 4 | Train Loss: 0.98089 | Val Loss: 0.96309
Train Loss Components:
  |- loss_rot: 0.17863
  |- loss_pos: 0.17931
  |- fk_loss: 7.12137
  |- smoothness_loss: 1.02953
Val Loss Components:
  |- loss_rot: 0.17824
  |- loss_pos: 0.38263
  |- fk_loss: 7.45356
  |- smoothness_loss: 0.02712
LR: 1.000e-04
Hole frames in this epoch: [4, 12]

Epoch 5 | Train Loss: 0.91697 | Val Loss: 0.93215
Train Loss Components:
  |- loss_rot: 0.16449
  |- loss_pos: 0.08941
  |- fk_loss: 6.70939
  |- smoothness_loss: 1.12402
Val Loss Components:
  |- loss_rot: 0.16431
  |- loss_pos: 0.38678
  |- fk_loss: 7.01616
  |- smoothness_loss: 0.02034
LR: 1.000e-04
Hole frames in this epoch: [4, 14]

Epoch 6 | Train Loss: 0.85250 | Val Loss: 0.81568
Train Loss Components:
  |- loss_rot: 0.14647
  |- loss_pos: 0.13695
  |- fk_loss: 5.91601
  |- smoothness_loss: 1.44296
Val Loss Components:
  |- loss_rot: 0.14400
  |- loss_pos: 0.38467
  |- fk_loss: 6.09476
  |- smoothness_loss: 0.02281
LR: 1.000e-04
Hole frames in this epoch: [4, 16]

Epoch 7 | Train Loss: 0.78448 | Val Loss: 0.78443
Train Loss Components:
  |- loss_rot: 0.14669
  |- loss_pos: 0.15870
  |- fk_loss: 5.39647
  |- smoothness_loss: 0.96837
Val Loss Components:
  |- loss_rot: 0.14484
  |- loss_pos: 0.38286
  |- fk_loss: 5.92602
  |- smoothness_loss: 0.01444
LR: 1.000e-04
Hole frames in this epoch: [4, 16]

Epoch 8 | Train Loss: 0.77270 | Val Loss: 0.75762
Train Loss Components:
  |- loss_rot: 0.14251
  |- loss_pos: 0.07308
  |- fk_loss: 5.82564
  |- smoothness_loss: 1.03945
Val Loss Components:
  |- loss_rot: 0.14320
  |- loss_pos: 0.38212
  |- fk_loss: 5.60079
  |- smoothness_loss: 0.01347
LR: 1.000e-04
Hole frames in this epoch: [4, 16]

Epoch 9 | Train Loss: 0.78689 | Val Loss: 0.75924
Train Loss Components:
  |- loss_rot: 0.13754
  |- loss_pos: 0.07928
  |- fk_loss: 5.39100
  |- smoothness_loss: 1.20613
Val Loss Components:
  |- loss_rot: 0.13737
  |- loss_pos: 0.38211
  |- fk_loss: 5.65184
  |- smoothness_loss: 0.01627
LR: 1.000e-04
Hole frames in this epoch: [4, 16]

Epoch 10 | Train Loss: 0.75526 | Val Loss: 0.73558
Train Loss Components:
  |- loss_rot: 0.14155
  |- loss_pos: 0.10274
  |- fk_loss: 5.12669
  |- smoothness_loss: 0.83175
Val Loss Components:
  |- loss_rot: 0.14164
  |- loss_pos: 0.38190
  |- fk_loss: 5.48300
  |- smoothness_loss: 0.02041
LR: 1.000e-04
Hole frames in this epoch: [4, 16]

Epoch 11 | Train Loss: 0.71771 | Val Loss: 0.71089
Train Loss Components:
  |- loss_rot: 0.14255
  |- loss_pos: 0.19588
  |- fk_loss: 5.35003
  |- smoothness_loss: 0.68619
Val Loss Components:
  |- loss_rot: 0.14080
  |- loss_pos: 0.38274
  |- fk_loss: 5.19148
  |- smoothness_loss: 0.01856
LR: 1.000e-04
Hole frames in this epoch: [4, 16]

Epoch 12 | Train Loss: 0.75351 | Val Loss: 0.71940
Train Loss Components:
  |- loss_rot: 0.14295
  |- loss_pos: 0.17693
  |- fk_loss: 5.11127
  |- smoothness_loss: 0.69331
Val Loss Components:
  |- loss_rot: 0.13886
  |- loss_pos: 0.38242
  |- fk_loss: 5.25320
  |- smoothness_loss: 0.01914
LR: 1.000e-04
Hole frames in this epoch: [4, 16]

Epoch 13 | Train Loss: 0.68734 | Val Loss: 0.68293
Train Loss Components:
  |- loss_rot: 0.13919
  |- loss_pos: 0.05222
  |- fk_loss: 5.15754
  |- smoothness_loss: 0.51681
Val Loss Components:
  |- loss_rot: 0.13959
  |- loss_pos: 0.38469
  |- fk_loss: 4.94834
  |- smoothness_loss: 0.01676
LR: 1.000e-04
Hole frames in this epoch: [4, 16]

Epoch 14 | Train Loss: 0.76679 | Val Loss: 0.79135
Train Loss Components:
  |- loss_rot: 0.12860
  |- loss_pos: 0.14836
  |- fk_loss: 5.50554
  |- smoothness_loss: 2.01485
Val Loss Components:
  |- loss_rot: 0.12628
  |- loss_pos: 0.38258
  |- fk_loss: 5.99333
  |- smoothness_loss: 0.00720
LR: 1.000e-04
Hole frames in this epoch: [4, 16]

Epoch 15 | Train Loss: 0.75492 | Val Loss: 0.74702
Train Loss Components:
  |- loss_rot: 0.13510
  |- loss_pos: 0.13377
  |- fk_loss: 6.13841
  |- smoothness_loss: 1.17954
Val Loss Components:
  |- loss_rot: 0.13399
  |- loss_pos: 0.38221
  |- fk_loss: 5.46658
  |- smoothness_loss: 0.00726
LR: 1.000e-04
Hole frames in this epoch: [4, 16]

Epoch 16 | Train Loss: 0.71949 | Val Loss: 0.74048
Train Loss Components:
  |- loss_rot: 0.13755
  |- loss_pos: 0.30034
  |- fk_loss: 6.18084
  |- smoothness_loss: 0.74948
Val Loss Components:
  |- loss_rot: 0.13459
  |- loss_pos: 0.38155
  |- fk_loss: 5.40299
  |- smoothness_loss: 0.01339
LR: 1.000e-04
Hole frames in this epoch: [4, 16]

Epoch 17 | Train Loss: 0.76251 | Val Loss: 0.72166
Train Loss Components:
  |- loss_rot: 0.13923
  |- loss_pos: 0.21796
  |- fk_loss: 5.33169
  |- smoothness_loss: 1.96491
Val Loss Components:
  |- loss_rot: 0.13789
  |- loss_pos: 0.38213
  |- fk_loss: 5.44360
  |- smoothness_loss: 0.01718
LR: 1.000e-04
Hole frames in this epoch: [4, 16]

Epoch 18 | Train Loss: 0.67862 | Val Loss: 0.67999
Train Loss Components:
  |- loss_rot: 0.14273
  |- loss_pos: 0.07346
  |- fk_loss: 4.64206
  |- smoothness_loss: 0.78587
Val Loss Components:
  |- loss_rot: 0.14232
  |- loss_pos: 0.38205
  |- fk_loss: 5.09386
  |- smoothness_loss: 0.00621
LR: 1.000e-04
Hole frames in this epoch: [4, 16]

Epoch 19 | Train Loss: 0.62742 | Val Loss: 0.66987
Train Loss Components:
  |- loss_rot: 0.13957
  |- loss_pos: 0.13615
  |- fk_loss: 4.77071
  |- smoothness_loss: 0.59641
Val Loss Components:
  |- loss_rot: 0.13888
  |- loss_pos: 0.38273
  |- fk_loss: 4.98069
  |- smoothness_loss: 0.00700
LR: 1.000e-04
Hole frames in this epoch: [4, 16]

Epoch 20 | Train Loss: 0.61215 | Val Loss: 0.65671
Train Loss Components:
  |- loss_rot: 0.13666
  |- loss_pos: 0.28981
  |- fk_loss: 4.86225
  |- smoothness_loss: 0.45011
Val Loss Components:
  |- loss_rot: 0.13437
  |- loss_pos: 0.38182
  |- fk_loss: 4.87150
  |- smoothness_loss: 0.00808
LR: 1.000e-04
Hole frames in this epoch: [4, 16]

Epoch 21 | Train Loss: 0.60254 | Val Loss: 0.65341
Train Loss Components:
  |- loss_rot: 0.13148
  |- loss_pos: 0.25951
  |- fk_loss: 4.66513
  |- smoothness_loss: 0.42011
Val Loss Components:
  |- loss_rot: 0.12891
  |- loss_pos: 0.38288
  |- fk_loss: 4.84407
  |- smoothness_loss: 0.00605
LR: 1.000e-04
Hole frames in this epoch: [4, 16]

Epoch 22 | Train Loss: 0.59570 | Val Loss: 0.64361
Train Loss Components:
  |- loss_rot: 0.12816
  |- loss_pos: 0.21349
  |- fk_loss: 4.10484
  |- smoothness_loss: 0.34809
Val Loss Components:
  |- loss_rot: 0.12623
  |- loss_pos: 0.38293
  |- fk_loss: 4.77302
  |- smoothness_loss: 0.00881
LR: 1.000e-04
Hole frames in this epoch: [4, 16]

Epoch 23 | Train Loss: 0.58931 | Val Loss: 0.63695
Train Loss Components:
  |- loss_rot: 0.12461
  |- loss_pos: 0.22527
  |- fk_loss: 4.50268
  |- smoothness_loss: 0.33916
Val Loss Components:
  |- loss_rot: 0.12286
  |- loss_pos: 0.38219
  |- fk_loss: 4.68117
  |- smoothness_loss: 0.00812
LR: 1.000e-04
Hole frames in this epoch: [4, 16]

Epoch 24 | Train Loss: 0.58185 | Val Loss: 0.63154
Train Loss Components:
  |- loss_rot: 0.11900
  |- loss_pos: 0.10329
  |- fk_loss: 4.02835
  |- smoothness_loss: 0.34159
Val Loss Components:
  |- loss_rot: 0.11924
  |- loss_pos: 0.38495
  |- fk_loss: 4.64162
  |- smoothness_loss: 0.00772
LR: 1.000e-04
Hole frames in this epoch: [4, 16]

Epoch 25 | Train Loss: 0.57133 | Val Loss: 0.62670
Train Loss Components:
  |- loss_rot: 0.11726
  |- loss_pos: 0.31253
  |- fk_loss: 4.77873
  |- smoothness_loss: 0.35801
Val Loss Components:
  |- loss_rot: 0.11626
  |- loss_pos: 0.38213
  |- fk_loss: 4.60266
  |- smoothness_loss: 0.00605
LR: 1.000e-04
Hole frames in this epoch: [4, 16]

Epoch 26 | Train Loss: 0.57301 | Val Loss: 0.62166
Train Loss Components:
  |- loss_rot: 0.11074
  |- loss_pos: 0.06209
  |- fk_loss: 4.12953
  |- smoothness_loss: 0.33869
Val Loss Components:
  |- loss_rot: 0.11338
  |- loss_pos: 0.38179
  |- fk_loss: 4.54455
  |- smoothness_loss: 0.01516
LR: 1.000e-04
Hole frames in this epoch: [4, 16]

Epoch 27 | Train Loss: 0.56589 | Val Loss: 0.61743
Train Loss Components:
  |- loss_rot: 0.11182
  |- loss_pos: 0.22697
  |- fk_loss: 3.96821
  |- smoothness_loss: 0.28806
Val Loss Components:
  |- loss_rot: 0.11026
  |- loss_pos: 0.38335
  |- fk_loss: 4.50147
  |- smoothness_loss: 0.01125
LR: 1.000e-04
Hole frames in this epoch: [4, 16]

Epoch 28 | Train Loss: 0.54883 | Val Loss: 0.61746
Train Loss Components:
  |- loss_rot: 0.11104
  |- loss_pos: 0.45525
  |- fk_loss: 4.82950
  |- smoothness_loss: 0.26537
Val Loss Components:
  |- loss_rot: 0.10863
  |- loss_pos: 0.38208
  |- fk_loss: 4.52639
  |- smoothness_loss: 0.00816
LR: 1.000e-04
Hole frames in this epoch: [4, 16]

Epoch 29 | Train Loss: 0.55260 | Val Loss: 0.61326
Train Loss Components:
  |- loss_rot: 0.10621
  |- loss_pos: 0.24149
  |- fk_loss: 4.62412
  |- smoothness_loss: 0.28223
Val Loss Components:
  |- loss_rot: 0.10584
  |- loss_pos: 0.38196
  |- fk_loss: 4.46117
  |- smoothness_loss: 0.00659
LR: 1.000e-04
Hole frames in this epoch: [4, 16]

Epoch 30 | Train Loss: 0.55669 | Val Loss: 0.61047
Train Loss Components:
  |- loss_rot: 0.10493
  |- loss_pos: 0.24699
  |- fk_loss: 3.84024
  |- smoothness_loss: 0.25474
Val Loss Components:
  |- loss_rot: 0.10411
  |- loss_pos: 0.38267
  |- fk_loss: 4.46938
  |- smoothness_loss: 0.00777
LR: 1.000e-04
Hole frames in this epoch: [4, 16]

Epoch 31 | Train Loss: 0.54283 | Val Loss: 0.60710
Train Loss Components:
  |- loss_rot: 0.09954
  |- loss_pos: 0.10503
  |- fk_loss: 4.13930
  |- smoothness_loss: 0.26171
Val Loss Components:
  |- loss_rot: 0.10175
  |- loss_pos: 0.38270
  |- fk_loss: 4.42403
  |- smoothness_loss: 0.01068
LR: 1.000e-04
Hole frames in this epoch: [4, 16]

Epoch 32 | Train Loss: 0.55005 | Val Loss: 0.60832
Train Loss Components:
  |- loss_rot: 0.10258
  |- loss_pos: 0.31290
  |- fk_loss: 4.65528
  |- smoothness_loss: 0.26444
Val Loss Components:
  |- loss_rot: 0.10010
  |- loss_pos: 0.38281
  |- fk_loss: 4.39705
  |- smoothness_loss: 0.00957
LR: 1.000e-04
Hole frames in this epoch: [4, 16]

Epoch 33 | Train Loss: 0.54098 | Val Loss: 0.60057
Train Loss Components:
  |- loss_rot: 0.09545
  |- loss_pos: 0.07891
  |- fk_loss: 3.85737
  |- smoothness_loss: 0.24092
Val Loss Components:
  |- loss_rot: 0.09724
  |- loss_pos: 0.38192
  |- fk_loss: 4.34058
  |- smoothness_loss: 0.00689
LR: 1.000e-04
Hole frames in this epoch: [4, 16]

Epoch 34 | Train Loss: 0.53716 | Val Loss: 0.59989
Train Loss Components:
  |- loss_rot: 0.09659
  |- loss_pos: 0.18797
  |- fk_loss: 4.30739
  |- smoothness_loss: 0.23537
Val Loss Components:
  |- loss_rot: 0.09629
  |- loss_pos: 0.38202
  |- fk_loss: 4.37834
  |- smoothness_loss: 0.01139
LR: 1.000e-04
Hole frames in this epoch: [4, 16]

Epoch 35 | Train Loss: 0.52959 | Val Loss: 0.59805
Train Loss Components:
  |- loss_rot: 0.09570
  |- loss_pos: 0.29740
  |- fk_loss: 3.70669
  |- smoothness_loss: 0.21811
Val Loss Components:
  |- loss_rot: 0.09427
  |- loss_pos: 0.38197
  |- fk_loss: 4.34214
  |- smoothness_loss: 0.02027
LR: 1.000e-04
Hole frames in this epoch: [4, 16]

Epoch 36 | Train Loss: 0.53262 | Val Loss: 0.60051
Train Loss Components:
  |- loss_rot: 0.09495
  |- loss_pos: 0.40928
  |- fk_loss: 4.75244
  |- smoothness_loss: 0.30005
Val Loss Components:
  |- loss_rot: 0.09303
  |- loss_pos: 0.38189
  |- fk_loss: 4.36754
  |- smoothness_loss: 0.01857
LR: 1.000e-04
Hole frames in this epoch: [4, 16]

Epoch 37 | Train Loss: 0.54185 | Val Loss: 0.59394
Train Loss Components:
  |- loss_rot: 0.09078
  |- loss_pos: 0.26901
  |- fk_loss: 4.33336
  |- smoothness_loss: 0.22005
Val Loss Components:
  |- loss_rot: 0.09066
  |- loss_pos: 0.38202
  |- fk_loss: 4.29222
  |- smoothness_loss: 0.00709
LR: 1.000e-04
Hole frames in this epoch: [4, 16]

Epoch 38 | Train Loss: 0.53472 | Val Loss: 0.59399
Train Loss Components:
  |- loss_rot: 0.09094
  |- loss_pos: 0.22948
  |- fk_loss: 4.08645
  |- smoothness_loss: 0.19047
Val Loss Components:
  |- loss_rot: 0.08977
  |- loss_pos: 0.38332
  |- fk_loss: 4.31504
  |- smoothness_loss: 0.00786
LR: 1.000e-04
Hole frames in this epoch: [4, 16]

Epoch 39 | Train Loss: 0.52422 | Val Loss: 0.58860
Train Loss Components:
  |- loss_rot: 0.08880
  |- loss_pos: 0.28949
  |- fk_loss: 4.27549
  |- smoothness_loss: 0.20540
Val Loss Components:
  |- loss_rot: 0.08724
  |- loss_pos: 0.38203
  |- fk_loss: 4.26656
  |- smoothness_loss: 0.01020
LR: 1.000e-04
Hole frames in this epoch: [4, 16]

Epoch 40 | Train Loss: 0.52025 | Val Loss: 0.58890
Train Loss Components:
  |- loss_rot: 0.08328
  |- loss_pos: 0.06365
  |- fk_loss: 4.46815
  |- smoothness_loss: 0.20538
Val Loss Components:
  |- loss_rot: 0.08666
  |- loss_pos: 0.38270
  |- fk_loss: 4.24453
  |- smoothness_loss: 0.00737
LR: 1.000e-04
Hole frames in this epoch: [4, 16]

Epoch 41 | Train Loss: 0.51611 | Val Loss: 0.58628
Train Loss Components:
  |- loss_rot: 0.08209
  |- loss_pos: 0.10252
  |- fk_loss: 3.70602
  |- smoothness_loss: 0.20786
Val Loss Components:
  |- loss_rot: 0.08454
  |- loss_pos: 0.38235
  |- fk_loss: 4.26060
  |- smoothness_loss: 0.00642
LR: 1.000e-04
Hole frames in this epoch: [4, 16]

Epoch 42 | Train Loss: 0.52851 | Val Loss: 0.58382
Train Loss Components:
  |- loss_rot: 0.08370
  |- loss_pos: 0.15336
  |- fk_loss: 3.95089
  |- smoothness_loss: 0.19172
Val Loss Components:
  |- loss_rot: 0.08401
  |- loss_pos: 0.38199
  |- fk_loss: 4.22542
  |- smoothness_loss: 0.00724
LR: 1.000e-04
Hole frames in this epoch: [4, 16]

Epoch 43 | Train Loss: 0.52138 | Val Loss: 0.58654
Train Loss Components:
  |- loss_rot: 0.08371
  |- loss_pos: 0.26531
  |- fk_loss: 4.32629
  |- smoothness_loss: 0.18543
Val Loss Components:
  |- loss_rot: 0.08305
  |- loss_pos: 0.38255
  |- fk_loss: 4.26528
  |- smoothness_loss: 0.02001
LR: 1.000e-04
Hole frames in this epoch: [4, 16]

Epoch 44 | Train Loss: 0.51755 | Val Loss: 0.58291
Train Loss Components:
  |- loss_rot: 0.08195
  |- loss_pos: 0.19824
  |- fk_loss: 3.76811
  |- smoothness_loss: 0.15398
Val Loss Components:
  |- loss_rot: 0.08139
  |- loss_pos: 0.38238
  |- fk_loss: 4.25616
  |- smoothness_loss: 0.01298
LR: 1.000e-04
Hole frames in this epoch: [4, 16]

Epoch 45 | Train Loss: 0.50859 | Val Loss: 0.57918
Train Loss Components:
  |- loss_rot: 0.07793
  |- loss_pos: 0.10243
  |- fk_loss: 3.53885
  |- smoothness_loss: 0.16333
Val Loss Components:
  |- loss_rot: 0.08008
  |- loss_pos: 0.38216
  |- fk_loss: 4.20614
  |- smoothness_loss: 0.01017
LR: 1.000e-04
Hole frames in this epoch: [4, 16]

Epoch 46 | Train Loss: 0.49873 | Val Loss: 0.57697
Train Loss Components:
  |- loss_rot: 0.07900
  |- loss_pos: 0.17160
  |- fk_loss: 3.87450
  |- smoothness_loss: 0.17860
Val Loss Components:
  |- loss_rot: 0.07919
  |- loss_pos: 0.38239
  |- fk_loss: 4.18279
  |- smoothness_loss: 0.00666
LR: 1.000e-04
Hole frames in this epoch: [4, 16]

Epoch 47 | Train Loss: 0.50101 | Val Loss: 0.57541
Train Loss Components:
  |- loss_rot: 0.07414
  |- loss_pos: 0.06057
  |- fk_loss: 3.77023
  |- smoothness_loss: 0.17405
Val Loss Components:
  |- loss_rot: 0.07798
  |- loss_pos: 0.38189
  |- fk_loss: 4.16879
  |- smoothness_loss: 0.01555
LR: 1.000e-04
Hole frames in this epoch: [4, 16]

Epoch 48 | Train Loss: 0.49485 | Val Loss: 0.57340
Train Loss Components:
  |- loss_rot: 0.07185
  |- loss_pos: 0.05158
  |- fk_loss: 3.94678
  |- smoothness_loss: 0.16464
Val Loss Components:
  |- loss_rot: 0.07672
  |- loss_pos: 0.38192
  |- fk_loss: 4.14202
  |- smoothness_loss: 0.00703
LR: 1.000e-04
Hole frames in this epoch: [4, 16]

Epoch 49 | Train Loss: 0.50285 | Val Loss: 0.57161
Train Loss Components:
  |- loss_rot: 0.07343
  |- loss_pos: 0.12070
  |- fk_loss: 4.10256
  |- smoothness_loss: 0.17438
Val Loss Components:
  |- loss_rot: 0.07579
  |- loss_pos: 0.38197
  |- fk_loss: 4.14910
  |- smoothness_loss: 0.00665
LR: 1.000e-04
Hole frames in this epoch: [4, 16]

Epoch 50 | Train Loss: 0.50021 | Val Loss: 0.56940
Train Loss Components:
  |- loss_rot: 0.07265
  |- loss_pos: 0.16163
  |- fk_loss: 3.59855
  |- smoothness_loss: 0.14680
Val Loss Components:
  |- loss_rot: 0.07433
  |- loss_pos: 0.38182
  |- fk_loss: 4.13741
  |- smoothness_loss: 0.01308
LR: 1.000e-04
Hole frames in this epoch: [4, 16]

Epoch 51 | Train Loss: 0.49763 | Val Loss: 0.56890
Train Loss Components:
  |- loss_rot: 0.06992
  |- loss_pos: 0.10349
  |- fk_loss: 3.47815
  |- smoothness_loss: 0.18380
Val Loss Components:
  |- loss_rot: 0.07308
  |- loss_pos: 0.38177
  |- fk_loss: 4.15529
  |- smoothness_loss: 0.00675
LR: 1.000e-04
Hole frames in this epoch: [4, 16]

Epoch 52 | Train Loss: 0.49741 | Val Loss: 0.56322
Train Loss Components:
  |- loss_rot: 0.06817
  |- loss_pos: 0.07642
  |- fk_loss: 3.66433
  |- smoothness_loss: 0.15974
Val Loss Components:
  |- loss_rot: 0.07206
  |- loss_pos: 0.38203
  |- fk_loss: 4.06811
  |- smoothness_loss: 0.01101
LR: 1.000e-04
Hole frames in this epoch: [4, 16]

Epoch 53 | Train Loss: 0.49399 | Val Loss: 0.55970
Train Loss Components:
  |- loss_rot: 0.06792
  |- loss_pos: 0.13881
  |- fk_loss: 3.81017
  |- smoothness_loss: 0.17598
Val Loss Components:
  |- loss_rot: 0.07119
  |- loss_pos: 0.38195
  |- fk_loss: 4.03078
  |- smoothness_loss: 0.01413
LR: 1.000e-04
Hole frames in this epoch: [4, 16]

Epoch 54 | Train Loss: 0.49671 | Val Loss: 0.55449
Train Loss Components:
  |- loss_rot: 0.07157
  |- loss_pos: 0.27953
  |- fk_loss: 3.64812
  |- smoothness_loss: 0.14117
Val Loss Components:
  |- loss_rot: 0.07121
  |- loss_pos: 0.38202
  |- fk_loss: 3.96183
  |- smoothness_loss: 0.01480
LR: 1.000e-04
Hole frames in this epoch: [4, 16]

Epoch 55 | Train Loss: 0.48447 | Val Loss: 0.54697
Train Loss Components:
  |- loss_rot: 0.07348
  |- loss_pos: 0.22522
  |- fk_loss: 3.69312
  |- smoothness_loss: 0.18303
Val Loss Components:
  |- loss_rot: 0.07391
  |- loss_pos: 0.38220
  |- fk_loss: 3.84232
  |- smoothness_loss: 0.00730
LR: 1.000e-04
Hole frames in this epoch: [4, 16]

Epoch 56 | Train Loss: 0.46790 | Val Loss: 0.53814
Train Loss Components:
  |- loss_rot: 0.07262
  |- loss_pos: 0.19216
  |- fk_loss: 3.35300
  |- smoothness_loss: 0.20796
Val Loss Components:
  |- loss_rot: 0.07302
  |- loss_pos: 0.38203
  |- fk_loss: 3.72564
  |- smoothness_loss: 0.00741
LR: 1.000e-04
Hole frames in this epoch: [4, 16]

Epoch 57 | Train Loss: 0.45561 | Val Loss: 0.53338
Train Loss Components:
  |- loss_rot: 0.06901
  |- loss_pos: 0.12826
  |- fk_loss: 3.44794
  |- smoothness_loss: 0.22408
Val Loss Components:
  |- loss_rot: 0.07192
  |- loss_pos: 0.38182
  |- fk_loss: 3.64914
  |- smoothness_loss: 0.00732
LR: 1.000e-04
Hole frames in this epoch: [4, 16]

Epoch 58 | Train Loss: 0.45849 | Val Loss: 0.53183
Train Loss Components:
  |- loss_rot: 0.07062
  |- loss_pos: 0.24746
  |- fk_loss: 3.84573
  |- smoothness_loss: 0.22092
Val Loss Components:
  |- loss_rot: 0.07144
  |- loss_pos: 0.38199
  |- fk_loss: 3.66209
  |- smoothness_loss: 0.00770
LR: 1.000e-04
Hole frames in this epoch: [4, 16]

Epoch 59 | Train Loss: 0.45417 | Val Loss: 0.53065
Train Loss Components:
  |- loss_rot: 0.06519
  |- loss_pos: 0.05771
  |- fk_loss: 3.13240
  |- smoothness_loss: 0.22723
Val Loss Components:
  |- loss_rot: 0.07075
  |- loss_pos: 0.38185
  |- fk_loss: 3.61305
  |- smoothness_loss: 0.01783
LR: 1.000e-04
Hole frames in this epoch: [4, 16]

Epoch 60 | Train Loss: 0.44724 | Val Loss: 0.52673
Train Loss Components:
  |- loss_rot: 0.06882
  |- loss_pos: 0.26393
  |- fk_loss: 3.33576
  |- smoothness_loss: 0.17389
Val Loss Components:
  |- loss_rot: 0.07005
  |- loss_pos: 0.38201
  |- fk_loss: 3.59970
  |- smoothness_loss: 0.00879
LR: 1.000e-04
Hole frames in this epoch: [4, 16]

Epoch 61 | Train Loss: 0.45025 | Val Loss: 0.53269
Train Loss Components:
  |- loss_rot: 0.06894
  |- loss_pos: 0.18686
  |- fk_loss: 3.64397
  |- smoothness_loss: 0.17431
Val Loss Components:
  |- loss_rot: 0.07123
  |- loss_pos: 0.38224
  |- fk_loss: 3.70642
  |- smoothness_loss: 0.00901
LR: 1.000e-04
Hole frames in this epoch: [4, 16]

Epoch 62 | Train Loss: 0.45746 | Val Loss: 0.52053
Train Loss Components:
  |- loss_rot: 0.06523
  |- loss_pos: 0.05733
  |- fk_loss: 3.21585
  |- smoothness_loss: 0.20531
Val Loss Components:
  |- loss_rot: 0.07050
  |- loss_pos: 0.38200
  |- fk_loss: 3.54144
  |- smoothness_loss: 0.01905
LR: 1.000e-04
Hole frames in this epoch: [4, 16]

Epoch 63 | Train Loss: 0.43798 | Val Loss: 0.51256
Train Loss Components:
  |- loss_rot: 0.06483
  |- loss_pos: 0.08295
  |- fk_loss: 3.13326
  |- smoothness_loss: 0.21744
Val Loss Components:
  |- loss_rot: 0.06978
  |- loss_pos: 0.38211
  |- fk_loss: 3.45411
  |- smoothness_loss: 0.01262
LR: 1.000e-04
Hole frames in this epoch: [4, 16]

Epoch 64 | Train Loss: 0.44125 | Val Loss: 0.51261
Train Loss Components:
  |- loss_rot: 0.06433
  |- loss_pos: 0.09776
  |- fk_loss: 3.30198
  |- smoothness_loss: 0.27128
Val Loss Components:
  |- loss_rot: 0.06938
  |- loss_pos: 0.38205
  |- fk_loss: 3.41921
  |- smoothness_loss: 0.00780
LR: 1.000e-04
Hole frames in this epoch: [4, 16]

Epoch 65 | Train Loss: 0.43116 | Val Loss: 0.50173
Train Loss Components:
  |- loss_rot: 0.06382
  |- loss_pos: 0.05220
  |- fk_loss: 2.73017
  |- smoothness_loss: 0.23320
Val Loss Components:
  |- loss_rot: 0.06964
  |- loss_pos: 0.38205
  |- fk_loss: 3.33996
  |- smoothness_loss: 0.00866
LR: 1.000e-04
Hole frames in this epoch: [4, 16]

Epoch 66 | Train Loss: 0.43604 | Val Loss: 0.49964
Train Loss Components:
  |- loss_rot: 0.06886
  |- loss_pos: 0.22969
  |- fk_loss: 3.44366
  |- smoothness_loss: 0.26015
Val Loss Components:
  |- loss_rot: 0.06868
  |- loss_pos: 0.38188
  |- fk_loss: 3.35802
  |- smoothness_loss: 0.00881
LR: 1.000e-04
Hole frames in this epoch: [4, 16]

Epoch 67 | Train Loss: 0.42910 | Val Loss: 0.49297
Train Loss Components:
  |- loss_rot: 0.06969
  |- loss_pos: 0.37211
  |- fk_loss: 3.61069
  |- smoothness_loss: 0.27087
Val Loss Components:
  |- loss_rot: 0.06846
  |- loss_pos: 0.38183
  |- fk_loss: 3.28243
  |- smoothness_loss: 0.02241
LR: 1.000e-04
Hole frames in this epoch: [4, 16]

Epoch 68 | Train Loss: 0.42096 | Val Loss: 0.48973
Train Loss Components:
  |- loss_rot: 0.06631
  |- loss_pos: 0.14719
  |- fk_loss: 3.37882
  |- smoothness_loss: 0.28954
Val Loss Components:
  |- loss_rot: 0.06779
  |- loss_pos: 0.38204
  |- fk_loss: 3.22416
  |- smoothness_loss: 0.00861
LR: 1.000e-04
Hole frames in this epoch: [4, 16]

Epoch 69 | Train Loss: 0.42729 | Val Loss: 0.49619
Train Loss Components:
  |- loss_rot: 0.06241
  |- loss_pos: 0.08213
  |- fk_loss: 2.97414
  |- smoothness_loss: 0.31632
Val Loss Components:
  |- loss_rot: 0.06773
  |- loss_pos: 0.38264
  |- fk_loss: 3.38497
  |- smoothness_loss: 0.01066
LR: 1.000e-04
Hole frames in this epoch: [4, 16]

Epoch 70 | Train Loss: 0.41369 | Val Loss: 0.48234
Train Loss Components:
  |- loss_rot: 0.06334
  |- loss_pos: 0.14498
  |- fk_loss: 3.10831
  |- smoothness_loss: 0.34283
Val Loss Components:
  |- loss_rot: 0.06665
  |- loss_pos: 0.38221
  |- fk_loss: 3.18829
  |- smoothness_loss: 0.00768
LR: 1.000e-04
Hole frames in this epoch: [4, 16]

Epoch 71 | Train Loss: 0.41846 | Val Loss: 0.48195
Train Loss Components:
  |- loss_rot: 0.06555
  |- loss_pos: 0.27583
  |- fk_loss: 3.15439
  |- smoothness_loss: 0.25892
Val Loss Components:
  |- loss_rot: 0.06627
  |- loss_pos: 0.38260
  |- fk_loss: 3.20790
  |- smoothness_loss: 0.00753
LR: 1.000e-04
Hole frames in this epoch: [4, 16]

Epoch 72 | Train Loss: 0.40975 | Val Loss: 0.47872
Train Loss Components:
  |- loss_rot: 0.06384
  |- loss_pos: 0.21179
  |- fk_loss: 2.92757
  |- smoothness_loss: 0.26568
Val Loss Components:
  |- loss_rot: 0.06589
  |- loss_pos: 0.38210
  |- fk_loss: 3.18551
  |- smoothness_loss: 0.00769
LR: 1.000e-04
Hole frames in this epoch: [4, 16]

Epoch 73 | Train Loss: 0.41078 | Val Loss: 0.47809
Train Loss Components:
  |- loss_rot: 0.05899
  |- loss_pos: 0.04882
  |- fk_loss: 2.65571
  |- smoothness_loss: 0.32914
Val Loss Components:
  |- loss_rot: 0.06568
  |- loss_pos: 0.38190
  |- fk_loss: 3.20491
  |- smoothness_loss: 0.02244
LR: 1.000e-04
Hole frames in this epoch: [4, 16]

Epoch 74 | Train Loss: 0.40394 | Val Loss: 0.47537
Train Loss Components:
  |- loss_rot: 0.05901
  |- loss_pos: 0.08574
  |- fk_loss: 3.03448
  |- smoothness_loss: 0.31037
Val Loss Components:
  |- loss_rot: 0.06437
  |- loss_pos: 0.38198
  |- fk_loss: 3.19958
  |- smoothness_loss: 0.00814
LR: 1.000e-04
Hole frames in this epoch: [4, 16]

Epoch 75 | Train Loss: 0.40333 | Val Loss: 0.47283
Train Loss Components:
  |- loss_rot: 0.05896
  |- loss_pos: 0.06202
  |- fk_loss: 2.68945
  |- smoothness_loss: 0.29162
Val Loss Components:
  |- loss_rot: 0.06387
  |- loss_pos: 0.38200
  |- fk_loss: 3.17296
  |- smoothness_loss: 0.01677
LR: 1.000e-04
Hole frames in this epoch: [4, 16]

Epoch 76 | Train Loss: 0.40677 | Val Loss: 0.47583
Train Loss Components:
  |- loss_rot: 0.05747
  |- loss_pos: 0.06195
  |- fk_loss: 2.73729
  |- smoothness_loss: 0.28283
Val Loss Components:
  |- loss_rot: 0.06431
  |- loss_pos: 0.38201
  |- fk_loss: 3.21115
  |- smoothness_loss: 0.00748
LR: 1.000e-04
Hole frames in this epoch: [4, 16]

Epoch 77 | Train Loss: 0.40352 | Val Loss: 0.46906
Train Loss Components:
  |- loss_rot: 0.06032
  |- loss_pos: 0.18336
  |- fk_loss: 2.74239
  |- smoothness_loss: 0.23933
Val Loss Components:
  |- loss_rot: 0.06348
  |- loss_pos: 0.38197
  |- fk_loss: 3.11285
  |- smoothness_loss: 0.00724
LR: 1.000e-04
Hole frames in this epoch: [4, 16]

Epoch 78 | Train Loss: 0.39107 | Val Loss: 0.46710
Train Loss Components:
  |- loss_rot: 0.05825
  |- loss_pos: 0.14460
  |- fk_loss: 2.75411
  |- smoothness_loss: 0.22730
Val Loss Components:
  |- loss_rot: 0.06323
  |- loss_pos: 0.38185
  |- fk_loss: 3.10571
  |- smoothness_loss: 0.00723
LR: 1.000e-04
Hole frames in this epoch: [4, 16]

Epoch 79 | Train Loss: 0.40140 | Val Loss: 0.46555
Train Loss Components:
  |- loss_rot: 0.05980
  |- loss_pos: 0.21590
  |- fk_loss: 2.77007
  |- smoothness_loss: 0.22011
Val Loss Components:
  |- loss_rot: 0.06265
  |- loss_pos: 0.38180
  |- fk_loss: 3.08960
  |- smoothness_loss: 0.00889
LR: 1.000e-04
Hole frames in this epoch: [4, 16]

Epoch 80 | Train Loss: 0.39032 | Val Loss: 0.46585
Train Loss Components:
  |- loss_rot: 0.06062
  |- loss_pos: 0.25447
  |- fk_loss: 3.24298
  |- smoothness_loss: 0.24544
Val Loss Components:
  |- loss_rot: 0.06206
  |- loss_pos: 0.38216
  |- fk_loss: 3.14406
  |- smoothness_loss: 0.00706
LR: 1.000e-04
Hole frames in this epoch: [4, 16]

Epoch 81 | Train Loss: 0.38837 | Val Loss: 0.46316
Train Loss Components:
  |- loss_rot: 0.05558
  |- loss_pos: 0.06042
  |- fk_loss: 2.82048
  |- smoothness_loss: 0.24666
Val Loss Components:
  |- loss_rot: 0.06151
  |- loss_pos: 0.38190
  |- fk_loss: 3.12795
  |- smoothness_loss: 0.00700
LR: 1.000e-04
Hole frames in this epoch: [4, 16]

Epoch 82 | Train Loss: 0.39822 | Val Loss: 0.45925
Train Loss Components:
  |- loss_rot: 0.05596
  |- loss_pos: 0.11837
  |- fk_loss: 2.48368
  |- smoothness_loss: 0.25149
Val Loss Components:
  |- loss_rot: 0.06063
  |- loss_pos: 0.38240
  |- fk_loss: 3.06641
  |- smoothness_loss: 0.00783
LR: 1.000e-04
Hole frames in this epoch: [4, 16]

Epoch 83 | Train Loss: 0.39123 | Val Loss: 0.46157
Train Loss Components:
  |- loss_rot: 0.05804
  |- loss_pos: 0.23519
  |- fk_loss: 2.92660
  |- smoothness_loss: 0.20396
Val Loss Components:
  |- loss_rot: 0.06099
  |- loss_pos: 0.38184
  |- fk_loss: 3.11930
  |- smoothness_loss: 0.00962
LR: 1.000e-04
Hole frames in this epoch: [4, 16]

Epoch 84 | Train Loss: 0.38976 | Val Loss: 0.45410
Train Loss Components:
  |- loss_rot: 0.05635
  |- loss_pos: 0.16394
  |- fk_loss: 2.64626
  |- smoothness_loss: 0.20148
Val Loss Components:
  |- loss_rot: 0.06017
  |- loss_pos: 0.38201
  |- fk_loss: 3.02558
  |- smoothness_loss: 0.02022
LR: 1.000e-04
Hole frames in this epoch: [4, 16]

Epoch 85 | Train Loss: 0.37667 | Val Loss: 0.45589
Train Loss Components:
  |- loss_rot: 0.05584
  |- loss_pos: 0.10539
  |- fk_loss: 2.33832
  |- smoothness_loss: 0.19730
Val Loss Components:
  |- loss_rot: 0.05970
  |- loss_pos: 0.38197
  |- fk_loss: 3.07361
  |- smoothness_loss: 0.00685
LR: 1.000e-04
Hole frames in this epoch: [4, 16]

Epoch 86 | Train Loss: 0.38091 | Val Loss: 0.45394
Train Loss Components:
  |- loss_rot: 0.06099
  |- loss_pos: 0.27963
  |- fk_loss: 2.85529
  |- smoothness_loss: 0.21097
Val Loss Components:
  |- loss_rot: 0.05920
  |- loss_pos: 0.38238
  |- fk_loss: 3.06177
  |- smoothness_loss: 0.01741
LR: 1.000e-04
Hole frames in this epoch: [4, 16]

Epoch 87 | Train Loss: 0.37735 | Val Loss: 0.44674
Train Loss Components:
  |- loss_rot: 0.06073
  |- loss_pos: 0.34868
  |- fk_loss: 3.44536
  |- smoothness_loss: 0.21492
Val Loss Components:
  |- loss_rot: 0.05839
  |- loss_pos: 0.38179
  |- fk_loss: 2.97121
  |- smoothness_loss: 0.00675
LR: 1.000e-04
Hole frames in this epoch: [4, 16]

Epoch 88 | Train Loss: 0.37490 | Val Loss: 0.44546
Train Loss Components:
  |- loss_rot: 0.05296
  |- loss_pos: 0.14019
  |- fk_loss: 2.41608
  |- smoothness_loss: 0.24657
Val Loss Components:
  |- loss_rot: 0.05789
  |- loss_pos: 0.38180
  |- fk_loss: 2.97498
  |- smoothness_loss: 0.00687
LR: 1.000e-04
Hole frames in this epoch: [4, 16]

Epoch 89 | Train Loss: 0.36371 | Val Loss: 0.44138
Train Loss Components:
  |- loss_rot: 0.05506
  |- loss_pos: 0.24742
  |- fk_loss: 2.92088
  |- smoothness_loss: 0.23987
Val Loss Components:
  |- loss_rot: 0.05716
  |- loss_pos: 0.38207
  |- fk_loss: 2.89190
  |- smoothness_loss: 0.00672
LR: 1.000e-04
Hole frames in this epoch: [4, 16]

Epoch 90 | Train Loss: 0.36005 | Val Loss: 0.43883
Train Loss Components:
  |- loss_rot: 0.05567
  |- loss_pos: 0.29103
  |- fk_loss: 2.84546
  |- smoothness_loss: 0.28848
Val Loss Components:
  |- loss_rot: 0.05671
  |- loss_pos: 0.38209
  |- fk_loss: 2.86091
  |- smoothness_loss: 0.00669
LR: 1.000e-04
Hole frames in this epoch: [4, 16]

Epoch 91 | Train Loss: 0.36220 | Val Loss: 0.43858
Train Loss Components:
  |- loss_rot: 0.05528
  |- loss_pos: 0.20499
  |- fk_loss: 2.90058
  |- smoothness_loss: 0.28654
Val Loss Components:
  |- loss_rot: 0.05645
  |- loss_pos: 0.38190
  |- fk_loss: 2.90504
  |- smoothness_loss: 0.00669
LR: 1.000e-04
Hole frames in this epoch: [4, 16]

Epoch 92 | Train Loss: 0.36351 | Val Loss: 0.43676
Train Loss Components:
  |- loss_rot: 0.05885
  |- loss_pos: 0.45326
  |- fk_loss: 3.18664
  |- smoothness_loss: 0.21919
Val Loss Components:
  |- loss_rot: 0.05604
  |- loss_pos: 0.38201
  |- fk_loss: 2.87527
  |- smoothness_loss: 0.04806
LR: 1.000e-04
Hole frames in this epoch: [4, 16]

Epoch 93 | Train Loss: 0.35898 | Val Loss: 0.43494
Train Loss Components:
  |- loss_rot: 0.05324
  |- loss_pos: 0.18411
  |- fk_loss: 2.67904
  |- smoothness_loss: 0.21418
Val Loss Components:
  |- loss_rot: 0.05602
  |- loss_pos: 0.38196
  |- fk_loss: 2.86493
  |- smoothness_loss: 0.00663
LR: 1.000e-04
Hole frames in this epoch: [4, 16]

Epoch 94 | Train Loss: 0.35707 | Val Loss: 0.43218
Train Loss Components:
  |- loss_rot: 0.04937
  |- loss_pos: 0.09767
  |- fk_loss: 2.22154
  |- smoothness_loss: 0.24058
Val Loss Components:
  |- loss_rot: 0.05525
  |- loss_pos: 0.38185
  |- fk_loss: 2.83333
  |- smoothness_loss: 0.00768
LR: 1.000e-04
Hole frames in this epoch: [4, 16]

Epoch 95 | Train Loss: 0.36403 | Val Loss: 0.42906
Train Loss Components:
  |- loss_rot: 0.05452
  |- loss_pos: 0.30828
  |- fk_loss: 2.85395
  |- smoothness_loss: 0.18031
Val Loss Components:
  |- loss_rot: 0.05479
  |- loss_pos: 0.38260
  |- fk_loss: 2.76793
  |- smoothness_loss: 0.00872
LR: 1.000e-04
Hole frames in this epoch: [4, 16]

Epoch 96 | Train Loss: 0.35301 | Val Loss: 0.42702
Train Loss Components:
  |- loss_rot: 0.04970
  |- loss_pos: 0.09391
  |- fk_loss: 2.16822
  |- smoothness_loss: 0.20288
Val Loss Components:
  |- loss_rot: 0.05460
  |- loss_pos: 0.38186
  |- fk_loss: 2.75208
  |- smoothness_loss: 0.00678
LR: 1.000e-04
Hole frames in this epoch: [4, 16]

Epoch 97 | Train Loss: 0.35318 | Val Loss: 0.42636
Train Loss Components:
  |- loss_rot: 0.05567
  |- loss_pos: 0.37368
  |- fk_loss: 2.86764
  |- smoothness_loss: 0.17286
Val Loss Components:
  |- loss_rot: 0.05420
  |- loss_pos: 0.38182
  |- fk_loss: 2.73566
  |- smoothness_loss: 0.00852
LR: 1.000e-04
Hole frames in this epoch: [4, 16]

Epoch 98 | Train Loss: 0.34834 | Val Loss: 0.42555
Train Loss Components:
  |- loss_rot: 0.04699
  |- loss_pos: 0.04240
  |- fk_loss: 2.04283
  |- smoothness_loss: 0.19188
Val Loss Components:
  |- loss_rot: 0.05354
  |- loss_pos: 0.38190
  |- fk_loss: 2.74626
  |- smoothness_loss: 0.00679
LR: 1.000e-04
Hole frames in this epoch: [4, 16]

Epoch 99 | Train Loss: 0.35654 | Val Loss: 0.42406
Train Loss Components:
  |- loss_rot: 0.04798
  |- loss_pos: 0.09159
  |- fk_loss: 2.22779
  |- smoothness_loss: 0.22680
Val Loss Components:
  |- loss_rot: 0.05335
  |- loss_pos: 0.38185
  |- fk_loss: 2.72440
  |- smoothness_loss: 0.00663
LR: 1.000e-04
Hole frames in this epoch: [4, 16]

Epoch 100 | Train Loss: 0.35133 | Val Loss: 0.42685
Train Loss Components:
  |- loss_rot: 0.04764
  |- loss_pos: 0.11895
  |- fk_loss: 2.38868
  |- smoothness_loss: 0.17842
Val Loss Components:
  |- loss_rot: 0.05326
  |- loss_pos: 0.38199
  |- fk_loss: 2.77236
  |- smoothness_loss: 0.00754
LR: 1.000e-04
Hole frames in this epoch: [4, 16]

Epoch 101 | Train Loss: 0.35787 | Val Loss: 0.42157
Train Loss Components:
  |- loss_rot: 0.05099
  |- loss_pos: 0.17758
  |- fk_loss: 2.72218
  |- smoothness_loss: 0.17210
Val Loss Components:
  |- loss_rot: 0.05271
  |- loss_pos: 0.38190
  |- fk_loss: 2.69253
  |- smoothness_loss: 0.00697
LR: 1.000e-04
Hole frames in this epoch: [4, 16]

Epoch 102 | Train Loss: 0.35280 | Val Loss: 0.42281
Train Loss Components:
  |- loss_rot: 0.05219
  |- loss_pos: 0.29827
  |- fk_loss: 2.76070
  |- smoothness_loss: 0.17116
Val Loss Components:
  |- loss_rot: 0.05228
  |- loss_pos: 0.38188
  |- fk_loss: 2.69192
  |- smoothness_loss: 0.02892
LR: 1.000e-04
Hole frames in this epoch: [4, 16]

Epoch 103 | Train Loss: 0.35084 | Val Loss: 0.41953
Train Loss Components:
  |- loss_rot: 0.04745
  |- loss_pos: 0.10210
  |- fk_loss: 2.29420
  |- smoothness_loss: 0.20616
Val Loss Components:
  |- loss_rot: 0.05220
  |- loss_pos: 0.38196
  |- fk_loss: 2.68562
  |- smoothness_loss: 0.00661
LR: 1.000e-04
Hole frames in this epoch: [4, 16]

Epoch 104 | Train Loss: 0.58303 | Val Loss: 0.43580
Train Loss Components:
  |- loss_rot: 0.04867
  |- loss_pos: 0.06619
  |- fk_loss: 2.81619
  |- smoothness_loss: 1.14375
Val Loss Components:
  |- loss_rot: 0.05316
  |- loss_pos: 0.38179
  |- fk_loss: 2.81748
  |- smoothness_loss: 0.00675
LR: 1.000e-04
Hole frames in this epoch: [4, 16]

Epoch 105 | Train Loss: 0.37193 | Val Loss: 0.42294
Train Loss Components:
  |- loss_rot: 0.05246
  |- loss_pos: 0.25113
  |- fk_loss: 2.67343
  |- smoothness_loss: 0.25344
Val Loss Components:
  |- loss_rot: 0.05277
  |- loss_pos: 0.38218
  |- fk_loss: 2.70759
  |- smoothness_loss: 0.00688
LR: 1.000e-04
Hole frames in this epoch: [4, 16]

Epoch 106 | Train Loss: 0.35823 | Val Loss: 0.42125
Train Loss Components:
  |- loss_rot: 0.05376
  |- loss_pos: 0.43825
  |- fk_loss: 3.18371
  |- smoothness_loss: 0.19856
Val Loss Components:
  |- loss_rot: 0.05251
  |- loss_pos: 0.38190
  |- fk_loss: 2.70457
  |- smoothness_loss: 0.01718
LR: 1.000e-04
Hole frames in this epoch: [4, 16]

Epoch 107 | Train Loss: 0.34438 | Val Loss: 0.42007
Train Loss Components:
  |- loss_rot: 0.04781
  |- loss_pos: 0.10007
  |- fk_loss: 2.24723
  |- smoothness_loss: 0.16816
Val Loss Components:
  |- loss_rot: 0.05193
  |- loss_pos: 0.38205
  |- fk_loss: 2.68029
  |- smoothness_loss: 0.00757
LR: 1.000e-04
Hole frames in this epoch: [4, 16]

Epoch 108 | Train Loss: 0.35175 | Val Loss: 0.42138
Train Loss Components:
  |- loss_rot: 0.04649
  |- loss_pos: 0.12239
  |- fk_loss: 2.19818
  |- smoothness_loss: 0.19404
Val Loss Components:
  |- loss_rot: 0.05155
  |- loss_pos: 0.38201
  |- fk_loss: 2.71570
  |- smoothness_loss: 0.00657
LR: 1.000e-04
Hole frames in this epoch: [4, 16]

Epoch 109 | Train Loss: 0.34629 | Val Loss: 0.42098
Train Loss Components:
  |- loss_rot: 0.05181
  |- loss_pos: 0.33338
  |- fk_loss: 2.98803
  |- smoothness_loss: 0.18368
Val Loss Components:
  |- loss_rot: 0.05139
  |- loss_pos: 0.38182
  |- fk_loss: 2.71357
  |- smoothness_loss: 0.03159
LR: 1.000e-04
Hole frames in this epoch: [4, 16]

Epoch 110 | Train Loss: 0.34169 | Val Loss: 0.41792
Train Loss Components:
  |- loss_rot: 0.04958
  |- loss_pos: 0.22638
  |- fk_loss: 2.51925
  |- smoothness_loss: 0.15674
Val Loss Components:
  |- loss_rot: 0.05098
  |- loss_pos: 0.38195
  |- fk_loss: 2.66819
  |- smoothness_loss: 0.00686
LR: 5.000e-05
Hole frames in this epoch: [4, 16]

Epoch 111 | Train Loss: 0.34369 | Val Loss: 0.41741
Train Loss Components:
  |- loss_rot: 0.04456
  |- loss_pos: 0.09542
  |- fk_loss: 2.07269
  |- smoothness_loss: 0.16218
Val Loss Components:
  |- loss_rot: 0.05116
  |- loss_pos: 0.38184
  |- fk_loss: 2.66166
  |- smoothness_loss: 0.01166
LR: 5.000e-05
Hole frames in this epoch: [4, 16]

Epoch 112 | Train Loss: 0.34021 | Val Loss: 0.41879
Train Loss Components:
  |- loss_rot: 0.04690
  |- loss_pos: 0.12312
  |- fk_loss: 2.47977
  |- smoothness_loss: 0.16104
Val Loss Components:
  |- loss_rot: 0.05094
  |- loss_pos: 0.38202
  |- fk_loss: 2.67376
  |- smoothness_loss: 0.00650
LR: 5.000e-05
Hole frames in this epoch: [4, 16]

Epoch 113 | Train Loss: 0.33736 | Val Loss: 0.41663
Train Loss Components:
  |- loss_rot: 0.04514
  |- loss_pos: 0.09182
  |- fk_loss: 2.24689
  |- smoothness_loss: 0.18173
Val Loss Components:
  |- loss_rot: 0.05058
  |- loss_pos: 0.38206
  |- fk_loss: 2.66127
  |- smoothness_loss: 0.00690
LR: 5.000e-05
Hole frames in this epoch: [4, 16]

Epoch 114 | Train Loss: 0.34277 | Val Loss: 0.41702
Train Loss Components:
  |- loss_rot: 0.04666
  |- loss_pos: 0.17889
  |- fk_loss: 2.17292
  |- smoothness_loss: 0.17514
Val Loss Components:
  |- loss_rot: 0.05055
  |- loss_pos: 0.38184
  |- fk_loss: 2.67219
  |- smoothness_loss: 0.00648
LR: 5.000e-05
Hole frames in this epoch: [4, 16]

Epoch 115 | Train Loss: 0.34989 | Val Loss: 0.41694
Train Loss Components:
  |- loss_rot: 0.04872
  |- loss_pos: 0.21789
  |- fk_loss: 2.66083
  |- smoothness_loss: 0.16384
Val Loss Components:
  |- loss_rot: 0.05030
  |- loss_pos: 0.38198
  |- fk_loss: 2.67187
  |- smoothness_loss: 0.00647
LR: 5.000e-05
Hole frames in this epoch: [4, 16]

Epoch 116 | Train Loss: 0.33889 | Val Loss: 0.41699
Train Loss Components:
  |- loss_rot: 0.04834
  |- loss_pos: 0.18423
  |- fk_loss: 2.81282
  |- smoothness_loss: 0.16877
Val Loss Components:
  |- loss_rot: 0.05012
  |- loss_pos: 0.38185
  |- fk_loss: 2.66588
  |- smoothness_loss: 0.00649
LR: 5.000e-05
Hole frames in this epoch: [4, 16]

Epoch 117 | Train Loss: 0.34634 | Val Loss: 0.41553
Train Loss Components:
  |- loss_rot: 0.04970
  |- loss_pos: 0.23794
  |- fk_loss: 2.66455
  |- smoothness_loss: 0.14752
Val Loss Components:
  |- loss_rot: 0.05017
  |- loss_pos: 0.38184
  |- fk_loss: 2.65168
  |- smoothness_loss: 0.00785
LR: 5.000e-05
Hole frames in this epoch: [4, 16]

Epoch 118 | Train Loss: 0.33719 | Val Loss: 0.41654
Train Loss Components:
  |- loss_rot: 0.04858
  |- loss_pos: 0.21974
  |- fk_loss: 2.67711
  |- smoothness_loss: 0.16106
Val Loss Components:
  |- loss_rot: 0.05004
  |- loss_pos: 0.38186
  |- fk_loss: 2.67364
  |- smoothness_loss: 0.00646
LR: 5.000e-05
Hole frames in this epoch: [4, 16]

Epoch 119 | Train Loss: 0.33912 | Val Loss: 0.41470
Train Loss Components:
  |- loss_rot: 0.04857
  |- loss_pos: 0.14202
  |- fk_loss: 2.60726
  |- smoothness_loss: 0.12435
Val Loss Components:
  |- loss_rot: 0.04980
  |- loss_pos: 0.38190
  |- fk_loss: 2.63614
  |- smoothness_loss: 0.00650
LR: 5.000e-05
Hole frames in this epoch: [4, 16]

Epoch 120 | Train Loss: 0.35106 | Val Loss: 0.41501
Train Loss Components:
  |- loss_rot: 0.04938
  |- loss_pos: 0.24282
  |- fk_loss: 2.45788
  |- smoothness_loss: 0.15311
Val Loss Components:
  |- loss_rot: 0.04979
  |- loss_pos: 0.38182
  |- fk_loss: 2.64163
  |- smoothness_loss: 0.00860
LR: 5.000e-05
Hole frames in this epoch: [4, 16]

Epoch 121 | Train Loss: 0.33833 | Val Loss: 0.41394
Train Loss Components:
  |- loss_rot: 0.05136
  |- loss_pos: 0.30493
  |- fk_loss: 3.18578
  |- smoothness_loss: 0.16046
Val Loss Components:
  |- loss_rot: 0.04962
  |- loss_pos: 0.38189
  |- fk_loss: 2.63081
  |- smoothness_loss: 0.00646
LR: 5.000e-05
Hole frames in this epoch: [4, 16]

Epoch 122 | Train Loss: 0.33477 | Val Loss: 0.41400
Train Loss Components:
  |- loss_rot: 0.04581
  |- loss_pos: 0.15516
  |- fk_loss: 2.34433
  |- smoothness_loss: 0.13527
Val Loss Components:
  |- loss_rot: 0.04939
  |- loss_pos: 0.38183
  |- fk_loss: 2.62989
  |- smoothness_loss: 0.00677
LR: 5.000e-05
Hole frames in this epoch: [4, 16]

Epoch 123 | Train Loss: 0.34372 | Val Loss: 0.41339
Train Loss Components:
  |- loss_rot: 0.04785
  |- loss_pos: 0.26451
  |- fk_loss: 2.60322
  |- smoothness_loss: 0.13151
Val Loss Components:
  |- loss_rot: 0.04923
  |- loss_pos: 0.38227
  |- fk_loss: 2.63001
  |- smoothness_loss: 0.00700
LR: 5.000e-05
Hole frames in this epoch: [4, 16]

Epoch 124 | Train Loss: 0.32966 | Val Loss: 0.41285
Train Loss Components:
  |- loss_rot: 0.04640
  |- loss_pos: 0.22142
  |- fk_loss: 2.41488
  |- smoothness_loss: 0.12684
Val Loss Components:
  |- loss_rot: 0.04915
  |- loss_pos: 0.38181
  |- fk_loss: 2.61576
  |- smoothness_loss: 0.01184
LR: 5.000e-05
Hole frames in this epoch: [4, 16]

Epoch 125 | Train Loss: 0.34657 | Val Loss: 0.41336
Train Loss Components:
  |- loss_rot: 0.04621
  |- loss_pos: 0.12137
  |- fk_loss: 2.28517
  |- smoothness_loss: 0.13206
Val Loss Components:
  |- loss_rot: 0.04898
  |- loss_pos: 0.38180
  |- fk_loss: 2.63638
  |- smoothness_loss: 0.00748
LR: 5.000e-05
Hole frames in this epoch: [4, 16]

Epoch 126 | Train Loss: 0.33531 | Val Loss: 0.41370
Train Loss Components:
  |- loss_rot: 0.04548
  |- loss_pos: 0.14124
  |- fk_loss: 2.57748
  |- smoothness_loss: 0.13922
Val Loss Components:
  |- loss_rot: 0.04893
  |- loss_pos: 0.38197
  |- fk_loss: 2.64058
  |- smoothness_loss: 0.04584
LR: 5.000e-05
Hole frames in this epoch: [4, 16]

Epoch 127 | Train Loss: 0.33236 | Val Loss: 0.41238
Train Loss Components:
  |- loss_rot: 0.04932
  |- loss_pos: 0.15502
  |- fk_loss: 2.55570
  |- smoothness_loss: 0.12060
Val Loss Components:
  |- loss_rot: 0.04889
  |- loss_pos: 0.38209
  |- fk_loss: 2.62223
  |- smoothness_loss: 0.00643
LR: 5.000e-05
Hole frames in this epoch: [4, 16]

Epoch 128 | Train Loss: 0.33698 | Val Loss: 0.41309
Train Loss Components:
  |- loss_rot: 0.04163
  |- loss_pos: 0.06511
  |- fk_loss: 2.48643
  |- smoothness_loss: 0.16419
Val Loss Components:
  |- loss_rot: 0.04870
  |- loss_pos: 0.38184
  |- fk_loss: 2.63611
  |- smoothness_loss: 0.00957
LR: 5.000e-05
Hole frames in this epoch: [4, 16]

Epoch 129 | Train Loss: 0.33272 | Val Loss: 0.41255
Train Loss Components:
  |- loss_rot: 0.04429
  |- loss_pos: 0.12683
  |- fk_loss: 2.27028
  |- smoothness_loss: 0.15153
Val Loss Components:
  |- loss_rot: 0.04847
  |- loss_pos: 0.38190
  |- fk_loss: 2.62964
  |- smoothness_loss: 0.00651
LR: 5.000e-05
Hole frames in this epoch: [4, 16]

Epoch 130 | Train Loss: 0.33350 | Val Loss: 0.41189
Train Loss Components:
  |- loss_rot: 0.04942
  |- loss_pos: 0.30423
  |- fk_loss: 2.80369
  |- smoothness_loss: 0.10739
Val Loss Components:
  |- loss_rot: 0.04868
  |- loss_pos: 0.38221
  |- fk_loss: 2.62177
  |- smoothness_loss: 0.00644
LR: 5.000e-05
Hole frames in this epoch: [4, 16]

Epoch 131 | Train Loss: 0.32953 | Val Loss: 0.41283
Train Loss Components:
  |- loss_rot: 0.04830
  |- loss_pos: 0.22854
  |- fk_loss: 2.44598
  |- smoothness_loss: 0.10807
Val Loss Components:
  |- loss_rot: 0.04869
  |- loss_pos: 0.38179
  |- fk_loss: 2.64089
  |- smoothness_loss: 0.00951
LR: 5.000e-05
Hole frames in this epoch: [4, 16]

Epoch 132 | Train Loss: 0.33660 | Val Loss: 0.41109
Train Loss Components:
  |- loss_rot: 0.04123
  |- loss_pos: 0.05271
  |- fk_loss: 1.94933
  |- smoothness_loss: 0.12259
Val Loss Components:
  |- loss_rot: 0.04855
  |- loss_pos: 0.38186
  |- fk_loss: 2.61215
  |- smoothness_loss: 0.00776
LR: 5.000e-05
Hole frames in this epoch: [4, 16]

Epoch 133 | Train Loss: 0.33808 | Val Loss: 0.41220
Train Loss Components:
  |- loss_rot: 0.04285
  |- loss_pos: 0.15530
  |- fk_loss: 2.19485
  |- smoothness_loss: 0.10842
Val Loss Components:
  |- loss_rot: 0.04840
  |- loss_pos: 0.38185
  |- fk_loss: 2.63222
  |- smoothness_loss: 0.00661
LR: 5.000e-05
Hole frames in this epoch: [4, 16]

Epoch 134 | Train Loss: 0.33388 | Val Loss: 0.41057
Train Loss Components:
  |- loss_rot: 0.04195
  |- loss_pos: 0.09283
  |- fk_loss: 2.34945
  |- smoothness_loss: 0.14428
Val Loss Components:
  |- loss_rot: 0.04832
  |- loss_pos: 0.38200
  |- fk_loss: 2.60695
  |- smoothness_loss: 0.00643
LR: 5.000e-05
Hole frames in this epoch: [4, 16]

Epoch 135 | Train Loss: 0.32853 | Val Loss: 0.41039
Train Loss Components:
  |- loss_rot: 0.04773
  |- loss_pos: 0.24972
  |- fk_loss: 2.65411
  |- smoothness_loss: 0.12707
Val Loss Components:
  |- loss_rot: 0.04822
  |- loss_pos: 0.38182
  |- fk_loss: 2.60256
  |- smoothness_loss: 0.00647
LR: 5.000e-05
Hole frames in this epoch: [4, 16]

Epoch 136 | Train Loss: 0.33813 | Val Loss: 0.40994
Train Loss Components:
  |- loss_rot: 0.04097
  |- loss_pos: 0.07535
  |- fk_loss: 2.14654
  |- smoothness_loss: 0.13278
Val Loss Components:
  |- loss_rot: 0.04806
  |- loss_pos: 0.38188
  |- fk_loss: 2.59804
  |- smoothness_loss: 0.00720
LR: 5.000e-05
Hole frames in this epoch: [4, 16]

Epoch 137 | Train Loss: 0.34683 | Val Loss: 0.41131
Train Loss Components:
  |- loss_rot: 0.04479
  |- loss_pos: 0.19292
  |- fk_loss: 2.35539
  |- smoothness_loss: 0.13377
Val Loss Components:
  |- loss_rot: 0.04827
  |- loss_pos: 0.38187
  |- fk_loss: 2.62951
  |- smoothness_loss: 0.00647
LR: 5.000e-05
Hole frames in this epoch: [4, 16]

Epoch 138 | Train Loss: 0.32855 | Val Loss: 0.40965
Train Loss Components:
  |- loss_rot: 0.04831
  |- loss_pos: 0.28091
  |- fk_loss: 2.56522
  |- smoothness_loss: 0.11566
Val Loss Components:
  |- loss_rot: 0.04812
  |- loss_pos: 0.38191
  |- fk_loss: 2.59721
  |- smoothness_loss: 0.00643
LR: 5.000e-05
Hole frames in this epoch: [4, 16]

Epoch 139 | Train Loss: 0.33048 | Val Loss: 0.41004
Train Loss Components:
  |- loss_rot: 0.04314
  |- loss_pos: 0.11301
  |- fk_loss: 2.20663
  |- smoothness_loss: 0.11247
Val Loss Components:
  |- loss_rot: 0.04815
  |- loss_pos: 0.38184
  |- fk_loss: 2.61306
  |- smoothness_loss: 0.01105
LR: 5.000e-05
Hole frames in this epoch: [4, 16]

Epoch 140 | Train Loss: 0.34034 | Val Loss: 0.40948
Train Loss Components:
  |- loss_rot: 0.04386
  |- loss_pos: 0.15311
  |- fk_loss: 2.24554
  |- smoothness_loss: 0.24848
Val Loss Components:
  |- loss_rot: 0.04782
  |- loss_pos: 0.38188
  |- fk_loss: 2.60381
  |- smoothness_loss: 0.00670
LR: 5.000e-05
Hole frames in this epoch: [4, 16]

Epoch 141 | Train Loss: 0.33732 | Val Loss: 0.40964
Train Loss Components:
  |- loss_rot: 0.04791
  |- loss_pos: 0.30652
  |- fk_loss: 3.02747
  |- smoothness_loss: 0.10233
Val Loss Components:
  |- loss_rot: 0.04782
  |- loss_pos: 0.38208
  |- fk_loss: 2.60554
  |- smoothness_loss: 0.00667
LR: 5.000e-05
Hole frames in this epoch: [4, 16]

Epoch 142 | Train Loss: 0.33191 | Val Loss: 0.40973
Train Loss Components:
  |- loss_rot: 0.04915
  |- loss_pos: 0.31564
  |- fk_loss: 2.75277
  |- smoothness_loss: 0.11152
Val Loss Components:
  |- loss_rot: 0.04810
  |- loss_pos: 0.38178
  |- fk_loss: 2.59399
  |- smoothness_loss: 0.00917
LR: 5.000e-05
Hole frames in this epoch: [4, 16]

Epoch 143 | Train Loss: 0.33174 | Val Loss: 0.41050
Train Loss Components:
  |- loss_rot: 0.04324
  |- loss_pos: 0.07327
  |- fk_loss: 2.16727
  |- smoothness_loss: 0.12907
Val Loss Components:
  |- loss_rot: 0.04823
  |- loss_pos: 0.38191
  |- fk_loss: 2.62440
  |- smoothness_loss: 0.00653
LR: 5.000e-05
Hole frames in this epoch: [4, 16]

Epoch 144 | Train Loss: 0.33576 | Val Loss: 0.40866
Train Loss Components:
  |- loss_rot: 0.04874
  |- loss_pos: 0.21720
  |- fk_loss: 2.61320
  |- smoothness_loss: 0.11329
Val Loss Components:
  |- loss_rot: 0.04810
  |- loss_pos: 0.38178
  |- fk_loss: 2.60265
  |- smoothness_loss: 0.00658
LR: 5.000e-05
Hole frames in this epoch: [4, 16]

Epoch 145 | Train Loss: 0.32389 | Val Loss: 0.40979
Train Loss Components:
  |- loss_rot: 0.04246
  |- loss_pos: 0.09621
  |- fk_loss: 2.54926
  |- smoothness_loss: 0.16326
Val Loss Components:
  |- loss_rot: 0.04810
  |- loss_pos: 0.38194
  |- fk_loss: 2.61986
  |- smoothness_loss: 0.00676
LR: 5.000e-05
Hole frames in this epoch: [4, 16]

Epoch 146 | Train Loss: 0.32668 | Val Loss: 0.40767
Train Loss Components:
  |- loss_rot: 0.04193
  |- loss_pos: 0.06533
  |- fk_loss: 2.11499
  |- smoothness_loss: 0.12021
Val Loss Components:
  |- loss_rot: 0.04821
  |- loss_pos: 0.38193
  |- fk_loss: 2.57238
  |- smoothness_loss: 0.00665
LR: 5.000e-05
Hole frames in this epoch: [4, 16]

Epoch 147 | Train Loss: 0.33644 | Val Loss: 0.40956
Train Loss Components:
  |- loss_rot: 0.04507
  |- loss_pos: 0.16961
  |- fk_loss: 2.24964
  |- smoothness_loss: 0.17502
Val Loss Components:
  |- loss_rot: 0.04828
  |- loss_pos: 0.38185
  |- fk_loss: 2.61682
  |- smoothness_loss: 0.00779
LR: 5.000e-05
Hole frames in this epoch: [4, 16]

Epoch 148 | Train Loss: 0.33383 | Val Loss: 0.40735
Train Loss Components:
  |- loss_rot: 0.04676
  |- loss_pos: 0.25876
  |- fk_loss: 2.62711
  |- smoothness_loss: 0.11050
Val Loss Components:
  |- loss_rot: 0.04817
  |- loss_pos: 0.38183
  |- fk_loss: 2.58378
  |- smoothness_loss: 0.00921
LR: 5.000e-05
Hole frames in this epoch: [4, 16]

Epoch 149 | Train Loss: 0.33518 | Val Loss: 0.40771
Train Loss Components:
  |- loss_rot: 0.04390
  |- loss_pos: 0.10774
  |- fk_loss: 2.26403
  |- smoothness_loss: 0.20306
Val Loss Components:
  |- loss_rot: 0.04814
  |- loss_pos: 0.38189
  |- fk_loss: 2.59807
  |- smoothness_loss: 0.00747
LR: 5.000e-05
Hole frames in this epoch: [4, 16]

Epoch 150 | Train Loss: 0.33754 | Val Loss: 0.40732
Train Loss Components:
  |- loss_rot: 0.04883
  |- loss_pos: 0.22161
  |- fk_loss: 2.69858
  |- smoothness_loss: 0.11838
Val Loss Components:
  |- loss_rot: 0.04818
  |- loss_pos: 0.38193
  |- fk_loss: 2.58884
  |- smoothness_loss: 0.00900
LR: 5.000e-05
Hole frames in this epoch: [4, 16]

Epoch 151 | Train Loss: 0.33220 | Val Loss: 0.40865
Train Loss Components:
  |- loss_rot: 0.04605
  |- loss_pos: 0.26762
  |- fk_loss: 2.51894
  |- smoothness_loss: 0.12859
Val Loss Components:
  |- loss_rot: 0.04850
  |- loss_pos: 0.38186
  |- fk_loss: 2.59714
  |- smoothness_loss: 0.00662
LR: 5.000e-05
Hole frames in this epoch: [4, 16]

Epoch 152 | Train Loss: 0.33936 | Val Loss: 0.40696
Train Loss Components:
  |- loss_rot: 0.04966
  |- loss_pos: 0.36334
  |- fk_loss: 2.86613
  |- smoothness_loss: 0.11369
Val Loss Components:
  |- loss_rot: 0.04825
  |- loss_pos: 0.38189
  |- fk_loss: 2.57069
  |- smoothness_loss: 0.00667
LR: 5.000e-05
Hole frames in this epoch: [4, 16]

Epoch 153 | Train Loss: 0.32838 | Val Loss: 0.40755
Train Loss Components:
  |- loss_rot: 0.04872
  |- loss_pos: 0.31063
  |- fk_loss: 2.91452
  |- smoothness_loss: 0.11805
Val Loss Components:
  |- loss_rot: 0.04846
  |- loss_pos: 0.38179
  |- fk_loss: 2.60703
  |- smoothness_loss: 0.04914
LR: 5.000e-05
Hole frames in this epoch: [4, 16]

Epoch 154 | Train Loss: 0.32222 | Val Loss: 0.40593
Train Loss Components:
  |- loss_rot: 0.04891
  |- loss_pos: 0.44029
  |- fk_loss: 2.86516
  |- smoothness_loss: 0.12209
Val Loss Components:
  |- loss_rot: 0.04820
  |- loss_pos: 0.38190
  |- fk_loss: 2.56870
  |- smoothness_loss: 0.00675
LR: 5.000e-05
Hole frames in this epoch: [4, 16]

Epoch 155 | Train Loss: 0.33740 | Val Loss: 0.40605
Train Loss Components:
  |- loss_rot: 0.04251
  |- loss_pos: 0.11490
  |- fk_loss: 2.19610
  |- smoothness_loss: 0.15717
Val Loss Components:
  |- loss_rot: 0.04859
  |- loss_pos: 0.38183
  |- fk_loss: 2.57278
  |- smoothness_loss: 0.01095
LR: 5.000e-05
Hole frames in this epoch: [4, 16]

Epoch 156 | Train Loss: 0.32257 | Val Loss: 0.40561
Train Loss Components:
  |- loss_rot: 0.04523
  |- loss_pos: 0.17119
  |- fk_loss: 2.33818
  |- smoothness_loss: 0.13047
Val Loss Components:
  |- loss_rot: 0.04845
  |- loss_pos: 0.38184
  |- fk_loss: 2.56600
  |- smoothness_loss: 0.00664
LR: 5.000e-05
Hole frames in this epoch: [4, 16]

Epoch 157 | Train Loss: 0.33296 | Val Loss: 0.40789
Train Loss Components:
  |- loss_rot: 0.04293
  |- loss_pos: 0.12651
  |- fk_loss: 2.13516
  |- smoothness_loss: 0.11902
Val Loss Components:
  |- loss_rot: 0.04844
  |- loss_pos: 0.38180
  |- fk_loss: 2.56929
  |- smoothness_loss: 0.00661
LR: 5.000e-05
Hole frames in this epoch: [4, 16]

Epoch 158 | Train Loss: 0.33347 | Val Loss: 0.40570
Train Loss Components:
  |- loss_rot: 0.04575
  |- loss_pos: 0.18403
  |- fk_loss: 2.19237
  |- smoothness_loss: 0.11581
Val Loss Components:
  |- loss_rot: 0.04837
  |- loss_pos: 0.38184
  |- fk_loss: 2.58445
  |- smoothness_loss: 0.00660
LR: 5.000e-05
Hole frames in this epoch: [4, 16]

Epoch 159 | Train Loss: 0.33179 | Val Loss: 0.40485
Train Loss Components:
  |- loss_rot: 0.04957
  |- loss_pos: 0.31431
  |- fk_loss: 2.93894
  |- smoothness_loss: 0.10847
Val Loss Components:
  |- loss_rot: 0.04840
  |- loss_pos: 0.38182
  |- fk_loss: 2.55105
  |- smoothness_loss: 0.03057
LR: 5.000e-05
Hole frames in this epoch: [4, 16]

Epoch 160 | Train Loss: 0.32913 | Val Loss: 0.40516
Train Loss Components:
  |- loss_rot: 0.04173
  |- loss_pos: 0.04643
  |- fk_loss: 2.02893
  |- smoothness_loss: 0.11085
Val Loss Components:
  |- loss_rot: 0.04829
  |- loss_pos: 0.38179
  |- fk_loss: 2.57173
  |- smoothness_loss: 0.00677
LR: 5.000e-05
Hole frames in this epoch: [4, 16]

Epoch 161 | Train Loss: 0.33264 | Val Loss: 0.40573
Train Loss Components:
  |- loss_rot: 0.04314
  |- loss_pos: 0.11706
  |- fk_loss: 2.21924
  |- smoothness_loss: 0.13681
Val Loss Components:
  |- loss_rot: 0.04827
  |- loss_pos: 0.38181
  |- fk_loss: 2.58113
  |- smoothness_loss: 0.01166
LR: 5.000e-05
Hole frames in this epoch: [4, 16]

Epoch 162 | Train Loss: 0.32986 | Val Loss: 0.40571
Train Loss Components:
  |- loss_rot: 0.04656
  |- loss_pos: 0.21530
  |- fk_loss: 2.53984
  |- smoothness_loss: 0.09745
Val Loss Components:
  |- loss_rot: 0.04852
  |- loss_pos: 0.38188
  |- fk_loss: 2.57893
  |- smoothness_loss: 0.00665
LR: 5.000e-05
Hole frames in this epoch: [4, 16]

Epoch 163 | Train Loss: 0.32741 | Val Loss: 0.40422
Train Loss Components:
  |- loss_rot: 0.04307
  |- loss_pos: 0.10382
  |- fk_loss: 2.07836
  |- smoothness_loss: 0.09905
Val Loss Components:
  |- loss_rot: 0.04834
  |- loss_pos: 0.38183
  |- fk_loss: 2.54586
  |- smoothness_loss: 0.00920
LR: 5.000e-05
Hole frames in this epoch: [4, 16]

Epoch 164 | Train Loss: 0.32774 | Val Loss: 0.40412
Train Loss Components:
  |- loss_rot: 0.04224
  |- loss_pos: 0.11980
  |- fk_loss: 2.09073
  |- smoothness_loss: 0.10393
Val Loss Components:
  |- loss_rot: 0.04803
  |- loss_pos: 0.38182
  |- fk_loss: 2.54545
  |- smoothness_loss: 0.01413
LR: 5.000e-05
Hole frames in this epoch: [4, 16]

Epoch 165 | Train Loss: 0.32106 | Val Loss: 0.40348
Train Loss Components:
  |- loss_rot: 0.04517
  |- loss_pos: 0.11708
  |- fk_loss: 2.07439
  |- smoothness_loss: 0.08708
Val Loss Components:
  |- loss_rot: 0.04809
  |- loss_pos: 0.38182
  |- fk_loss: 2.54208
  |- smoothness_loss: 0.00666
LR: 5.000e-05
Hole frames in this epoch: [4, 16]

Epoch 166 | Train Loss: 0.33096 | Val Loss: 0.40442
Train Loss Components:
  |- loss_rot: 0.04292
  |- loss_pos: 0.11033
  |- fk_loss: 1.95700
  |- smoothness_loss: 0.11269
Val Loss Components:
  |- loss_rot: 0.04842
  |- loss_pos: 0.38192
  |- fk_loss: 2.56482
  |- smoothness_loss: 0.00663
LR: 5.000e-05
Hole frames in this epoch: [4, 16]

Epoch 167 | Train Loss: 0.32130 | Val Loss: 0.40395
Train Loss Components:
  |- loss_rot: 0.04085
  |- loss_pos: 0.04932
  |- fk_loss: 2.18022
  |- smoothness_loss: 0.10598
Val Loss Components:
  |- loss_rot: 0.04822
  |- loss_pos: 0.38183
  |- fk_loss: 2.56149
  |- smoothness_loss: 0.00659
LR: 5.000e-05
Hole frames in this epoch: [4, 16]

Epoch 168 | Train Loss: 0.31602 | Val Loss: 0.40315
Train Loss Components:
  |- loss_rot: 0.04927
  |- loss_pos: 0.32778
  |- fk_loss: 2.76177
  |- smoothness_loss: 0.09990
Val Loss Components:
  |- loss_rot: 0.04837
  |- loss_pos: 0.38191
  |- fk_loss: 2.53912
  |- smoothness_loss: 0.00661
LR: 5.000e-05
Hole frames in this epoch: [4, 16]

Epoch 169 | Train Loss: 0.33073 | Val Loss: 0.40283
Train Loss Components:
  |- loss_rot: 0.04910
  |- loss_pos: 0.19626
  |- fk_loss: 2.58036
  |- smoothness_loss: 0.09160
Val Loss Components:
  |- loss_rot: 0.04829
  |- loss_pos: 0.38180
  |- fk_loss: 2.53829
  |- smoothness_loss: 0.00846
LR: 5.000e-05
Hole frames in this epoch: [4, 16]

Epoch 170 | Train Loss: 0.33203 | Val Loss: 0.40286
Train Loss Components:
  |- loss_rot: 0.05029
  |- loss_pos: 0.31100
  |- fk_loss: 2.76570
  |- smoothness_loss: 0.11318
Val Loss Components:
  |- loss_rot: 0.04842
  |- loss_pos: 0.38183
  |- fk_loss: 2.54111
  |- smoothness_loss: 0.00658
LR: 5.000e-05
Hole frames in this epoch: [4, 16]

Epoch 171 | Train Loss: 0.32123 | Val Loss: 0.40398
Train Loss Components:
  |- loss_rot: 0.04689
  |- loss_pos: 0.16837
  |- fk_loss: 2.17699
  |- smoothness_loss: 0.08310
Val Loss Components:
  |- loss_rot: 0.04844
  |- loss_pos: 0.38189
  |- fk_loss: 2.57247
  |- smoothness_loss: 0.00670
LR: 5.000e-05
Hole frames in this epoch: [4, 16]

Epoch 172 | Train Loss: 0.34148 | Val Loss: 0.40386
Train Loss Components:
  |- loss_rot: 0.04792
  |- loss_pos: 0.23425
  |- fk_loss: 2.68050
  |- smoothness_loss: 0.09128
Val Loss Components:
  |- loss_rot: 0.04824
  |- loss_pos: 0.38199
  |- fk_loss: 2.55604
  |- smoothness_loss: 0.00660
LR: 5.000e-05
Hole frames in this epoch: [4, 16]

Epoch 173 | Train Loss: 0.32522 | Val Loss: 0.40323
Train Loss Components:
  |- loss_rot: 0.04307
  |- loss_pos: 0.13443
  |- fk_loss: 2.12282
  |- smoothness_loss: 0.10788
Val Loss Components:
  |- loss_rot: 0.04839
  |- loss_pos: 0.38206
  |- fk_loss: 2.55883
  |- smoothness_loss: 0.00661
LR: 5.000e-05
Hole frames in this epoch: [4, 16]

Epoch 174 | Train Loss: 0.32247 | Val Loss: 0.40187
Train Loss Components:
  |- loss_rot: 0.04390
  |- loss_pos: 0.09184
  |- fk_loss: 2.27725
  |- smoothness_loss: 0.11522
Val Loss Components:
  |- loss_rot: 0.04821
  |- loss_pos: 0.38182
  |- fk_loss: 2.52884
  |- smoothness_loss: 0.00663
LR: 5.000e-05
Hole frames in this epoch: [4, 16]

Epoch 175 | Train Loss: 0.32192 | Val Loss: 0.40237
Train Loss Components:
  |- loss_rot: 0.04742
  |- loss_pos: 0.35972
  |- fk_loss: 2.70629
  |- smoothness_loss: 0.10432
Val Loss Components:
  |- loss_rot: 0.04829
  |- loss_pos: 0.38196
  |- fk_loss: 2.54927
  |- smoothness_loss: 0.00767
LR: 5.000e-05
Hole frames in this epoch: [4, 16]

Epoch 176 | Train Loss: 0.32384 | Val Loss: 0.40136
Train Loss Components:
  |- loss_rot: 0.04631
  |- loss_pos: 0.26649
  |- fk_loss: 2.75114
  |- smoothness_loss: 0.09356
Val Loss Components:
  |- loss_rot: 0.04785
  |- loss_pos: 0.38183
  |- fk_loss: 2.53108
  |- smoothness_loss: 0.01019
LR: 5.000e-05
Hole frames in this epoch: [4, 16]

Epoch 177 | Train Loss: 0.32268 | Val Loss: 0.40174
Train Loss Components:
  |- loss_rot: 0.04455
  |- loss_pos: 0.15833
  |- fk_loss: 2.32193
  |- smoothness_loss: 0.10573
Val Loss Components:
  |- loss_rot: 0.04807
  |- loss_pos: 0.38183
  |- fk_loss: 2.54211
  |- smoothness_loss: 0.02168
LR: 5.000e-05
Hole frames in this epoch: [4, 16]

Epoch 178 | Train Loss: 0.32854 | Val Loss: 0.40156
Train Loss Components:
  |- loss_rot: 0.04405
  |- loss_pos: 0.12543
  |- fk_loss: 2.01772
  |- smoothness_loss: 0.10226
Val Loss Components:
  |- loss_rot: 0.04811
  |- loss_pos: 0.38184
  |- fk_loss: 2.51463
  |- smoothness_loss: 0.04116
LR: 5.000e-05
Hole frames in this epoch: [4, 16]

Epoch 179 | Train Loss: 0.31972 | Val Loss: 0.40086
Train Loss Components:
  |- loss_rot: 0.04182
  |- loss_pos: 0.10126
  |- fk_loss: 2.02512
  |- smoothness_loss: 0.12285
Val Loss Components:
  |- loss_rot: 0.04819
  |- loss_pos: 0.38190
  |- fk_loss: 2.52050
  |- smoothness_loss: 0.00661
LR: 5.000e-05
Hole frames in this epoch: [4, 16]

Epoch 180 | Train Loss: 0.31832 | Val Loss: 0.40088
Train Loss Components:
  |- loss_rot: 0.04183
  |- loss_pos: 0.14340
  |- fk_loss: 1.91186
  |- smoothness_loss: 0.08714
Val Loss Components:
  |- loss_rot: 0.04805
  |- loss_pos: 0.38189
  |- fk_loss: 2.52374
  |- smoothness_loss: 0.00660
LR: 5.000e-05
Hole frames in this epoch: [4, 16]

Epoch 181 | Train Loss: 0.32281 | Val Loss: 0.40090
Train Loss Components:
  |- loss_rot: 0.05059
  |- loss_pos: 0.30696
  |- fk_loss: 3.01966
  |- smoothness_loss: 0.09357
Val Loss Components:
  |- loss_rot: 0.04785
  |- loss_pos: 0.38178
  |- fk_loss: 2.52343
  |- smoothness_loss: 0.03415
LR: 5.000e-05
Hole frames in this epoch: [4, 16]

Epoch 182 | Train Loss: 0.32794 | Val Loss: 0.40153
Train Loss Components:
  |- loss_rot: 0.05002
  |- loss_pos: 0.45329
  |- fk_loss: 3.06067
  |- smoothness_loss: 0.09858
Val Loss Components:
  |- loss_rot: 0.04787
  |- loss_pos: 0.38188
  |- fk_loss: 2.54805
  |- smoothness_loss: 0.00665
LR: 5.000e-05
Hole frames in this epoch: [4, 16]

Epoch 183 | Train Loss: 0.32598 | Val Loss: 0.40192
Train Loss Components:
  |- loss_rot: 0.04179
  |- loss_pos: 0.12616
  |- fk_loss: 2.17899
  |- smoothness_loss: 0.08002
Val Loss Components:
  |- loss_rot: 0.04813
  |- loss_pos: 0.38180
  |- fk_loss: 2.55567
  |- smoothness_loss: 0.00786
LR: 5.000e-05
Hole frames in this epoch: [4, 16]

Epoch 184 | Train Loss: 0.32275 | Val Loss: 0.40068
Train Loss Components:
  |- loss_rot: 0.04595
  |- loss_pos: 0.15184
  |- fk_loss: 2.19745
  |- smoothness_loss: 0.11900
Val Loss Components:
  |- loss_rot: 0.04847
  |- loss_pos: 0.38188
  |- fk_loss: 2.53131
  |- smoothness_loss: 0.00666
LR: 5.000e-05
Hole frames in this epoch: [4, 16]

Epoch 185 | Train Loss: 0.31433 | Val Loss: 0.39995
Train Loss Components:
  |- loss_rot: 0.04569
  |- loss_pos: 0.25215
  |- fk_loss: 2.34874
  |- smoothness_loss: 0.12240
Val Loss Components:
  |- loss_rot: 0.04824
  |- loss_pos: 0.38217
  |- fk_loss: 2.51088
  |- smoothness_loss: 0.04514
LR: 5.000e-05
Hole frames in this epoch: [4, 16]

Epoch 186 | Train Loss: 0.32763 | Val Loss: 0.40044
Train Loss Components:
  |- loss_rot: 0.04138
  |- loss_pos: 0.07635
  |- fk_loss: 2.07007
  |- smoothness_loss: 0.09571
Val Loss Components:
  |- loss_rot: 0.04831
  |- loss_pos: 0.38180
  |- fk_loss: 2.52782
  |- smoothness_loss: 0.00671
LR: 5.000e-05
Hole frames in this epoch: [4, 16]

Epoch 187 | Train Loss: 0.31921 | Val Loss: 0.39959
Train Loss Components:
  |- loss_rot: 0.04359
  |- loss_pos: 0.11249
  |- fk_loss: 2.15954
  |- smoothness_loss: 0.09832
Val Loss Components:
  |- loss_rot: 0.04839
  |- loss_pos: 0.38181
  |- fk_loss: 2.51754
  |- smoothness_loss: 0.00795
LR: 5.000e-05
Hole frames in this epoch: [4, 16]

Epoch 188 | Train Loss: 0.31846 | Val Loss: 0.40094
Train Loss Components:
  |- loss_rot: 0.04116
  |- loss_pos: 0.05045
  |- fk_loss: 1.89369
  |- smoothness_loss: 0.09433
Val Loss Components:
  |- loss_rot: 0.04856
  |- loss_pos: 0.38186
  |- fk_loss: 2.54155
  |- smoothness_loss: 0.00674
LR: 5.000e-05
Hole frames in this epoch: [4, 16]

Epoch 189 | Train Loss: 0.32535 | Val Loss: 0.39916
Train Loss Components:
  |- loss_rot: 0.04708
  |- loss_pos: 0.17374
  |- fk_loss: 2.49960
  |- smoothness_loss: 0.09241
Val Loss Components:
  |- loss_rot: 0.04828
  |- loss_pos: 0.38181
  |- fk_loss: 2.50851
  |- smoothness_loss: 0.00667
LR: 5.000e-05
Hole frames in this epoch: [4, 16]

Epoch 190 | Train Loss: 0.32709 | Val Loss: 0.39856
Train Loss Components:
  |- loss_rot: 0.04569
  |- loss_pos: 0.19079
  |- fk_loss: 2.10420
  |- smoothness_loss: 0.10544
Val Loss Components:
  |- loss_rot: 0.04836
  |- loss_pos: 0.38181
  |- fk_loss: 2.49953
  |- smoothness_loss: 0.00674
LR: 5.000e-05
Hole frames in this epoch: [4, 16]

Epoch 191 | Train Loss: 0.32376 | Val Loss: 0.39920
Train Loss Components:
  |- loss_rot: 0.04676
  |- loss_pos: 0.27854
  |- fk_loss: 2.55016
  |- smoothness_loss: 0.08703
Val Loss Components:
  |- loss_rot: 0.04811
  |- loss_pos: 0.38189
  |- fk_loss: 2.51242
  |- smoothness_loss: 0.00661
LR: 5.000e-05
Hole frames in this epoch: [4, 16]

Epoch 192 | Train Loss: 0.32354 | Val Loss: 0.39869
Train Loss Components:
  |- loss_rot: 0.04822
  |- loss_pos: 0.31805
  |- fk_loss: 2.55045
  |- smoothness_loss: 0.08472
Val Loss Components:
  |- loss_rot: 0.04818
  |- loss_pos: 0.38180
  |- fk_loss: 2.51128
  |- smoothness_loss: 0.00671
LR: 5.000e-05
Hole frames in this epoch: [4, 16]

Epoch 193 | Train Loss: 0.32928 | Val Loss: 0.39847
Train Loss Components:
  |- loss_rot: 0.04203
  |- loss_pos: 0.11831
  |- fk_loss: 2.05802
  |- smoothness_loss: 0.12189
Val Loss Components:
  |- loss_rot: 0.04781
  |- loss_pos: 0.38194
  |- fk_loss: 2.49304
  |- smoothness_loss: 0.00661
LR: 5.000e-05
Hole frames in this epoch: [4, 16]

Epoch 194 | Train Loss: 0.33800 | Val Loss: 0.39826
Train Loss Components:
  |- loss_rot: 0.04185
  |- loss_pos: 0.09560
  |- fk_loss: 1.95836
  |- smoothness_loss: 0.10126
Val Loss Components:
  |- loss_rot: 0.04802
  |- loss_pos: 0.38203
  |- fk_loss: 2.51323
  |- smoothness_loss: 0.00675
LR: 5.000e-05
Hole frames in this epoch: [4, 16]

Epoch 195 | Train Loss: 0.31480 | Val Loss: 0.39774
Train Loss Components:
  |- loss_rot: 0.04678
  |- loss_pos: 0.19461
  |- fk_loss: 2.26290
  |- smoothness_loss: 0.09802
Val Loss Components:
  |- loss_rot: 0.04776
  |- loss_pos: 0.38191
  |- fk_loss: 2.50176
  |- smoothness_loss: 0.00663
LR: 5.000e-05
Hole frames in this epoch: [4, 16]

Epoch 196 | Train Loss: 0.63239 | Val Loss: 0.39873
Train Loss Components:
  |- loss_rot: 0.04478
  |- loss_pos: 0.18866
  |- fk_loss: 2.22749
  |- smoothness_loss: 0.25429
Val Loss Components:
  |- loss_rot: 0.04842
  |- loss_pos: 0.38184
  |- fk_loss: 2.50924
  |- smoothness_loss: 0.01092
LR: 5.000e-05
Hole frames in this epoch: [4, 16]

Epoch 197 | Train Loss: 0.34091 | Val Loss: 0.39847
Train Loss Components:
  |- loss_rot: 0.04295
  |- loss_pos: 0.14578
  |- fk_loss: 2.11883
  |- smoothness_loss: 0.18511
Val Loss Components:
  |- loss_rot: 0.04775
  |- loss_pos: 0.38196
  |- fk_loss: 2.50811
  |- smoothness_loss: 0.00676
LR: 5.000e-05
Hole frames in this epoch: [4, 16]

Epoch 198 | Train Loss: 0.32616 | Val Loss: 0.39779
Train Loss Components:
  |- loss_rot: 0.04663
  |- loss_pos: 0.24338
  |- fk_loss: 2.32069
  |- smoothness_loss: 0.14240
Val Loss Components:
  |- loss_rot: 0.04722
  |- loss_pos: 0.38183
  |- fk_loss: 2.50951
  |- smoothness_loss: 0.00662
LR: 5.000e-05
Hole frames in this epoch: [4, 16]

Epoch 199 | Train Loss: 0.31191 | Val Loss: 0.39756
Train Loss Components:
  |- loss_rot: 0.04037
  |- loss_pos: 0.04152
  |- fk_loss: 2.02029
  |- smoothness_loss: 0.11510
Val Loss Components:
  |- loss_rot: 0.04729
  |- loss_pos: 0.38198
  |- fk_loss: 2.50316
  |- smoothness_loss: 0.00676
LR: 5.000e-05
Hole frames in this epoch: [4, 16]

Epoch 200 | Train Loss: 0.31632 | Val Loss: 0.39704
Train Loss Components:
  |- loss_rot: 0.04649
  |- loss_pos: 0.24545
  |- fk_loss: 2.44517
  |- smoothness_loss: 0.10998
Val Loss Components:
  |- loss_rot: 0.04707
  |- loss_pos: 0.38195
  |- fk_loss: 2.50275
  |- smoothness_loss: 0.00663
LR: 5.000e-05
Hole frames in this epoch: [4, 16]

Epoch 201 | Train Loss: 0.32156 | Val Loss: 0.39819
Train Loss Components:
  |- loss_rot: 0.04040
  |- loss_pos: 0.08073
  |- fk_loss: 1.91327
  |- smoothness_loss: 0.14629
Val Loss Components:
  |- loss_rot: 0.04729
  |- loss_pos: 0.38195
  |- fk_loss: 2.51511
  |- smoothness_loss: 0.01405
LR: 5.000e-05
Hole frames in this epoch: [4, 16]

Epoch 202 | Train Loss: 0.30841 | Val Loss: 0.39749
Train Loss Components:
  |- loss_rot: 0.04087
  |- loss_pos: 0.06156
  |- fk_loss: 1.95698
  |- smoothness_loss: 0.10178
Val Loss Components:
  |- loss_rot: 0.04716
  |- loss_pos: 0.38188
  |- fk_loss: 2.49772
  |- smoothness_loss: 0.00709
LR: 5.000e-05
Hole frames in this epoch: [4, 16]

Epoch 203 | Train Loss: 0.31733 | Val Loss: 0.39657
Train Loss Components:
  |- loss_rot: 0.04376
  |- loss_pos: 0.14111
  |- fk_loss: 2.22857
  |- smoothness_loss: 0.08749
Val Loss Components:
  |- loss_rot: 0.04722
  |- loss_pos: 0.38190
  |- fk_loss: 2.50005
  |- smoothness_loss: 0.00662
LR: 5.000e-05
Hole frames in this epoch: [4, 16]

Epoch 204 | Train Loss: 0.31593 | Val Loss: 0.39710
Train Loss Components:
  |- loss_rot: 0.04809
  |- loss_pos: 0.30691
  |- fk_loss: 2.80246
  |- smoothness_loss: 0.08839
Val Loss Components:
  |- loss_rot: 0.04738
  |- loss_pos: 0.38196
  |- fk_loss: 2.51213
  |- smoothness_loss: 0.00662
LR: 5.000e-05
Hole frames in this epoch: [4, 16]

Epoch 205 | Train Loss: 0.32221 | Val Loss: 0.39550
Train Loss Components:
  |- loss_rot: 0.04249
  |- loss_pos: 0.13389
  |- fk_loss: 2.29437
  |- smoothness_loss: 0.12849
Val Loss Components:
  |- loss_rot: 0.04722
  |- loss_pos: 0.38199
  |- fk_loss: 2.48053
  |- smoothness_loss: 0.00881
LR: 5.000e-05
Hole frames in this epoch: [4, 16]

Epoch 206 | Train Loss: 0.30814 | Val Loss: 0.39627
Train Loss Components:
  |- loss_rot: 0.04067
  |- loss_pos: 0.06155
  |- fk_loss: 1.89992
  |- smoothness_loss: 0.11638
Val Loss Components:
  |- loss_rot: 0.04737
  |- loss_pos: 0.38192
  |- fk_loss: 2.50033
  |- smoothness_loss: 0.00742
LR: 5.000e-05
Hole frames in this epoch: [4, 16]

Epoch 207 | Train Loss: 0.32438 | Val Loss: 0.39603
Train Loss Components:
  |- loss_rot: 0.04605
  |- loss_pos: 0.26964
  |- fk_loss: 2.59483
  |- smoothness_loss: 0.10040
Val Loss Components:
  |- loss_rot: 0.04749
  |- loss_pos: 0.38193
  |- fk_loss: 2.49418
  |- smoothness_loss: 0.00667
LR: 5.000e-05
Hole frames in this epoch: [4, 16]

Epoch 208 | Train Loss: 0.30852 | Val Loss: 0.39536
Train Loss Components:
  |- loss_rot: 0.04249
  |- loss_pos: 0.11960
  |- fk_loss: 1.94004
  |- smoothness_loss: 0.16543
Val Loss Components:
  |- loss_rot: 0.04747
  |- loss_pos: 0.38195
  |- fk_loss: 2.48317
  |- smoothness_loss: 0.00662
LR: 5.000e-05
Hole frames in this epoch: [4, 16]

Epoch 209 | Train Loss: 0.31677 | Val Loss: 0.39514
Train Loss Components:
  |- loss_rot: 0.04556
  |- loss_pos: 0.20862
  |- fk_loss: 2.50635
  |- smoothness_loss: 0.08228
Val Loss Components:
  |- loss_rot: 0.04728
  |- loss_pos: 0.38183
  |- fk_loss: 2.48440
  |- smoothness_loss: 0.00817
LR: 5.000e-05
Hole frames in this epoch: [4, 16]

Epoch 210 | Train Loss: 0.31730 | Val Loss: 0.39471
Train Loss Components:
  |- loss_rot: 0.04371
  |- loss_pos: 0.14642
  |- fk_loss: 2.09041
  |- smoothness_loss: 0.09695
Val Loss Components:
  |- loss_rot: 0.04756
  |- loss_pos: 0.38188
  |- fk_loss: 2.46692
  |- smoothness_loss: 0.00667
LR: 5.000e-05
Hole frames in this epoch: [4, 16]

Epoch 211 | Train Loss: 0.31761 | Val Loss: 0.39555
Train Loss Components:
  |- loss_rot: 0.04311
  |- loss_pos: 0.13152
  |- fk_loss: 2.16546
  |- smoothness_loss: 0.09600
Val Loss Components:
  |- loss_rot: 0.04754
  |- loss_pos: 0.38187
  |- fk_loss: 2.49262
  |- smoothness_loss: 0.00663
LR: 5.000e-05
Hole frames in this epoch: [4, 16]

Epoch 212 | Train Loss: 0.32127 | Val Loss: 0.39439
Train Loss Components:
  |- loss_rot: 0.04872
  |- loss_pos: 0.37808
  |- fk_loss: 2.91646
  |- smoothness_loss: 0.08700
Val Loss Components:
  |- loss_rot: 0.04732
  |- loss_pos: 0.38194
  |- fk_loss: 2.47141
  |- smoothness_loss: 0.01023
LR: 5.000e-05
Hole frames in this epoch: [4, 16]

Epoch 213 | Train Loss: 0.31030 | Val Loss: 0.39448
Train Loss Components:
  |- loss_rot: 0.04401
  |- loss_pos: 0.17077
  |- fk_loss: 2.41251
  |- smoothness_loss: 0.08089
Val Loss Components:
  |- loss_rot: 0.04746
  |- loss_pos: 0.38190
  |- fk_loss: 2.47522
  |- smoothness_loss: 0.00662
LR: 5.000e-05
Hole frames in this epoch: [4, 16]

Epoch 214 | Train Loss: 0.30935 | Val Loss: 0.39404
Train Loss Components:
  |- loss_rot: 0.04806
  |- loss_pos: 0.23293
  |- fk_loss: 2.64706
  |- smoothness_loss: 0.08347
Val Loss Components:
  |- loss_rot: 0.04741
  |- loss_pos: 0.38189
  |- fk_loss: 2.46583
  |- smoothness_loss: 0.00661
LR: 5.000e-05
Hole frames in this epoch: [4, 16]

Epoch 215 | Train Loss: 0.31779 | Val Loss: 0.39401
Train Loss Components:
  |- loss_rot: 0.04919
  |- loss_pos: 0.28619
  |- fk_loss: 2.52237
  |- smoothness_loss: 0.07807
Val Loss Components:
  |- loss_rot: 0.04758
  |- loss_pos: 0.38180
  |- fk_loss: 2.47472
  |- smoothness_loss: 0.03964
LR: 5.000e-05
Hole frames in this epoch: [4, 16]

Epoch 216 | Train Loss: 0.31510 | Val Loss: 0.39391
Train Loss Components:
  |- loss_rot: 0.04619
  |- loss_pos: 0.24790
  |- fk_loss: 2.17366
  |- smoothness_loss: 0.07681
Val Loss Components:
  |- loss_rot: 0.04777
  |- loss_pos: 0.38188
  |- fk_loss: 2.46223
  |- smoothness_loss: 0.00664
LR: 5.000e-05
Hole frames in this epoch: [4, 16]

Epoch 217 | Train Loss: 0.32507 | Val Loss: 0.39375
Train Loss Components:
  |- loss_rot: 0.04287
  |- loss_pos: 0.18426
  |- fk_loss: 2.22652
  |- smoothness_loss: 0.07232
Val Loss Components:
  |- loss_rot: 0.04770
  |- loss_pos: 0.38183
  |- fk_loss: 2.46767
  |- smoothness_loss: 0.00664
LR: 5.000e-05
Hole frames in this epoch: [4, 16]

Epoch 218 | Train Loss: 0.31061 | Val Loss: 0.39328
Train Loss Components:
  |- loss_rot: 0.04573
  |- loss_pos: 0.16550
  |- fk_loss: 2.33974
  |- smoothness_loss: 0.07450
Val Loss Components:
  |- loss_rot: 0.04732
  |- loss_pos: 0.38178
  |- fk_loss: 2.46487
  |- smoothness_loss: 0.00666
LR: 5.000e-05
Hole frames in this epoch: [4, 16]

Epoch 219 | Train Loss: 0.32657 | Val Loss: 0.39477
Train Loss Components:
  |- loss_rot: 0.04893
  |- loss_pos: 0.40534
  |- fk_loss: 3.05655
  |- smoothness_loss: 0.08723
Val Loss Components:
  |- loss_rot: 0.04769
  |- loss_pos: 0.38187
  |- fk_loss: 2.49071
  |- smoothness_loss: 0.00663
LR: 5.000e-05
Hole frames in this epoch: [4, 16]

Epoch 220 | Train Loss: 0.32079 | Val Loss: 0.39387
Train Loss Components:
  |- loss_rot: 0.04697
  |- loss_pos: 0.36602
  |- fk_loss: 2.51605
  |- smoothness_loss: 0.10819
Val Loss Components:
  |- loss_rot: 0.04797
  |- loss_pos: 0.38204
  |- fk_loss: 2.47040
  |- smoothness_loss: 0.00667
LR: 5.000e-05
Hole frames in this epoch: [4, 16]

Epoch 221 | Train Loss: 0.31046 | Val Loss: 0.39292
Train Loss Components:
  |- loss_rot: 0.04356
  |- loss_pos: 0.23491
  |- fk_loss: 2.35512
  |- smoothness_loss: 0.10378
Val Loss Components:
  |- loss_rot: 0.04768
  |- loss_pos: 0.38180
  |- fk_loss: 2.44887
  |- smoothness_loss: 0.00665
LR: 5.000e-05
Hole frames in this epoch: [4, 16]

Epoch 222 | Train Loss: 0.31404 | Val Loss: 0.39338
Train Loss Components:
  |- loss_rot: 0.04144
  |- loss_pos: 0.07849
  |- fk_loss: 1.91523
  |- smoothness_loss: 0.13706
Val Loss Components:
  |- loss_rot: 0.04782
  |- loss_pos: 0.38182
  |- fk_loss: 2.46645
  |- smoothness_loss: 0.00695
LR: 5.000e-05
Hole frames in this epoch: [4, 16]

Epoch 223 | Train Loss: 0.31015 | Val Loss: 0.39377
Train Loss Components:
  |- loss_rot: 0.04744
  |- loss_pos: 0.29084
  |- fk_loss: 2.53903
  |- smoothness_loss: 0.07408
Val Loss Components:
  |- loss_rot: 0.04810
  |- loss_pos: 0.38181
  |- fk_loss: 2.47945
  |- smoothness_loss: 0.01031
LR: 5.000e-05
Hole frames in this epoch: [4, 16]

Epoch 224 | Train Loss: 0.31364 | Val Loss: 0.39283
Train Loss Components:
  |- loss_rot: 0.04710
  |- loss_pos: 0.29892
  |- fk_loss: 2.64083
  |- smoothness_loss: 0.08379
Val Loss Components:
  |- loss_rot: 0.04779
  |- loss_pos: 0.38194
  |- fk_loss: 2.45873
  |- smoothness_loss: 0.00666
LR: 5.000e-05
Hole frames in this epoch: [4, 16]

Epoch 225 | Train Loss: 0.31131 | Val Loss: 0.39365
Train Loss Components:
  |- loss_rot: 0.04439
  |- loss_pos: 0.19938
  |- fk_loss: 2.24832
  |- smoothness_loss: 0.07429
Val Loss Components:
  |- loss_rot: 0.04793
  |- loss_pos: 0.38199
  |- fk_loss: 2.47987
  |- smoothness_loss: 0.00827
LR: 5.000e-05
Hole frames in this epoch: [4, 16]

Epoch 226 | Train Loss: 0.30954 | Val Loss: 0.39178
Train Loss Components:
  |- loss_rot: 0.04572
  |- loss_pos: 0.20433
  |- fk_loss: 2.30144
  |- smoothness_loss: 0.06895
Val Loss Components:
  |- loss_rot: 0.04792
  |- loss_pos: 0.38205
  |- fk_loss: 2.43699
  |- smoothness_loss: 0.00667
LR: 5.000e-05
Hole frames in this epoch: [4, 16]

Epoch 227 | Train Loss: 0.31615 | Val Loss: 0.39170
Train Loss Components:
  |- loss_rot: 0.04125
  |- loss_pos: 0.04866
  |- fk_loss: 1.75659
  |- smoothness_loss: 0.07401
Val Loss Components:
  |- loss_rot: 0.04794
  |- loss_pos: 0.38192
  |- fk_loss: 2.44612
  |- smoothness_loss: 0.00675
LR: 5.000e-05
Hole frames in this epoch: [4, 16]

Epoch 228 | Train Loss: 0.31510 | Val Loss: 0.39161
Train Loss Components:
  |- loss_rot: 0.04669
  |- loss_pos: 0.28160
  |- fk_loss: 2.01218
  |- smoothness_loss: 0.07811
Val Loss Components:
  |- loss_rot: 0.04801
  |- loss_pos: 0.38193
  |- fk_loss: 2.44031
  |- smoothness_loss: 0.00664
LR: 5.000e-05
Hole frames in this epoch: [4, 16]

Epoch 229 | Train Loss: 0.31919 | Val Loss: 0.39135
Train Loss Components:
  |- loss_rot: 0.04616
  |- loss_pos: 0.28278
  |- fk_loss: 2.22147
  |- smoothness_loss: 0.07248
Val Loss Components:
  |- loss_rot: 0.04807
  |- loss_pos: 0.38188
  |- fk_loss: 2.43518
  |- smoothness_loss: 0.00665
LR: 5.000e-05
Hole frames in this epoch: [4, 16]

Epoch 230 | Train Loss: 0.30743 | Val Loss: 0.39276
Train Loss Components:
  |- loss_rot: 0.04102
  |- loss_pos: 0.03126
  |- fk_loss: 1.72281
  |- smoothness_loss: 0.08538
Val Loss Components:
  |- loss_rot: 0.04833
  |- loss_pos: 0.38179
  |- fk_loss: 2.46879
  |- smoothness_loss: 0.00667
LR: 5.000e-05
Hole frames in this epoch: [4, 16]

Epoch 231 | Train Loss: 0.31207 | Val Loss: 0.39111
Train Loss Components:
  |- loss_rot: 0.04672
  |- loss_pos: 0.30183
  |- fk_loss: 2.32754
  |- smoothness_loss: 0.09488
Val Loss Components:
  |- loss_rot: 0.04808
  |- loss_pos: 0.38189
  |- fk_loss: 2.43887
  |- smoothness_loss: 0.00662
LR: 5.000e-05
Hole frames in this epoch: [4, 16]

Epoch 232 | Train Loss: 0.29885 | Val Loss: 0.39058
Train Loss Components:
  |- loss_rot: 0.04098
  |- loss_pos: 0.04521
  |- fk_loss: 1.87672
  |- smoothness_loss: 0.08323
Val Loss Components:
  |- loss_rot: 0.04794
  |- loss_pos: 0.38191
  |- fk_loss: 2.43112
  |- smoothness_loss: 0.00666
LR: 5.000e-05
Hole frames in this epoch: [4, 16]

Epoch 233 | Train Loss: 0.32109 | Val Loss: 0.39059
Train Loss Components:
  |- loss_rot: 0.04862
  |- loss_pos: 0.26245
  |- fk_loss: 2.59674
  |- smoothness_loss: 0.07383
Val Loss Components:
  |- loss_rot: 0.04833
  |- loss_pos: 0.38178
  |- fk_loss: 2.43376
  |- smoothness_loss: 0.00667
LR: 5.000e-05
Hole frames in this epoch: [4, 16]

Epoch 234 | Train Loss: 0.32683 | Val Loss: 0.39042
Train Loss Components:
  |- loss_rot: 0.04292
  |- loss_pos: 0.10362
  |- fk_loss: 2.09940
  |- smoothness_loss: 0.08782
Val Loss Components:
  |- loss_rot: 0.04820
  |- loss_pos: 0.38195
  |- fk_loss: 2.42654
  |- smoothness_loss: 0.00664
LR: 5.000e-05
Hole frames in this epoch: [4, 16]

Epoch 235 | Train Loss: 0.30321 | Val Loss: 0.39030
Train Loss Components:
  |- loss_rot: 0.04842
  |- loss_pos: 0.26320
  |- fk_loss: 2.37143
  |- smoothness_loss: 0.06792
Val Loss Components:
  |- loss_rot: 0.04851
  |- loss_pos: 0.38198
  |- fk_loss: 2.41791
  |- smoothness_loss: 0.00662
LR: 5.000e-05
Hole frames in this epoch: [4, 16]

Epoch 236 | Train Loss: 0.31396 | Val Loss: 0.39068
Train Loss Components:
  |- loss_rot: 0.04523
  |- loss_pos: 0.16448
  |- fk_loss: 2.25427
  |- smoothness_loss: 0.10787
Val Loss Components:
  |- loss_rot: 0.04837
  |- loss_pos: 0.38185
  |- fk_loss: 2.44151
  |- smoothness_loss: 0.00666
LR: 5.000e-05
Hole frames in this epoch: [4, 16]

Epoch 237 | Train Loss: 0.30996 | Val Loss: 0.39104
Train Loss Components:
  |- loss_rot: 0.04182
  |- loss_pos: 0.05714
  |- fk_loss: 1.94732
  |- smoothness_loss: 0.07980
Val Loss Components:
  |- loss_rot: 0.04842
  |- loss_pos: 0.38188
  |- fk_loss: 2.44669
  |- smoothness_loss: 0.00669
LR: 5.000e-05
Hole frames in this epoch: [4, 16]

Epoch 238 | Train Loss: 0.30899 | Val Loss: 0.38946
Train Loss Components:
  |- loss_rot: 0.04212
  |- loss_pos: 0.05194
  |- fk_loss: 1.73109
  |- smoothness_loss: 0.07826
Val Loss Components:
  |- loss_rot: 0.04849
  |- loss_pos: 0.38188
  |- fk_loss: 2.41418
  |- smoothness_loss: 0.00697
LR: 5.000e-05
Hole frames in this epoch: [4, 16]

Epoch 239 | Train Loss: 0.30685 | Val Loss: 0.38966
Train Loss Components:
  |- loss_rot: 0.04749
  |- loss_pos: 0.13946
  |- fk_loss: 2.27368
  |- smoothness_loss: 0.08592
Val Loss Components:
  |- loss_rot: 0.04854
  |- loss_pos: 0.38199
  |- fk_loss: 2.42584
  |- smoothness_loss: 0.00768
LR: 5.000e-05
Hole frames in this epoch: [4, 16]

Epoch 240 | Train Loss: 0.30418 | Val Loss: 0.38927
Train Loss Components:
  |- loss_rot: 0.04464
  |- loss_pos: 0.16278
  |- fk_loss: 2.12360
  |- smoothness_loss: 0.08428
Val Loss Components:
  |- loss_rot: 0.04848
  |- loss_pos: 0.38186
  |- fk_loss: 2.42275
  |- smoothness_loss: 0.00668
LR: 5.000e-05
Hole frames in this epoch: [4, 16]

Epoch 241 | Train Loss: 0.30768 | Val Loss: 0.38924
Train Loss Components:
  |- loss_rot: 0.04599
  |- loss_pos: 0.14277
  |- fk_loss: 2.21171
  |- smoothness_loss: 0.05492
Val Loss Components:
  |- loss_rot: 0.04864
  |- loss_pos: 0.38181
  |- fk_loss: 2.42005
  |- smoothness_loss: 0.00697
LR: 5.000e-05
Hole frames in this epoch: [4, 16]

Epoch 242 | Train Loss: 0.31024 | Val Loss: 0.39096
Train Loss Components:
  |- loss_rot: 0.04708
  |- loss_pos: 0.28140
  |- fk_loss: 2.45756
  |- smoothness_loss: 0.07200
Val Loss Components:
  |- loss_rot: 0.04866
  |- loss_pos: 0.38179
  |- fk_loss: 2.45256
  |- smoothness_loss: 0.00670
LR: 5.000e-05
Hole frames in this epoch: [4, 16]

Epoch 243 | Train Loss: 0.30973 | Val Loss: 0.38896
Train Loss Components:
  |- loss_rot: 0.04149
  |- loss_pos: 0.04125
  |- fk_loss: 1.81307
  |- smoothness_loss: 0.08588
Val Loss Components:
  |- loss_rot: 0.04910
  |- loss_pos: 0.38184
  |- fk_loss: 2.41440
  |- smoothness_loss: 0.00706
LR: 5.000e-05
Hole frames in this epoch: [4, 16]

Epoch 244 | Train Loss: 0.30164 | Val Loss: 0.38841
Train Loss Components:
  |- loss_rot: 0.04767
  |- loss_pos: 0.21122
  |- fk_loss: 2.10846
  |- smoothness_loss: 0.08724
Val Loss Components:
  |- loss_rot: 0.04916
  |- loss_pos: 0.38180
  |- fk_loss: 2.41059
  |- smoothness_loss: 0.00673
LR: 5.000e-05
Hole frames in this epoch: [4, 16]

Epoch 245 | Train Loss: 0.31277 | Val Loss: 0.38834
Train Loss Components:
  |- loss_rot: 0.04649
  |- loss_pos: 0.18828
  |- fk_loss: 2.12955
  |- smoothness_loss: 0.09549
Val Loss Components:
  |- loss_rot: 0.04911
  |- loss_pos: 0.38184
  |- fk_loss: 2.40784
  |- smoothness_loss: 0.00672
LR: 5.000e-05
Hole frames in this epoch: [4, 16]

Epoch 246 | Train Loss: 0.32424 | Val Loss: 0.38761
Train Loss Components:
  |- loss_rot: 0.04787
  |- loss_pos: 0.20478
  |- fk_loss: 2.26511
  |- smoothness_loss: 0.07272
Val Loss Components:
  |- loss_rot: 0.04900
  |- loss_pos: 0.38187
  |- fk_loss: 2.39044
  |- smoothness_loss: 0.00667
LR: 5.000e-05
Hole frames in this epoch: [4, 16]

Epoch 247 | Train Loss: 0.30892 | Val Loss: 0.38936
Train Loss Components:
  |- loss_rot: 0.04268
  |- loss_pos: 0.09481
  |- fk_loss: 1.87706
  |- smoothness_loss: 0.07934
Val Loss Components:
  |- loss_rot: 0.04880
  |- loss_pos: 0.38183
  |- fk_loss: 2.39077
  |- smoothness_loss: 0.00667
LR: 5.000e-05
Hole frames in this epoch: [4, 16]

Epoch 248 | Train Loss: 0.31461 | Val Loss: 0.38791
Train Loss Components:
  |- loss_rot: 0.04464
  |- loss_pos: 0.20092
  |- fk_loss: 2.02705
  |- smoothness_loss: 0.06709
Val Loss Components:
  |- loss_rot: 0.04899
  |- loss_pos: 0.38182
  |- fk_loss: 2.39992
  |- smoothness_loss: 0.00669
LR: 5.000e-05
Hole frames in this epoch: [4, 16]

Epoch 249 | Train Loss: 0.29868 | Val Loss: 0.38898
Train Loss Components:
  |- loss_rot: 0.04353
  |- loss_pos: 0.07803
  |- fk_loss: 1.64720
  |- smoothness_loss: 0.07993
Val Loss Components:
  |- loss_rot: 0.04932
  |- loss_pos: 0.38186
  |- fk_loss: 2.42726
  |- smoothness_loss: 0.00814
LR: 5.000e-05
Hole frames in this epoch: [4, 16]

Epoch 250 | Train Loss: 0.30701 | Val Loss: 0.38727
Train Loss Components:
  |- loss_rot: 0.04924
  |- loss_pos: 0.22353
  |- fk_loss: 2.10536
  |- smoothness_loss: 0.07607
Val Loss Components:
  |- loss_rot: 0.04939
  |- loss_pos: 0.38181
  |- fk_loss: 2.38770
  |- smoothness_loss: 0.02926
LR: 5.000e-05
Hole frames in this epoch: [4, 16]

Epoch 251 | Train Loss: 0.30821 | Val Loss: 0.38698
Train Loss Components:
  |- loss_rot: 0.04582
  |- loss_pos: 0.14644
  |- fk_loss: 2.12137
  |- smoothness_loss: 0.07525
Val Loss Components:
  |- loss_rot: 0.04961
  |- loss_pos: 0.38187
  |- fk_loss: 2.38812
  |- smoothness_loss: 0.00676
LR: 5.000e-05
Hole frames in this epoch: [4, 16]

Epoch 252 | Train Loss: 0.31318 | Val Loss: 0.38683
Train Loss Components:
  |- loss_rot: 0.04624
  |- loss_pos: 0.10679
  |- fk_loss: 2.06394
  |- smoothness_loss: 0.07190
Val Loss Components:
  |- loss_rot: 0.04961
  |- loss_pos: 0.38187
  |- fk_loss: 2.37887
  |- smoothness_loss: 0.00776
LR: 5.000e-05
Hole frames in this epoch: [4, 16]

Epoch 253 | Train Loss: 0.30808 | Val Loss: 0.38644
Train Loss Components:
  |- loss_rot: 0.05106
  |- loss_pos: 0.35346
  |- fk_loss: 2.64811
  |- smoothness_loss: 0.07705
Val Loss Components:
  |- loss_rot: 0.04984
  |- loss_pos: 0.38183
  |- fk_loss: 2.38429
  |- smoothness_loss: 0.01261
LR: 5.000e-05
Hole frames in this epoch: [4, 16]

Epoch 254 | Train Loss: 0.31569 | Val Loss: 0.38659
Train Loss Components:
  |- loss_rot: 0.05161
  |- loss_pos: 0.25396
  |- fk_loss: 2.71451
  |- smoothness_loss: 0.06988
Val Loss Components:
  |- loss_rot: 0.04993
  |- loss_pos: 0.38183
  |- fk_loss: 2.38605
  |- smoothness_loss: 0.00672
LR: 5.000e-05
Hole frames in this epoch: [4, 16]

Epoch 255 | Train Loss: 0.31684 | Val Loss: 0.38613
Train Loss Components:
  |- loss_rot: 0.04923
  |- loss_pos: 0.28370
  |- fk_loss: 2.34152
  |- smoothness_loss: 0.08143
Val Loss Components:
  |- loss_rot: 0.05000
  |- loss_pos: 0.38183
  |- fk_loss: 2.37117
  |- smoothness_loss: 0.00831
LR: 5.000e-05
Hole frames in this epoch: [4, 16]

Epoch 256 | Train Loss: 0.30845 | Val Loss: 0.38673
Train Loss Components:
  |- loss_rot: 0.04892
  |- loss_pos: 0.22356
  |- fk_loss: 2.51285
  |- smoothness_loss: 0.08466
Val Loss Components:
  |- loss_rot: 0.05020
  |- loss_pos: 0.38184
  |- fk_loss: 2.39130
  |- smoothness_loss: 0.00885
LR: 5.000e-05
Hole frames in this epoch: [4, 16]

Epoch 257 | Train Loss: 0.31333 | Val Loss: 0.38744
Train Loss Components:
  |- loss_rot: 0.05161
  |- loss_pos: 0.34361
  |- fk_loss: 2.33357
  |- smoothness_loss: 0.07326
Val Loss Components:
  |- loss_rot: 0.05059
  |- loss_pos: 0.38196
  |- fk_loss: 2.40231
  |- smoothness_loss: 0.01234
LR: 5.000e-05
Hole frames in this epoch: [4, 16]

Epoch 258 | Train Loss: 0.31468 | Val Loss: 0.38599
Train Loss Components:
  |- loss_rot: 0.04280
  |- loss_pos: 0.05416
  |- fk_loss: 1.91620
  |- smoothness_loss: 0.08621
Val Loss Components:
  |- loss_rot: 0.05044
  |- loss_pos: 0.38183
  |- fk_loss: 2.38220
  |- smoothness_loss: 0.00675
LR: 5.000e-05
Hole frames in this epoch: [4, 16]

Epoch 259 | Train Loss: 0.30126 | Val Loss: 0.38600
Train Loss Components:
  |- loss_rot: 0.04634
  |- loss_pos: 0.11211
  |- fk_loss: 1.96327
  |- smoothness_loss: 0.06404
Val Loss Components:
  |- loss_rot: 0.05093
  |- loss_pos: 0.38188
  |- fk_loss: 2.38073
  |- smoothness_loss: 0.00677
LR: 5.000e-05
Hole frames in this epoch: [4, 16]

Epoch 260 | Train Loss: 0.30604 | Val Loss: 0.38596
Train Loss Components:
  |- loss_rot: 0.04310
  |- loss_pos: 0.06057
  |- fk_loss: 1.70448
  |- smoothness_loss: 0.07034
Val Loss Components:
  |- loss_rot: 0.05089
  |- loss_pos: 0.38178
  |- fk_loss: 2.38344
  |- smoothness_loss: 0.00674
LR: 5.000e-05
Hole frames in this epoch: [4, 16]

Epoch 261 | Train Loss: 0.29741 | Val Loss: 0.38523
Train Loss Components:
  |- loss_rot: 0.04999
  |- loss_pos: 0.25025
  |- fk_loss: 2.32080
  |- smoothness_loss: 0.06497
Val Loss Components:
  |- loss_rot: 0.05069
  |- loss_pos: 0.38180
  |- fk_loss: 2.35570
  |- smoothness_loss: 0.00669
LR: 5.000e-05
Hole frames in this epoch: [4, 16]

Epoch 262 | Train Loss: 0.30160 | Val Loss: 0.38598
Train Loss Components:
  |- loss_rot: 0.05132
  |- loss_pos: 0.38764
  |- fk_loss: 2.78209
  |- smoothness_loss: 0.07701
Val Loss Components:
  |- loss_rot: 0.05101
  |- loss_pos: 0.38187
  |- fk_loss: 2.38338
  |- smoothness_loss: 0.01403
LR: 5.000e-05
Hole frames in this epoch: [4, 16]

Epoch 263 | Train Loss: 0.30364 | Val Loss: 0.38650
Train Loss Components:
  |- loss_rot: 0.05070
  |- loss_pos: 0.21403
  |- fk_loss: 2.13656
  |- smoothness_loss: 0.09039
Val Loss Components:
  |- loss_rot: 0.05098
  |- loss_pos: 0.38188
  |- fk_loss: 2.39145
  |- smoothness_loss: 0.00675
LR: 5.000e-05
Hole frames in this epoch: [4, 16]

Epoch 264 | Train Loss: 0.30589 | Val Loss: 0.38529
Train Loss Components:
  |- loss_rot: 0.05097
  |- loss_pos: 0.32517
  |- fk_loss: 2.23637
  |- smoothness_loss: 0.06335
Val Loss Components:
  |- loss_rot: 0.05107
  |- loss_pos: 0.38187
  |- fk_loss: 2.37271
  |- smoothness_loss: 0.01331
LR: 5.000e-05
Hole frames in this epoch: [4, 16]

Epoch 265 | Train Loss: 0.31258 | Val Loss: 0.38435
Train Loss Components:
  |- loss_rot: 0.05169
  |- loss_pos: 0.25208
  |- fk_loss: 2.40414
  |- smoothness_loss: 0.06607
Val Loss Components:
  |- loss_rot: 0.05138
  |- loss_pos: 0.38180
  |- fk_loss: 2.35549
  |- smoothness_loss: 0.00675
LR: 5.000e-05
Hole frames in this epoch: [4, 16]

Epoch 266 | Train Loss: 0.30214 | Val Loss: 0.38439
Train Loss Components:
  |- loss_rot: 0.04967
  |- loss_pos: 0.24805
  |- fk_loss: 2.15575
  |- smoothness_loss: 0.06078
Val Loss Components:
  |- loss_rot: 0.05162
  |- loss_pos: 0.38193
  |- fk_loss: 2.36217
  |- smoothness_loss: 0.00677
LR: 5.000e-05
Hole frames in this epoch: [4, 16]

Epoch 267 | Train Loss: 0.29252 | Val Loss: 0.38400
Train Loss Components:
  |- loss_rot: 0.04998
  |- loss_pos: 0.21659
  |- fk_loss: 1.98789
  |- smoothness_loss: 0.07071
Val Loss Components:
  |- loss_rot: 0.05160
  |- loss_pos: 0.38185
  |- fk_loss: 2.33900
  |- smoothness_loss: 0.00666
LR: 5.000e-05
Hole frames in this epoch: [4, 16]

Epoch 268 | Train Loss: 0.31082 | Val Loss: 0.38465
Train Loss Components:
  |- loss_rot: 0.05023
  |- loss_pos: 0.23161
  |- fk_loss: 2.28246
  |- smoothness_loss: 0.08337
Val Loss Components:
  |- loss_rot: 0.05219
  |- loss_pos: 0.38183
  |- fk_loss: 2.35916
  |- smoothness_loss: 0.01095
LR: 5.000e-05
Hole frames in this epoch: [4, 16]

Epoch 269 | Train Loss: 0.30556 | Val Loss: 0.38440
Train Loss Components:
  |- loss_rot: 0.04445
  |- loss_pos: 0.04626
  |- fk_loss: 1.54494
  |- smoothness_loss: 0.08290
Val Loss Components:
  |- loss_rot: 0.05213
  |- loss_pos: 0.38182
  |- fk_loss: 2.36322
  |- smoothness_loss: 0.00673
LR: 5.000e-05
Hole frames in this epoch: [4, 16]

Epoch 270 | Train Loss: 0.29729 | Val Loss: 0.38371
Train Loss Components:
  |- loss_rot: 0.04537
  |- loss_pos: 0.08806
  |- fk_loss: 1.79041
  |- smoothness_loss: 0.16262
Val Loss Components:
  |- loss_rot: 0.05199
  |- loss_pos: 0.38179
  |- fk_loss: 2.34229
  |- smoothness_loss: 0.00827
LR: 5.000e-05
Hole frames in this epoch: [4, 16]

Epoch 271 | Train Loss: 0.31110 | Val Loss: 0.38335
Train Loss Components:
  |- loss_rot: 0.04902
  |- loss_pos: 0.15829
  |- fk_loss: 2.08232
  |- smoothness_loss: 0.06898
Val Loss Components:
  |- loss_rot: 0.05212
  |- loss_pos: 0.38183
  |- fk_loss: 2.34449
  |- smoothness_loss: 0.00759
LR: 5.000e-05
Hole frames in this epoch: [4, 16]

Epoch 272 | Train Loss: 0.30147 | Val Loss: 0.38409
Train Loss Components:
  |- loss_rot: 0.05234
  |- loss_pos: 0.26945
  |- fk_loss: 2.32145
  |- smoothness_loss: 0.06304
Val Loss Components:
  |- loss_rot: 0.05238
  |- loss_pos: 0.38182
  |- fk_loss: 2.35034
  |- smoothness_loss: 0.01313
LR: 5.000e-05
Hole frames in this epoch: [4, 16]

Epoch 273 | Train Loss: 0.30321 | Val Loss: 0.38318
Train Loss Components:
  |- loss_rot: 0.05008
  |- loss_pos: 0.13901
  |- fk_loss: 1.86000
  |- smoothness_loss: 0.06967
Val Loss Components:
  |- loss_rot: 0.05237
  |- loss_pos: 0.38190
  |- fk_loss: 2.34122
  |- smoothness_loss: 0.00689
LR: 5.000e-05
Hole frames in this epoch: [4, 16]

Epoch 274 | Train Loss: 0.30901 | Val Loss: 0.38288
Train Loss Components:
  |- loss_rot: 0.04787
  |- loss_pos: 0.11480
  |- fk_loss: 2.04105
  |- smoothness_loss: 0.06605
Val Loss Components:
  |- loss_rot: 0.05246
  |- loss_pos: 0.38182
  |- fk_loss: 2.34027
  |- smoothness_loss: 0.00685
LR: 5.000e-05
Hole frames in this epoch: [4, 16]

Epoch 275 | Train Loss: 0.30641 | Val Loss: 0.38377
Train Loss Components:
  |- loss_rot: 0.04648
  |- loss_pos: 0.06829
  |- fk_loss: 1.80593
  |- smoothness_loss: 0.06928
Val Loss Components:
  |- loss_rot: 0.05309
  |- loss_pos: 0.38182
  |- fk_loss: 2.35276
  |- smoothness_loss: 0.01018
LR: 5.000e-05
Hole frames in this epoch: [4, 16]

Epoch 276 | Train Loss: 0.30945 | Val Loss: 0.38269
Train Loss Components:
  |- loss_rot: 0.05336
  |- loss_pos: 0.28151
  |- fk_loss: 2.42513
  |- smoothness_loss: 0.07360
Val Loss Components:
  |- loss_rot: 0.05311
  |- loss_pos: 0.38189
  |- fk_loss: 2.32276
  |- smoothness_loss: 0.00672
LR: 5.000e-05
Hole frames in this epoch: [4, 16]

Epoch 277 | Train Loss: 0.29918 | Val Loss: 0.38240
Train Loss Components:
  |- loss_rot: 0.04869
  |- loss_pos: 0.14418
  |- fk_loss: 1.88168
  |- smoothness_loss: 0.07664
Val Loss Components:
  |- loss_rot: 0.05331
  |- loss_pos: 0.38178
  |- fk_loss: 2.32529
  |- smoothness_loss: 0.00681
LR: 5.000e-05
Hole frames in this epoch: [4, 16]

Epoch 278 | Train Loss: 0.29867 | Val Loss: 0.38244
Train Loss Components:
  |- loss_rot: 0.05221
  |- loss_pos: 0.21731
  |- fk_loss: 2.13559
  |- smoothness_loss: 0.08296
Val Loss Components:
  |- loss_rot: 0.05358
  |- loss_pos: 0.38191
  |- fk_loss: 2.33150
  |- smoothness_loss: 0.00803
LR: 5.000e-05
Hole frames in this epoch: [4, 16]

Epoch 279 | Train Loss: 0.30489 | Val Loss: 0.38208
Train Loss Components:
  |- loss_rot: 0.04617
  |- loss_pos: 0.04020
  |- fk_loss: 1.85415
  |- smoothness_loss: 0.09596
Val Loss Components:
  |- loss_rot: 0.05352
  |- loss_pos: 0.38194
  |- fk_loss: 2.32349
  |- smoothness_loss: 0.00674
LR: 5.000e-05
Hole frames in this epoch: [4, 16]

Epoch 280 | Train Loss: 0.29973 | Val Loss: 0.38400
Train Loss Components:
  |- loss_rot: 0.04661
  |- loss_pos: 0.05776
  |- fk_loss: 1.77973
  |- smoothness_loss: 0.07870
Val Loss Components:
  |- loss_rot: 0.05413
  |- loss_pos: 0.38184
  |- fk_loss: 2.34279
  |- smoothness_loss: 0.00828
LR: 5.000e-05
Hole frames in this epoch: [4, 16]

Epoch 281 | Train Loss: 0.30069 | Val Loss: 0.38179
Train Loss Components:
  |- loss_rot: 0.05247
  |- loss_pos: 0.21857
  |- fk_loss: 2.22334
  |- smoothness_loss: 0.06574
Val Loss Components:
  |- loss_rot: 0.05387
  |- loss_pos: 0.38181
  |- fk_loss: 2.32247
  |- smoothness_loss: 0.00940
LR: 5.000e-05
Hole frames in this epoch: [4, 16]

Epoch 282 | Train Loss: 0.29371 | Val Loss: 0.38167
Train Loss Components:
  |- loss_rot: 0.04844
  |- loss_pos: 0.13020
  |- fk_loss: 1.95904
  |- smoothness_loss: 0.08253
Val Loss Components:
  |- loss_rot: 0.05378
  |- loss_pos: 0.38181
  |- fk_loss: 2.31502
  |- smoothness_loss: 0.01068
LR: 5.000e-05
Hole frames in this epoch: [4, 16]

Epoch 283 | Train Loss: 0.30721 | Val Loss: 0.38149
Train Loss Components:
  |- loss_rot: 0.04666
  |- loss_pos: 0.03900
  |- fk_loss: 1.54695
  |- smoothness_loss: 0.07015
Val Loss Components:
  |- loss_rot: 0.05406
  |- loss_pos: 0.38183
  |- fk_loss: 2.31758
  |- smoothness_loss: 0.00677
LR: 5.000e-05
Hole frames in this epoch: [4, 16]

Epoch 284 | Train Loss: 0.29686 | Val Loss: 0.38221
Train Loss Components:
  |- loss_rot: 0.05550
  |- loss_pos: 0.22960
  |- fk_loss: 2.40298
  |- smoothness_loss: 0.06050
Val Loss Components:
  |- loss_rot: 0.05432
  |- loss_pos: 0.38219
  |- fk_loss: 2.31681
  |- smoothness_loss: 0.01159
LR: 5.000e-05
Hole frames in this epoch: [4, 16]

Epoch 285 | Train Loss: 0.30094 | Val Loss: 0.38101
Train Loss Components:
  |- loss_rot: 0.05073
  |- loss_pos: 0.22158
  |- fk_loss: 1.84571
  |- smoothness_loss: 0.08517
Val Loss Components:
  |- loss_rot: 0.05401
  |- loss_pos: 0.38186
  |- fk_loss: 2.30852
  |- smoothness_loss: 0.00674
LR: 5.000e-05
Hole frames in this epoch: [4, 16]

Epoch 286 | Train Loss: 0.29516 | Val Loss: 0.38089
Train Loss Components:
  |- loss_rot: 0.04896
  |- loss_pos: 0.11541
  |- fk_loss: 1.65162
  |- smoothness_loss: 0.07436
Val Loss Components:
  |- loss_rot: 0.05438
  |- loss_pos: 0.38185
  |- fk_loss: 2.31102
  |- smoothness_loss: 0.00678
LR: 5.000e-05
Hole frames in this epoch: [4, 16]

Epoch 287 | Train Loss: 0.29595 | Val Loss: 0.38237
Train Loss Components:
  |- loss_rot: 0.05093
  |- loss_pos: 0.15562
  |- fk_loss: 1.83233
  |- smoothness_loss: 0.06851
Val Loss Components:
  |- loss_rot: 0.05478
  |- loss_pos: 0.38181
  |- fk_loss: 2.32670
  |- smoothness_loss: 0.00679
LR: 5.000e-05
Hole frames in this epoch: [4, 16]

Epoch 288 | Train Loss: 0.29550 | Val Loss: 0.38121
Train Loss Components:
  |- loss_rot: 0.05365
  |- loss_pos: 0.27567
  |- fk_loss: 2.22282
  |- smoothness_loss: 0.06297
Val Loss Components:
  |- loss_rot: 0.05494
  |- loss_pos: 0.38207
  |- fk_loss: 2.31663
  |- smoothness_loss: 0.00678
LR: 5.000e-05
Hole frames in this epoch: [4, 16]

Epoch 289 | Train Loss: 0.29131 | Val Loss: 0.38107
Train Loss Components:
  |- loss_rot: 0.04927
  |- loss_pos: 0.09246
  |- fk_loss: 1.68329
  |- smoothness_loss: 0.06483
Val Loss Components:
  |- loss_rot: 0.05505
  |- loss_pos: 0.38190
  |- fk_loss: 2.30571
  |- smoothness_loss: 0.01642
LR: 5.000e-05
Hole frames in this epoch: [4, 16]

Epoch 290 | Train Loss: 0.29399 | Val Loss: 0.38070
Train Loss Components:
  |- loss_rot: 0.05213
  |- loss_pos: 0.14343
  |- fk_loss: 2.08181
  |- smoothness_loss: 0.05157
Val Loss Components:
  |- loss_rot: 0.05512
  |- loss_pos: 0.38189
  |- fk_loss: 2.29528
  |- smoothness_loss: 0.00676
LR: 5.000e-05
Hole frames in this epoch: [4, 16]

Epoch 291 | Train Loss: 0.30465 | Val Loss: 0.38024
Train Loss Components:
  |- loss_rot: 0.05502
  |- loss_pos: 0.26628
  |- fk_loss: 2.39973
  |- smoothness_loss: 0.06561
Val Loss Components:
  |- loss_rot: 0.05529
  |- loss_pos: 0.38181
  |- fk_loss: 2.30624
  |- smoothness_loss: 0.00731
LR: 5.000e-05
Hole frames in this epoch: [4, 16]

Epoch 292 | Train Loss: 0.29759 | Val Loss: 0.38022
Train Loss Components:
  |- loss_rot: 0.05433
  |- loss_pos: 0.17736
  |- fk_loss: 2.31150
  |- smoothness_loss: 0.06369
Val Loss Components:
  |- loss_rot: 0.05526
  |- loss_pos: 0.38180
  |- fk_loss: 2.30228
  |- smoothness_loss: 0.00720
LR: 5.000e-05
Hole frames in this epoch: [4, 16]

Epoch 293 | Train Loss: 0.29967 | Val Loss: 0.38008
Train Loss Components:
  |- loss_rot: 0.05499
  |- loss_pos: 0.31082
  |- fk_loss: 2.38397
  |- smoothness_loss: 0.06477
Val Loss Components:
  |- loss_rot: 0.05509
  |- loss_pos: 0.38191
  |- fk_loss: 2.29024
  |- smoothness_loss: 0.00675
LR: 5.000e-05
Hole frames in this epoch: [4, 16]

Epoch 294 | Train Loss: 0.30079 | Val Loss: 0.38028
Train Loss Components:
  |- loss_rot: 0.04732
  |- loss_pos: 0.05478
  |- fk_loss: 1.77114
  |- smoothness_loss: 0.06186
Val Loss Components:
  |- loss_rot: 0.05489
  |- loss_pos: 0.38184
  |- fk_loss: 2.30193
  |- smoothness_loss: 0.00942
LR: 5.000e-05
Hole frames in this epoch: [4, 16]

Epoch 295 | Train Loss: 0.31000 | Val Loss: 0.37983
Train Loss Components:
  |- loss_rot: 0.04979
  |- loss_pos: 0.14711
  |- fk_loss: 1.92558
  |- smoothness_loss: 0.04238
Val Loss Components:
  |- loss_rot: 0.05512
  |- loss_pos: 0.38183
  |- fk_loss: 2.30125
  |- smoothness_loss: 0.01337
LR: 5.000e-05
Hole frames in this epoch: [4, 16]

Epoch 296 | Train Loss: 0.29250 | Val Loss: 0.37959
Train Loss Components:
  |- loss_rot: 0.05033
  |- loss_pos: 0.09595
  |- fk_loss: 1.78177
  |- smoothness_loss: 0.06216
Val Loss Components:
  |- loss_rot: 0.05539
  |- loss_pos: 0.38180
  |- fk_loss: 2.28991
  |- smoothness_loss: 0.00698
LR: 5.000e-05
Hole frames in this epoch: [4, 16]

Epoch 297 | Train Loss: 0.30147 | Val Loss: 0.37989
Train Loss Components:
  |- loss_rot: 0.05291
  |- loss_pos: 0.20665
  |- fk_loss: 2.34155
  |- smoothness_loss: 0.07292
Val Loss Components:
  |- loss_rot: 0.05581
  |- loss_pos: 0.38211
  |- fk_loss: 2.29867
  |- smoothness_loss: 0.00718
LR: 5.000e-05
Hole frames in this epoch: [4, 16]

Epoch 298 | Train Loss: 0.29621 | Val Loss: 0.38084
Train Loss Components:
  |- loss_rot: 0.05525
  |- loss_pos: 0.27224
  |- fk_loss: 2.11610
  |- smoothness_loss: 0.06151
Val Loss Components:
  |- loss_rot: 0.05575
  |- loss_pos: 0.38203
  |- fk_loss: 2.31720
  |- smoothness_loss: 0.00681
LR: 5.000e-05
Hole frames in this epoch: [4, 16]

Epoch 299 | Train Loss: 0.30546 | Val Loss: 0.37915
Train Loss Components:
  |- loss_rot: 0.05528
  |- loss_pos: 0.17859
  |- fk_loss: 2.18153
  |- smoothness_loss: 0.04312
Val Loss Components:
  |- loss_rot: 0.05593
  |- loss_pos: 0.38180
  |- fk_loss: 2.28777
  |- smoothness_loss: 0.00677
LR: 5.000e-05
Hole frames in this epoch: [4, 16]

Epoch 300 | Train Loss: 0.30114 | Val Loss: 0.37963
Train Loss Components:
  |- loss_rot: 0.04837
  |- loss_pos: 0.06195
  |- fk_loss: 1.56151
  |- smoothness_loss: 0.05608
Val Loss Components:
  |- loss_rot: 0.05598
  |- loss_pos: 0.38180
  |- fk_loss: 2.29631
  |- smoothness_loss: 0.00677
LR: 5.000e-05
Hole frames in this epoch: [4, 16]

Epoch 301 | Train Loss: 0.29544 | Val Loss: 0.37893
Train Loss Components:
  |- loss_rot: 0.05050
  |- loss_pos: 0.15693
  |- fk_loss: 1.86370
  |- smoothness_loss: 0.05233
Val Loss Components:
  |- loss_rot: 0.05584
  |- loss_pos: 0.38184
  |- fk_loss: 2.27505
  |- smoothness_loss: 0.00677
LR: 5.000e-05
Hole frames in this epoch: [4, 16]

Epoch 302 | Train Loss: 0.30256 | Val Loss: 0.38064
Train Loss Components:
  |- loss_rot: 0.04828
  |- loss_pos: 0.06627
  |- fk_loss: 1.57793
  |- smoothness_loss: 0.07162
Val Loss Components:
  |- loss_rot: 0.05619
  |- loss_pos: 0.38186
  |- fk_loss: 2.31048
  |- smoothness_loss: 0.00794
LR: 5.000e-05
Hole frames in this epoch: [4, 16]

Epoch 303 | Train Loss: 0.29022 | Val Loss: 0.37870
Train Loss Components:
  |- loss_rot: 0.05710
  |- loss_pos: 0.35602
  |- fk_loss: 2.44171
  |- smoothness_loss: 0.05680
Val Loss Components:
  |- loss_rot: 0.05594
  |- loss_pos: 0.38189
  |- fk_loss: 2.27515
  |- smoothness_loss: 0.00678
LR: 5.000e-05
Hole frames in this epoch: [4, 16]

Epoch 304 | Train Loss: 0.29484 | Val Loss: 0.37903
Train Loss Components:
  |- loss_rot: 0.05431
  |- loss_pos: 0.20350
  |- fk_loss: 2.09733
  |- smoothness_loss: 0.05121
Val Loss Components:
  |- loss_rot: 0.05630
  |- loss_pos: 0.38183
  |- fk_loss: 2.28799
  |- smoothness_loss: 0.01058
LR: 5.000e-05
Hole frames in this epoch: [4, 16]

Epoch 305 | Train Loss: 0.29590 | Val Loss: 0.37859
Train Loss Components:
  |- loss_rot: 0.05281
  |- loss_pos: 0.13005
  |- fk_loss: 2.00755
  |- smoothness_loss: 0.04886
Val Loss Components:
  |- loss_rot: 0.05648
  |- loss_pos: 0.38184
  |- fk_loss: 2.28953
  |- smoothness_loss: 0.00712
LR: 5.000e-05
Hole frames in this epoch: [4, 16]

Epoch 306 | Train Loss: 0.29264 | Val Loss: 0.37884
Train Loss Components:
  |- loss_rot: 0.05834
  |- loss_pos: 0.34239
  |- fk_loss: 2.51577
  |- smoothness_loss: 0.04936
Val Loss Components:
  |- loss_rot: 0.05688
  |- loss_pos: 0.38185
  |- fk_loss: 2.28153
  |- smoothness_loss: 0.00742
LR: 5.000e-05
Hole frames in this epoch: [4, 16]

Epoch 307 | Train Loss: 0.29327 | Val Loss: 0.37832
Train Loss Components:
  |- loss_rot: 0.05529
  |- loss_pos: 0.19436
  |- fk_loss: 2.40689
  |- smoothness_loss: 0.05117
Val Loss Components:
  |- loss_rot: 0.05617
  |- loss_pos: 0.38232
  |- fk_loss: 2.27790
  |- smoothness_loss: 0.00772
LR: 5.000e-05
Hole frames in this epoch: [4, 16]

Epoch 308 | Train Loss: 0.29913 | Val Loss: 0.37874
Train Loss Components:
  |- loss_rot: 0.05030
  |- loss_pos: 0.08303
  |- fk_loss: 1.89564
  |- smoothness_loss: 0.06708
Val Loss Components:
  |- loss_rot: 0.05710
  |- loss_pos: 0.38178
  |- fk_loss: 2.28167
  |- smoothness_loss: 0.01114
LR: 5.000e-05
Hole frames in this epoch: [4, 16]

Epoch 309 | Train Loss: 0.30435 | Val Loss: 0.37795
Train Loss Components:
  |- loss_rot: 0.05431
  |- loss_pos: 0.17059
  |- fk_loss: 1.94273
  |- smoothness_loss: 0.05110
Val Loss Components:
  |- loss_rot: 0.05661
  |- loss_pos: 0.38180
  |- fk_loss: 2.27620
  |- smoothness_loss: 0.00689
LR: 5.000e-05
Hole frames in this epoch: [4, 16]

Epoch 310 | Train Loss: 0.28873 | Val Loss: 0.37792
Train Loss Components:
  |- loss_rot: 0.05201
  |- loss_pos: 0.24822
  |- fk_loss: 2.15672
  |- smoothness_loss: 0.06300
Val Loss Components:
  |- loss_rot: 0.05633
  |- loss_pos: 0.38187
  |- fk_loss: 2.26770
  |- smoothness_loss: 0.00686
LR: 5.000e-05
Hole frames in this epoch: [4, 16]

Epoch 311 | Train Loss: 0.29753 | Val Loss: 0.37851
Train Loss Components:
  |- loss_rot: 0.05739
  |- loss_pos: 0.28538
  |- fk_loss: 2.44740
  |- smoothness_loss: 0.04761
Val Loss Components:
  |- loss_rot: 0.05674
  |- loss_pos: 0.38178
  |- fk_loss: 2.28726
  |- smoothness_loss: 0.00711
LR: 5.000e-05
Hole frames in this epoch: [4, 16]

Epoch 312 | Train Loss: 0.30293 | Val Loss: 0.37771
Train Loss Components:
  |- loss_rot: 0.05142
  |- loss_pos: 0.14404
  |- fk_loss: 1.78693
  |- smoothness_loss: 0.05520
Val Loss Components:
  |- loss_rot: 0.05688
  |- loss_pos: 0.38191
  |- fk_loss: 2.27178
  |- smoothness_loss: 0.02047
LR: 5.000e-05
Hole frames in this epoch: [4, 16]

Epoch 313 | Train Loss: 0.29787 | Val Loss: 0.37756
Train Loss Components:
  |- loss_rot: 0.05767
  |- loss_pos: 0.27697
  |- fk_loss: 2.48031
  |- smoothness_loss: 0.04692
Val Loss Components:
  |- loss_rot: 0.05702
  |- loss_pos: 0.38180
  |- fk_loss: 2.27217
  |- smoothness_loss: 0.00687
LR: 5.000e-05
Hole frames in this epoch: [4, 16]

Epoch 314 | Train Loss: 0.29001 | Val Loss: 0.37765
Train Loss Components:
  |- loss_rot: 0.05134
  |- loss_pos: 0.12498
  |- fk_loss: 1.83739
  |- smoothness_loss: 0.05391
Val Loss Components:
  |- loss_rot: 0.05718
  |- loss_pos: 0.38189
  |- fk_loss: 2.27453
  |- smoothness_loss: 0.00842
LR: 5.000e-05
Hole frames in this epoch: [4, 16]

Epoch 315 | Train Loss: 0.30673 | Val Loss: 0.37735
Train Loss Components:
  |- loss_rot: 0.05623
  |- loss_pos: 0.25321
  |- fk_loss: 2.22408
  |- smoothness_loss: 0.04878
Val Loss Components:
  |- loss_rot: 0.05689
  |- loss_pos: 0.38184
  |- fk_loss: 2.26502
  |- smoothness_loss: 0.00699
LR: 5.000e-05
Hole frames in this epoch: [4, 16]

Epoch 316 | Train Loss: 0.29597 | Val Loss: 0.37729
Train Loss Components:
  |- loss_rot: 0.05762
  |- loss_pos: 0.25975
  |- fk_loss: 2.31933
  |- smoothness_loss: 0.05442
Val Loss Components:
  |- loss_rot: 0.05716
  |- loss_pos: 0.38183
  |- fk_loss: 2.26719
  |- smoothness_loss: 0.01083
LR: 5.000e-05
Hole frames in this epoch: [4, 16]

Epoch 317 | Train Loss: 0.29493 | Val Loss: 0.37731
Train Loss Components:
  |- loss_rot: 0.05517
  |- loss_pos: 0.17402
  |- fk_loss: 2.24987
  |- smoothness_loss: 0.05476
Val Loss Components:
  |- loss_rot: 0.05725
  |- loss_pos: 0.38190
  |- fk_loss: 2.27153
  |- smoothness_loss: 0.00686
LR: 5.000e-05
Hole frames in this epoch: [4, 16]

Epoch 318 | Train Loss: 0.29873 | Val Loss: 0.37704
Train Loss Components:
  |- loss_rot: 0.05019
  |- loss_pos: 0.06526
  |- fk_loss: 1.70465
  |- smoothness_loss: 0.06075
Val Loss Components:
  |- loss_rot: 0.05764
  |- loss_pos: 0.38187
  |- fk_loss: 2.25910
  |- smoothness_loss: 0.00679
LR: 5.000e-05
Hole frames in this epoch: [4, 16]

Epoch 319 | Train Loss: 0.29557 | Val Loss: 0.37665
Train Loss Components:
  |- loss_rot: 0.05589
  |- loss_pos: 0.13024
  |- fk_loss: 2.19778
  |- smoothness_loss: 0.04689
Val Loss Components:
  |- loss_rot: 0.05733
  |- loss_pos: 0.38185
  |- fk_loss: 2.25345
  |- smoothness_loss: 0.00688
LR: 5.000e-05
Hole frames in this epoch: [4, 16]

Epoch 320 | Train Loss: 0.30130 | Val Loss: 0.37718
Train Loss Components:
  |- loss_rot: 0.05247
  |- loss_pos: 0.14992
  |- fk_loss: 2.03286
  |- smoothness_loss: 0.05875
Val Loss Components:
  |- loss_rot: 0.05713
  |- loss_pos: 0.38195
  |- fk_loss: 2.26521
  |- smoothness_loss: 0.00676
LR: 5.000e-05
Hole frames in this epoch: [4, 16]

Epoch 321 | Train Loss: 0.28423 | Val Loss: 0.37769
Train Loss Components:
  |- loss_rot: 0.05381
  |- loss_pos: 0.16066
  |- fk_loss: 1.90698
  |- smoothness_loss: 0.04987
Val Loss Components:
  |- loss_rot: 0.05732
  |- loss_pos: 0.38186
  |- fk_loss: 2.28325
  |- smoothness_loss: 0.00802
LR: 5.000e-05
Hole frames in this epoch: [4, 16]

Epoch 322 | Train Loss: 0.29556 | Val Loss: 0.37666
Train Loss Components:
  |- loss_rot: 0.05044
  |- loss_pos: 0.05629
  |- fk_loss: 1.58512
  |- smoothness_loss: 0.04858
Val Loss Components:
  |- loss_rot: 0.05728
  |- loss_pos: 0.38181
  |- fk_loss: 2.25138
  |- smoothness_loss: 0.00792
LR: 5.000e-05
Hole frames in this epoch: [4, 16]

Epoch 323 | Train Loss: 0.29767 | Val Loss: 0.37651
Train Loss Components:
  |- loss_rot: 0.05086
  |- loss_pos: 0.07312
  |- fk_loss: 1.60451
  |- smoothness_loss: 0.05076
Val Loss Components:
  |- loss_rot: 0.05718
  |- loss_pos: 0.38189
  |- fk_loss: 2.25933
  |- smoothness_loss: 0.00691
LR: 5.000e-05
Hole frames in this epoch: [4, 16]

Epoch 324 | Train Loss: 0.29301 | Val Loss: 0.37640
Train Loss Components:
  |- loss_rot: 0.05731
  |- loss_pos: 0.21615
  |- fk_loss: 2.35094
  |- smoothness_loss: 0.05020
Val Loss Components:
  |- loss_rot: 0.05723
  |- loss_pos: 0.38182
  |- fk_loss: 2.24960
  |- smoothness_loss: 0.00684
LR: 5.000e-05
Hole frames in this epoch: [4, 16]

Epoch 325 | Train Loss: 0.28533 | Val Loss: 0.37696
Train Loss Components:
  |- loss_rot: 0.05133
  |- loss_pos: 0.11359
  |- fk_loss: 1.72718
  |- smoothness_loss: 0.08046
Val Loss Components:
  |- loss_rot: 0.05743
  |- loss_pos: 0.38180
  |- fk_loss: 2.24493
  |- smoothness_loss: 0.00681
LR: 5.000e-05
Hole frames in this epoch: [4, 16]

Epoch 326 | Train Loss: 0.29298 | Val Loss: 0.37811
Train Loss Components:
  |- loss_rot: 0.05669
  |- loss_pos: 0.22090
  |- fk_loss: 2.25436
  |- smoothness_loss: 0.04432
Val Loss Components:
  |- loss_rot: 0.05776
  |- loss_pos: 0.38185
  |- fk_loss: 2.27585
  |- smoothness_loss: 0.01104
LR: 5.000e-05
Hole frames in this epoch: [4, 16]

Epoch 327 | Train Loss: 0.29835 | Val Loss: 0.37639
Train Loss Components:
  |- loss_rot: 0.05864
  |- loss_pos: 0.32479
  |- fk_loss: 2.41984
  |- smoothness_loss: 0.04737
Val Loss Components:
  |- loss_rot: 0.05746
  |- loss_pos: 0.38180
  |- fk_loss: 2.25995
  |- smoothness_loss: 0.00704
LR: 5.000e-05
Hole frames in this epoch: [4, 16]

Epoch 328 | Train Loss: 0.29816 | Val Loss: 0.37635
Train Loss Components:
  |- loss_rot: 0.05120
  |- loss_pos: 0.13327
  |- fk_loss: 1.79792
  |- smoothness_loss: 0.05777
Val Loss Components:
  |- loss_rot: 0.05725
  |- loss_pos: 0.38191
  |- fk_loss: 2.25675
  |- smoothness_loss: 0.01208
LR: 5.000e-05
Hole frames in this epoch: [4, 16]

Epoch 329 | Train Loss: 0.30116 | Val Loss: 0.37712
Train Loss Components:
  |- loss_rot: 0.05672
  |- loss_pos: 0.29431
  |- fk_loss: 2.41647
  |- smoothness_loss: 0.04600
Val Loss Components:
  |- loss_rot: 0.05762
  |- loss_pos: 0.38191
  |- fk_loss: 2.27233
  |- smoothness_loss: 0.00692
LR: 5.000e-05
Hole frames in this epoch: [4, 16]

Epoch 330 | Train Loss: 0.29861 | Val Loss: 0.37739
Train Loss Components:
  |- loss_rot: 0.05157
  |- loss_pos: 0.10536
  |- fk_loss: 1.65924
  |- smoothness_loss: 0.04593
Val Loss Components:
  |- loss_rot: 0.05794
  |- loss_pos: 0.38179
  |- fk_loss: 2.28522
  |- smoothness_loss: 0.00680
LR: 5.000e-05
Hole frames in this epoch: [4, 16]

Epoch 331 | Train Loss: 0.29304 | Val Loss: 0.37678
Train Loss Components:
  |- loss_rot: 0.05224
  |- loss_pos: 0.04421
  |- fk_loss: 1.78800
  |- smoothness_loss: 0.04922
Val Loss Components:
  |- loss_rot: 0.05807
  |- loss_pos: 0.38189
  |- fk_loss: 2.26709
  |- smoothness_loss: 0.00684
LR: 5.000e-05
Hole frames in this epoch: [4, 16]

Epoch 332 | Train Loss: 0.29415 | Val Loss: 0.37689
Train Loss Components:
  |- loss_rot: 0.05680
  |- loss_pos: 0.23195
  |- fk_loss: 2.16947
  |- smoothness_loss: 0.04828
Val Loss Components:
  |- loss_rot: 0.05782
  |- loss_pos: 0.38186
  |- fk_loss: 2.27175
  |- smoothness_loss: 0.00802
LR: 5.000e-05
Hole frames in this epoch: [4, 16]

Epoch 333 | Train Loss: 0.29371 | Val Loss: 0.37588
Train Loss Components:
  |- loss_rot: 0.05091
  |- loss_pos: 0.07139
  |- fk_loss: 1.69438
  |- smoothness_loss: 0.04875
Val Loss Components:
  |- loss_rot: 0.05791
  |- loss_pos: 0.38189
  |- fk_loss: 2.24991
  |- smoothness_loss: 0.00682
LR: 5.000e-05
Hole frames in this epoch: [4, 16]

Epoch 334 | Train Loss: 0.30156 | Val Loss: 0.37597
Train Loss Components:
  |- loss_rot: 0.05691
  |- loss_pos: 0.21399
  |- fk_loss: 2.13250
  |- smoothness_loss: 0.04273
Val Loss Components:
  |- loss_rot: 0.05803
  |- loss_pos: 0.38182
  |- fk_loss: 2.25093
  |- smoothness_loss: 0.00678
LR: 5.000e-05
Hole frames in this epoch: [4, 16]

Epoch 335 | Train Loss: 0.29189 | Val Loss: 0.37617
Train Loss Components:
  |- loss_rot: 0.04991
  |- loss_pos: 0.05489
  |- fk_loss: 1.62333
  |- smoothness_loss: 0.06157
Val Loss Components:
  |- loss_rot: 0.05772
  |- loss_pos: 0.38196
  |- fk_loss: 2.23596
  |- smoothness_loss: 0.00684
LR: 5.000e-05
Hole frames in this epoch: [4, 16]

Epoch 336 | Train Loss: 0.30258 | Val Loss: 0.37600
Train Loss Components:
  |- loss_rot: 0.05624
  |- loss_pos: 0.13685
  |- fk_loss: 1.98839
  |- smoothness_loss: 0.05780
Val Loss Components:
  |- loss_rot: 0.05772
  |- loss_pos: 0.38186
  |- fk_loss: 2.25972
  |- smoothness_loss: 0.00790
LR: 5.000e-05
Hole frames in this epoch: [4, 16]

Epoch 337 | Train Loss: 0.28378 | Val Loss: 0.37592
Train Loss Components:
  |- loss_rot: 0.05050
  |- loss_pos: 0.05852
  |- fk_loss: 1.68084
  |- smoothness_loss: 0.04917
Val Loss Components:
  |- loss_rot: 0.05810
  |- loss_pos: 0.38184
  |- fk_loss: 2.25045
  |- smoothness_loss: 0.01586
LR: 5.000e-05
Hole frames in this epoch: [4, 16]

Epoch 338 | Train Loss: 0.29353 | Val Loss: 0.37566
Train Loss Components:
  |- loss_rot: 0.05260
  |- loss_pos: 0.08209
  |- fk_loss: 1.81355
  |- smoothness_loss: 0.04168
Val Loss Components:
  |- loss_rot: 0.05780
  |- loss_pos: 0.38188
  |- fk_loss: 2.24940
  |- smoothness_loss: 0.00678
LR: 5.000e-05
Hole frames in this epoch: [4, 16]

Epoch 339 | Train Loss: 0.28800 | Val Loss: 0.37543
Train Loss Components:
  |- loss_rot: 0.05044
  |- loss_pos: 0.06356
  |- fk_loss: 1.51103
  |- smoothness_loss: 0.05820
Val Loss Components:
  |- loss_rot: 0.05793
  |- loss_pos: 0.38198
  |- fk_loss: 2.23863
  |- smoothness_loss: 0.00684
LR: 5.000e-05
Hole frames in this epoch: [4, 16]

Epoch 340 | Train Loss: 0.29695 | Val Loss: 0.37615
Train Loss Components:
  |- loss_rot: 0.05829
  |- loss_pos: 0.37117
  |- fk_loss: 2.42973
  |- smoothness_loss: 0.04865
Val Loss Components:
  |- loss_rot: 0.05811
  |- loss_pos: 0.38180
  |- fk_loss: 2.25848
  |- smoothness_loss: 0.00684
LR: 5.000e-05
Hole frames in this epoch: [4, 16]

Epoch 341 | Train Loss: 0.28922 | Val Loss: 0.37609
Train Loss Components:
  |- loss_rot: 0.05603
  |- loss_pos: 0.19481
  |- fk_loss: 2.05347
  |- smoothness_loss: 0.05364
Val Loss Components:
  |- loss_rot: 0.05821
  |- loss_pos: 0.38196
  |- fk_loss: 2.25454
  |- smoothness_loss: 0.00679
LR: 5.000e-05
Hole frames in this epoch: [4, 16]

Epoch 342 | Train Loss: 0.30333 | Val Loss: 0.37561
Train Loss Components:
  |- loss_rot: 0.05872
  |- loss_pos: 0.25869
  |- fk_loss: 2.48139
  |- smoothness_loss: 0.05440
Val Loss Components:
  |- loss_rot: 0.05808
  |- loss_pos: 0.38187
  |- fk_loss: 2.24754
  |- smoothness_loss: 0.00923
LR: 5.000e-05
Hole frames in this epoch: [4, 16]

Epoch 343 | Train Loss: 0.29315 | Val Loss: 0.37566
Train Loss Components:
  |- loss_rot: 0.05241
  |- loss_pos: 0.13757
  |- fk_loss: 1.80401
  |- smoothness_loss: 0.05254
Val Loss Components:
  |- loss_rot: 0.05845
  |- loss_pos: 0.38183
  |- fk_loss: 2.25009
  |- smoothness_loss: 0.00684
LR: 5.000e-05
Hole frames in this epoch: [4, 16]

Epoch 344 | Train Loss: 0.28928 | Val Loss: 0.37528
Train Loss Components:
  |- loss_rot: 0.05733
  |- loss_pos: 0.24906
  |- fk_loss: 2.22035
  |- smoothness_loss: 0.06316
Val Loss Components:
  |- loss_rot: 0.05832
  |- loss_pos: 0.38190
  |- fk_loss: 2.23541
  |- smoothness_loss: 0.00679
LR: 5.000e-05
Hole frames in this epoch: [4, 16]

Epoch 345 | Train Loss: 0.29156 | Val Loss: 0.37549
Train Loss Components:
  |- loss_rot: 0.05298
  |- loss_pos: 0.10969
  |- fk_loss: 1.83632
  |- smoothness_loss: 0.06096
Val Loss Components:
  |- loss_rot: 0.05867
  |- loss_pos: 0.38192
  |- fk_loss: 2.24843
  |- smoothness_loss: 0.00736
LR: 5.000e-05
Hole frames in this epoch: [4, 16]

Epoch 346 | Train Loss: 0.29508 | Val Loss: 0.37523
Train Loss Components:
  |- loss_rot: 0.05791
  |- loss_pos: 0.30588
  |- fk_loss: 2.20494
  |- smoothness_loss: 0.05090
Val Loss Components:
  |- loss_rot: 0.05859
  |- loss_pos: 0.38184
  |- fk_loss: 2.24086
  |- smoothness_loss: 0.01473
LR: 5.000e-05
Hole frames in this epoch: [4, 16]

Epoch 347 | Train Loss: 0.29235 | Val Loss: 0.37594
Train Loss Components:
  |- loss_rot: 0.05121
  |- loss_pos: 0.05733
  |- fk_loss: 1.72647
  |- smoothness_loss: 0.06108
Val Loss Components:
  |- loss_rot: 0.05877
  |- loss_pos: 0.38181
  |- fk_loss: 2.25265
  |- smoothness_loss: 0.00681
LR: 5.000e-05
Hole frames in this epoch: [4, 16]

Epoch 348 | Train Loss: 0.29101 | Val Loss: 0.37495
Train Loss Components:
  |- loss_rot: 0.05664
  |- loss_pos: 0.16425
  |- fk_loss: 2.19671
  |- smoothness_loss: 0.05110
Val Loss Components:
  |- loss_rot: 0.05864
  |- loss_pos: 0.38182
  |- fk_loss: 2.22865
  |- smoothness_loss: 0.00700
LR: 5.000e-05
Hole frames in this epoch: [4, 16]

Epoch 349 | Train Loss: 0.30261 | Val Loss: 0.37528
Train Loss Components:
  |- loss_rot: 0.05788
  |- loss_pos: 0.27504
  |- fk_loss: 2.33820
  |- smoothness_loss: 0.04461
Val Loss Components:
  |- loss_rot: 0.05846
  |- loss_pos: 0.38182
  |- fk_loss: 2.23215
  |- smoothness_loss: 0.00678
LR: 5.000e-05
Hole frames in this epoch: [4, 16]

Epoch 350 | Train Loss: 0.29340 | Val Loss: 0.37483
Train Loss Components:
  |- loss_rot: 0.05235
  |- loss_pos: 0.08417
  |- fk_loss: 1.70552
  |- smoothness_loss: 0.09407
Val Loss Components:
  |- loss_rot: 0.05894
  |- loss_pos: 0.38186
  |- fk_loss: 2.23176
  |- smoothness_loss: 0.00678
LR: 5.000e-05
Hole frames in this epoch: [4, 16]

Epoch 351 | Train Loss: 0.29693 | Val Loss: 0.37489
Train Loss Components:
  |- loss_rot: 0.05239
  |- loss_pos: 0.07956
  |- fk_loss: 1.81317
  |- smoothness_loss: 0.06456
Val Loss Components:
  |- loss_rot: 0.05864
  |- loss_pos: 0.38177
  |- fk_loss: 2.23505
  |- smoothness_loss: 0.00674
LR: 5.000e-05
Hole frames in this epoch: [4, 16]

Epoch 352 | Train Loss: 0.28950 | Val Loss: 0.37475
Train Loss Components:
  |- loss_rot: 0.05610
  |- loss_pos: 0.18316
  |- fk_loss: 1.92135
  |- smoothness_loss: 0.05721
Val Loss Components:
  |- loss_rot: 0.05886
  |- loss_pos: 0.38195
  |- fk_loss: 2.23134
  |- smoothness_loss: 0.00886
LR: 5.000e-05
Hole frames in this epoch: [4, 16]

Epoch 353 | Train Loss: 0.28982 | Val Loss: 0.37580
Train Loss Components:
  |- loss_rot: 0.05499
  |- loss_pos: 0.12294
  |- fk_loss: 1.82269
  |- smoothness_loss: 0.07289
Val Loss Components:
  |- loss_rot: 0.05916
  |- loss_pos: 0.38182
  |- fk_loss: 2.24778
  |- smoothness_loss: 0.00679
LR: 5.000e-05
Hole frames in this epoch: [4, 16]

Epoch 354 | Train Loss: 0.29058 | Val Loss: 0.37491
Train Loss Components:
  |- loss_rot: 0.05687
  |- loss_pos: 0.24004
  |- fk_loss: 2.18123
  |- smoothness_loss: 0.07008
Val Loss Components:
  |- loss_rot: 0.05856
  |- loss_pos: 0.38189
  |- fk_loss: 2.23370
  |- smoothness_loss: 0.00764
LR: 5.000e-05
Hole frames in this epoch: [4, 16]

Epoch 355 | Train Loss: 0.30065 | Val Loss: 0.37462
Train Loss Components:
  |- loss_rot: 0.05841
  |- loss_pos: 0.28149
  |- fk_loss: 2.34187
  |- smoothness_loss: 0.05399
Val Loss Components:
  |- loss_rot: 0.05882
  |- loss_pos: 0.38184
  |- fk_loss: 2.22375
  |- smoothness_loss: 0.01565
LR: 5.000e-05
Hole frames in this epoch: [4, 16]

Epoch 356 | Train Loss: 0.28207 | Val Loss: 0.37482
Train Loss Components:
  |- loss_rot: 0.05420
  |- loss_pos: 0.12480
  |- fk_loss: 1.87912
  |- smoothness_loss: 0.05159
Val Loss Components:
  |- loss_rot: 0.05873
  |- loss_pos: 0.38181
  |- fk_loss: 2.22303
  |- smoothness_loss: 0.00687
LR: 5.000e-05
Hole frames in this epoch: [4, 16]

Epoch 357 | Train Loss: 0.29055 | Val Loss: 0.37468
Train Loss Components:
  |- loss_rot: 0.05609
  |- loss_pos: 0.17585
  |- fk_loss: 1.98920
  |- smoothness_loss: 0.06000
Val Loss Components:
  |- loss_rot: 0.05888
  |- loss_pos: 0.38187
  |- fk_loss: 2.23124
  |- smoothness_loss: 0.00681
LR: 5.000e-05
Hole frames in this epoch: [4, 16]

Epoch 358 | Train Loss: 0.29189 | Val Loss: 0.37483
Train Loss Components:
  |- loss_rot: 0.06026
  |- loss_pos: 0.37390
  |- fk_loss: 2.69278
  |- smoothness_loss: 0.05756
Val Loss Components:
  |- loss_rot: 0.05841
  |- loss_pos: 0.38178
  |- fk_loss: 2.21920
  |- smoothness_loss: 0.00681
LR: 5.000e-05
Hole frames in this epoch: [4, 16]

Epoch 359 | Train Loss: 0.29779 | Val Loss: 0.37465
Train Loss Components:
  |- loss_rot: 0.05769
  |- loss_pos: 0.20407
  |- fk_loss: 1.97693
  |- smoothness_loss: 0.04885
Val Loss Components:
  |- loss_rot: 0.05877
  |- loss_pos: 0.38182
  |- fk_loss: 2.22578
  |- smoothness_loss: 0.00683
LR: 5.000e-05
Hole frames in this epoch: [4, 16]

Epoch 360 | Train Loss: 0.29218 | Val Loss: 0.37433
Train Loss Components:
  |- loss_rot: 0.05952
  |- loss_pos: 0.34656
  |- fk_loss: 2.47152
  |- smoothness_loss: 0.05732
Val Loss Components:
  |- loss_rot: 0.05881
  |- loss_pos: 0.38200
  |- fk_loss: 2.22095
  |- smoothness_loss: 0.00678
LR: 5.000e-05
Hole frames in this epoch: [4, 16]

Epoch 361 | Train Loss: 0.29552 | Val Loss: 0.37454
Train Loss Components:
  |- loss_rot: 0.05504
  |- loss_pos: 0.14596
  |- fk_loss: 1.84308
  |- smoothness_loss: 0.06012
Val Loss Components:
  |- loss_rot: 0.05892
  |- loss_pos: 0.38179
  |- fk_loss: 2.23537
  |- smoothness_loss: 0.00682
LR: 5.000e-05
Hole frames in this epoch: [4, 16]

Epoch 362 | Train Loss: 0.28774 | Val Loss: 0.37488
Train Loss Components:
  |- loss_rot: 0.05935
  |- loss_pos: 0.33945
  |- fk_loss: 2.63207
  |- smoothness_loss: 0.04696
Val Loss Components:
  |- loss_rot: 0.05888
  |- loss_pos: 0.38181
  |- fk_loss: 2.22790
  |- smoothness_loss: 0.01401
LR: 5.000e-05
Hole frames in this epoch: [4, 16]

Epoch 363 | Train Loss: 0.29471 | Val Loss: 0.37448
Train Loss Components:
  |- loss_rot: 0.05568
  |- loss_pos: 0.17281
  |- fk_loss: 1.83882
  |- smoothness_loss: 0.04544
Val Loss Components:
  |- loss_rot: 0.05861
  |- loss_pos: 0.38187
  |- fk_loss: 2.22016
  |- smoothness_loss: 0.01190
LR: 5.000e-05
Hole frames in this epoch: [4, 16]

Epoch 364 | Train Loss: 0.29579 | Val Loss: 0.37422
Train Loss Components:
  |- loss_rot: 0.05750
  |- loss_pos: 0.20881
  |- fk_loss: 1.83501
  |- smoothness_loss: 0.04228
Val Loss Components:
  |- loss_rot: 0.05897
  |- loss_pos: 0.38189
  |- fk_loss: 2.22538
  |- smoothness_loss: 0.00682
LR: 5.000e-05
Hole frames in this epoch: [4, 16]

Epoch 365 | Train Loss: 0.28822 | Val Loss: 0.37455
Train Loss Components:
  |- loss_rot: 0.05679
  |- loss_pos: 0.19894
  |- fk_loss: 1.98577
  |- smoothness_loss: 0.05254
Val Loss Components:
  |- loss_rot: 0.05878
  |- loss_pos: 0.38190
  |- fk_loss: 2.23051
  |- smoothness_loss: 0.00686
LR: 5.000e-05
Hole frames in this epoch: [4, 16]

Epoch 366 | Train Loss: 0.29229 | Val Loss: 0.37431
Train Loss Components:
  |- loss_rot: 0.05526
  |- loss_pos: 0.18440
  |- fk_loss: 1.74168
  |- smoothness_loss: 0.06454
Val Loss Components:
  |- loss_rot: 0.05876
  |- loss_pos: 0.38185
  |- fk_loss: 2.23368
  |- smoothness_loss: 0.00684
LR: 5.000e-05
Hole frames in this epoch: [4, 16]

Epoch 367 | Train Loss: 0.29014 | Val Loss: 0.37431
Train Loss Components:
  |- loss_rot: 0.05312
  |- loss_pos: 0.10984
  |- fk_loss: 1.74501
  |- smoothness_loss: 0.08154
Val Loss Components:
  |- loss_rot: 0.05857
  |- loss_pos: 0.38181
  |- fk_loss: 2.23686
  |- smoothness_loss: 0.00682
LR: 5.000e-05
Hole frames in this epoch: [4, 16]

Epoch 368 | Train Loss: 0.30354 | Val Loss: 0.37428
Train Loss Components:
  |- loss_rot: 0.05198
  |- loss_pos: 0.08569
  |- fk_loss: 1.80867
  |- smoothness_loss: 0.09169
Val Loss Components:
  |- loss_rot: 0.05881
  |- loss_pos: 0.38185
  |- fk_loss: 2.23457
  |- smoothness_loss: 0.00681
LR: 5.000e-05
Hole frames in this epoch: [4, 16]

Epoch 369 | Train Loss: 0.28962 | Val Loss: 0.37420
Train Loss Components:
  |- loss_rot: 0.05843
  |- loss_pos: 0.33915
  |- fk_loss: 2.51278
  |- smoothness_loss: 0.05008
Val Loss Components:
  |- loss_rot: 0.05849
  |- loss_pos: 0.38203
  |- fk_loss: 2.23624
  |- smoothness_loss: 0.00679
LR: 5.000e-05
Hole frames in this epoch: [4, 16]

Epoch 370 | Train Loss: 0.29652 | Val Loss: 0.37412
Train Loss Components:
  |- loss_rot: 0.05862
  |- loss_pos: 0.29988
  |- fk_loss: 2.35664
  |- smoothness_loss: 0.04724
Val Loss Components:
  |- loss_rot: 0.05881
  |- loss_pos: 0.38181
  |- fk_loss: 2.22653
  |- smoothness_loss: 0.02629
LR: 5.000e-05
Hole frames in this epoch: [4, 16]

Epoch 371 | Train Loss: 0.28959 | Val Loss: 0.37388
Train Loss Components:
  |- loss_rot: 0.05281
  |- loss_pos: 0.13784
  |- fk_loss: 1.81083
  |- smoothness_loss: 0.06092
Val Loss Components:
  |- loss_rot: 0.05850
  |- loss_pos: 0.38182
  |- fk_loss: 2.22877
  |- smoothness_loss: 0.00683
LR: 5.000e-05
Hole frames in this epoch: [4, 16]

Epoch 372 | Train Loss: 0.29939 | Val Loss: 0.37383
Train Loss Components:
  |- loss_rot: 0.05811
  |- loss_pos: 0.20645
  |- fk_loss: 1.98999
  |- smoothness_loss: 0.06465
Val Loss Components:
  |- loss_rot: 0.05924
  |- loss_pos: 0.38179
  |- fk_loss: 2.22093
  |- smoothness_loss: 0.00679
LR: 5.000e-05
Hole frames in this epoch: [4, 16]

Epoch 373 | Train Loss: 0.28883 | Val Loss: 0.37474
Train Loss Components:
  |- loss_rot: 0.05665
  |- loss_pos: 0.17957
  |- fk_loss: 1.90366
  |- smoothness_loss: 0.06067
Val Loss Components:
  |- loss_rot: 0.05893
  |- loss_pos: 0.38184
  |- fk_loss: 2.23308
  |- smoothness_loss: 0.00680
LR: 5.000e-05
Hole frames in this epoch: [4, 16]

Epoch 374 | Train Loss: 0.29551 | Val Loss: 0.37380
Train Loss Components:
  |- loss_rot: 0.05526
  |- loss_pos: 0.15451
  |- fk_loss: 1.72143
  |- smoothness_loss: 0.05320
Val Loss Components:
  |- loss_rot: 0.05894
  |- loss_pos: 0.38186
  |- fk_loss: 2.23196
  |- smoothness_loss: 0.00882
LR: 5.000e-05
Hole frames in this epoch: [4, 16]

Epoch 375 | Train Loss: 0.28143 | Val Loss: 0.37401
Train Loss Components:
  |- loss_rot: 0.05744
  |- loss_pos: 0.27736
  |- fk_loss: 2.22769
  |- smoothness_loss: 0.05225
Val Loss Components:
  |- loss_rot: 0.05877
  |- loss_pos: 0.38181
  |- fk_loss: 2.21531
  |- smoothness_loss: 0.00753
LR: 5.000e-05
Hole frames in this epoch: [4, 16]

Epoch 376 | Train Loss: 0.29127 | Val Loss: 0.37363
Train Loss Components:
  |- loss_rot: 0.05465
  |- loss_pos: 0.10586
  |- fk_loss: 1.78789
  |- smoothness_loss: 0.05732
Val Loss Components:
  |- loss_rot: 0.05895
  |- loss_pos: 0.38183
  |- fk_loss: 2.22142
  |- smoothness_loss: 0.00681
LR: 5.000e-05
Hole frames in this epoch: [4, 16]

Epoch 377 | Train Loss: 0.28892 | Val Loss: 0.37376
Train Loss Components:
  |- loss_rot: 0.06067
  |- loss_pos: 0.29890
  |- fk_loss: 2.60897
  |- smoothness_loss: 0.05471
Val Loss Components:
  |- loss_rot: 0.05911
  |- loss_pos: 0.38180
  |- fk_loss: 2.22225
  |- smoothness_loss: 0.00679
LR: 5.000e-05
Hole frames in this epoch: [4, 16]

Epoch 378 | Train Loss: 0.29459 | Val Loss: 0.37394
Train Loss Components:
  |- loss_rot: 0.05755
  |- loss_pos: 0.16497
  |- fk_loss: 1.86912
  |- smoothness_loss: 0.04630
Val Loss Components:
  |- loss_rot: 0.05895
  |- loss_pos: 0.38190
  |- fk_loss: 2.23085
  |- smoothness_loss: 0.00681
LR: 5.000e-05
Hole frames in this epoch: [4, 16]

Epoch 379 | Train Loss: 0.29335 | Val Loss: 0.37415
Train Loss Components:
  |- loss_rot: 0.05552
  |- loss_pos: 0.16069
  |- fk_loss: 1.82561
  |- smoothness_loss: 0.05484
Val Loss Components:
  |- loss_rot: 0.05859
  |- loss_pos: 0.38180
  |- fk_loss: 2.23580
  |- smoothness_loss: 0.00684
LR: 5.000e-05
Hole frames in this epoch: [4, 16]

Epoch 380 | Train Loss: 0.28438 | Val Loss: 0.37416
Train Loss Components:
  |- loss_rot: 0.05927
  |- loss_pos: 0.38566
  |- fk_loss: 2.59186
  |- smoothness_loss: 0.06282
Val Loss Components:
  |- loss_rot: 0.05883
  |- loss_pos: 0.38182
  |- fk_loss: 2.23993
  |- smoothness_loss: 0.00680
LR: 5.000e-05
Hole frames in this epoch: [4, 16]

Epoch 381 | Train Loss: 0.28377 | Val Loss: 0.37394
Train Loss Components:
  |- loss_rot: 0.05549
  |- loss_pos: 0.15282
  |- fk_loss: 1.76311
  |- smoothness_loss: 0.05471
Val Loss Components:
  |- loss_rot: 0.05911
  |- loss_pos: 0.38202
  |- fk_loss: 2.22615
  |- smoothness_loss: 0.00681
LR: 5.000e-05
Hole frames in this epoch: [4, 16]

Epoch 382 | Train Loss: 0.29600 | Val Loss: 0.37357
Train Loss Components:
  |- loss_rot: 0.05487
  |- loss_pos: 0.16008
  |- fk_loss: 1.69473
  |- smoothness_loss: 0.05338
Val Loss Components:
  |- loss_rot: 0.05845
  |- loss_pos: 0.38187
  |- fk_loss: 2.22080
  |- smoothness_loss: 0.00678
LR: 5.000e-05
Hole frames in this epoch: [4, 16]

Epoch 383 | Train Loss: 0.29566 | Val Loss: 0.37359
Train Loss Components:
  |- loss_rot: 0.05838
  |- loss_pos: 0.29454
  |- fk_loss: 2.38362
  |- smoothness_loss: 0.07005
Val Loss Components:
  |- loss_rot: 0.05912
  |- loss_pos: 0.38190
  |- fk_loss: 2.22381
  |- smoothness_loss: 0.00727
LR: 5.000e-05
Hole frames in this epoch: [4, 16]

Epoch 384 | Train Loss: 0.28879 | Val Loss: 0.37366
Train Loss Components:
  |- loss_rot: 0.05721
  |- loss_pos: 0.31923
  |- fk_loss: 2.30688
  |- smoothness_loss: 0.05722
Val Loss Components:
  |- loss_rot: 0.05863
  |- loss_pos: 0.38183
  |- fk_loss: 2.22964
  |- smoothness_loss: 0.00679
LR: 5.000e-05
Hole frames in this epoch: [4, 16]

Epoch 385 | Train Loss: 0.27602 | Val Loss: 0.37460
Train Loss Components:
  |- loss_rot: 0.05756
  |- loss_pos: 0.22317
  |- fk_loss: 1.98057
  |- smoothness_loss: 0.04846
Val Loss Components:
  |- loss_rot: 0.05886
  |- loss_pos: 0.38187
  |- fk_loss: 2.21565
  |- smoothness_loss: 0.01584
LR: 5.000e-05
Hole frames in this epoch: [4, 16]

Epoch 386 | Train Loss: 0.28102 | Val Loss: 0.37372
Train Loss Components:
  |- loss_rot: 0.05482
  |- loss_pos: 0.14299
  |- fk_loss: 1.90514
  |- smoothness_loss: 0.06588
Val Loss Components:
  |- loss_rot: 0.05881
  |- loss_pos: 0.38185
  |- fk_loss: 2.21853
  |- smoothness_loss: 0.00678
LR: 5.000e-05
Hole frames in this epoch: [4, 16]

Epoch 387 | Train Loss: 0.29016 | Val Loss: 0.37340
Train Loss Components:
  |- loss_rot: 0.05544
  |- loss_pos: 0.14489
  |- fk_loss: 1.91904
  |- smoothness_loss: 0.04567
Val Loss Components:
  |- loss_rot: 0.05875
  |- loss_pos: 0.38182
  |- fk_loss: 2.21866
  |- smoothness_loss: 0.00681
LR: 5.000e-05
Hole frames in this epoch: [4, 16]

Epoch 388 | Train Loss: 0.29105 | Val Loss: 0.37432
Train Loss Components:
  |- loss_rot: 0.05857
  |- loss_pos: 0.29136
  |- fk_loss: 2.43558
  |- smoothness_loss: 0.05422
Val Loss Components:
  |- loss_rot: 0.05941
  |- loss_pos: 0.38191
  |- fk_loss: 2.24464
  |- smoothness_loss: 0.00696
LR: 5.000e-05
Hole frames in this epoch: [4, 16]

Epoch 389 | Train Loss: 0.29341 | Val Loss: 0.37378
Train Loss Components:
  |- loss_rot: 0.05909
  |- loss_pos: 0.33669
  |- fk_loss: 2.20034
  |- smoothness_loss: 0.04399
Val Loss Components:
  |- loss_rot: 0.05868
  |- loss_pos: 0.38185
  |- fk_loss: 2.23570
  |- smoothness_loss: 0.00741
LR: 5.000e-05
Hole frames in this epoch: [4, 16]

Epoch 390 | Train Loss: 0.29277 | Val Loss: 0.37392
Train Loss Components:
  |- loss_rot: 0.05420
  |- loss_pos: 0.13099
  |- fk_loss: 1.78008
  |- smoothness_loss: 0.07024
Val Loss Components:
  |- loss_rot: 0.05890
  |- loss_pos: 0.38183
  |- fk_loss: 2.23303
  |- smoothness_loss: 0.00680
LR: 5.000e-05
Hole frames in this epoch: [4, 16]

Epoch 391 | Train Loss: 0.28913 | Val Loss: 0.37324
Train Loss Components:
  |- loss_rot: 0.05523
  |- loss_pos: 0.11066
  |- fk_loss: 1.79960
  |- smoothness_loss: 0.04665
Val Loss Components:
  |- loss_rot: 0.05906
  |- loss_pos: 0.38182
  |- fk_loss: 2.22381
  |- smoothness_loss: 0.00699
LR: 5.000e-05
Hole frames in this epoch: [4, 16]

Epoch 392 | Train Loss: 0.29682 | Val Loss: 0.37331
Train Loss Components:
  |- loss_rot: 0.05914
  |- loss_pos: 0.28945
  |- fk_loss: 2.25758
  |- smoothness_loss: 0.05696
Val Loss Components:
  |- loss_rot: 0.05907
  |- loss_pos: 0.38185
  |- fk_loss: 2.22452
  |- smoothness_loss: 0.00684
LR: 5.000e-05
Hole frames in this epoch: [4, 16]

Epoch 393 | Train Loss: 0.28186 | Val Loss: 0.37319
Train Loss Components:
  |- loss_rot: 0.06056
  |- loss_pos: 0.33089
  |- fk_loss: 2.47969
  |- smoothness_loss: 0.04581
Val Loss Components:
  |- loss_rot: 0.05902
  |- loss_pos: 0.38184
  |- fk_loss: 2.22087
  |- smoothness_loss: 0.00922
LR: 5.000e-05
Hole frames in this epoch: [4, 16]

Epoch 394 | Train Loss: 0.29103 | Val Loss: 0.37329
Train Loss Components:
  |- loss_rot: 0.05309
  |- loss_pos: 0.12735
  |- fk_loss: 1.72351
  |- smoothness_loss: 0.05646
Val Loss Components:
  |- loss_rot: 0.05865
  |- loss_pos: 0.38184
  |- fk_loss: 2.21895
  |- smoothness_loss: 0.00684
LR: 5.000e-05
Hole frames in this epoch: [4, 16]

Epoch 395 | Train Loss: 0.29169 | Val Loss: 0.37425
Train Loss Components:
  |- loss_rot: 0.05511
  |- loss_pos: 0.20032
  |- fk_loss: 1.74437
  |- smoothness_loss: 0.04861
Val Loss Components:
  |- loss_rot: 0.05887
  |- loss_pos: 0.38181
  |- fk_loss: 2.24520
  |- smoothness_loss: 0.00686
LR: 5.000e-05
Hole frames in this epoch: [4, 16]

Epoch 396 | Train Loss: 0.29318 | Val Loss: 0.37329
Train Loss Components:
  |- loss_rot: 0.05399
  |- loss_pos: 0.07762
  |- fk_loss: 1.57730
  |- smoothness_loss: 0.05188
Val Loss Components:
  |- loss_rot: 0.05910
  |- loss_pos: 0.38179
  |- fk_loss: 2.21741
  |- smoothness_loss: 0.01170
LR: 5.000e-05
Hole frames in this epoch: [4, 16]

Epoch 397 | Train Loss: 0.30042 | Val Loss: 0.37316
Train Loss Components:
  |- loss_rot: 0.05421
  |- loss_pos: 0.12816
  |- fk_loss: 1.82290
  |- smoothness_loss: 0.05044
Val Loss Components:
  |- loss_rot: 0.05873
  |- loss_pos: 0.38186
  |- fk_loss: 2.21746
  |- smoothness_loss: 0.00676
LR: 5.000e-05
Hole frames in this epoch: [4, 16]

Epoch 398 | Train Loss: 0.28671 | Val Loss: 0.37292
Train Loss Components:
  |- loss_rot: 0.05678
  |- loss_pos: 0.22820
  |- fk_loss: 2.11851
  |- smoothness_loss: 0.04392
Val Loss Components:
  |- loss_rot: 0.05888
  |- loss_pos: 0.38185
  |- fk_loss: 2.21365
  |- smoothness_loss: 0.00676
LR: 5.000e-05
Hole frames in this epoch: [4, 16]

Epoch 399 | Train Loss: 0.28697 | Val Loss: 0.37322
Train Loss Components:
  |- loss_rot: 0.05628
  |- loss_pos: 0.13542
  |- fk_loss: 2.09309
  |- smoothness_loss: 0.05334
Val Loss Components:
  |- loss_rot: 0.05907
  |- loss_pos: 0.38183
  |- fk_loss: 2.21883
  |- smoothness_loss: 0.00680
LR: 5.000e-05
Hole frames in this epoch: [4, 16]

Epoch 400 | Train Loss: 0.28453 | Val Loss: 0.37320
Train Loss Components:
  |- loss_rot: 0.05631
  |- loss_pos: 0.18825
  |- fk_loss: 1.96659
  |- smoothness_loss: 0.06052
Val Loss Components:
  |- loss_rot: 0.05882
  |- loss_pos: 0.38199
  |- fk_loss: 2.21438
  |- smoothness_loss: 0.00683
LR: 5.000e-05
Hole frames in this epoch: [4, 16]

Epoch 401 | Train Loss: 0.29174 | Val Loss: 0.37323
Train Loss Components:
  |- loss_rot: 0.05191
  |- loss_pos: 0.09738
  |- fk_loss: 1.82229
  |- smoothness_loss: 0.05835
Val Loss Components:
  |- loss_rot: 0.05909
  |- loss_pos: 0.38178
  |- fk_loss: 2.22373
  |- smoothness_loss: 0.00679
LR: 5.000e-05
Hole frames in this epoch: [4, 16]

Epoch 402 | Train Loss: 0.28986 | Val Loss: 0.37341
Train Loss Components:
  |- loss_rot: 0.05235
  |- loss_pos: 0.09461
  |- fk_loss: 1.76764
  |- smoothness_loss: 0.07204
Val Loss Components:
  |- loss_rot: 0.05895
  |- loss_pos: 0.38185
  |- fk_loss: 2.22352
  |- smoothness_loss: 0.00688
LR: 5.000e-05
Hole frames in this epoch: [4, 16]

Epoch 403 | Train Loss: 0.29086 | Val Loss: 0.37313
Train Loss Components:
  |- loss_rot: 0.05597
  |- loss_pos: 0.15664
  |- fk_loss: 2.03017
  |- smoothness_loss: 0.04909
Val Loss Components:
  |- loss_rot: 0.05871
  |- loss_pos: 0.38184
  |- fk_loss: 2.22623
  |- smoothness_loss: 0.00680
LR: 5.000e-05
Hole frames in this epoch: [4, 16]

Epoch 404 | Train Loss: 0.29108 | Val Loss: 0.37264
Train Loss Components:
  |- loss_rot: 0.05420
  |- loss_pos: 0.14428
  |- fk_loss: 1.68130
  |- smoothness_loss: 0.06439
Val Loss Components:
  |- loss_rot: 0.05899
  |- loss_pos: 0.38182
  |- fk_loss: 2.21171
  |- smoothness_loss: 0.00683
LR: 5.000e-05
Hole frames in this epoch: [4, 16]

Epoch 405 | Train Loss: 0.29333 | Val Loss: 0.37272
Train Loss Components:
  |- loss_rot: 0.05552
  |- loss_pos: 0.17209
  |- fk_loss: 1.65575
  |- smoothness_loss: 0.05718
Val Loss Components:
  |- loss_rot: 0.05875
  |- loss_pos: 0.38184
  |- fk_loss: 2.22127
  |- smoothness_loss: 0.00677
LR: 5.000e-05
Hole frames in this epoch: [4, 16]

Epoch 406 | Train Loss: 0.28069 | Val Loss: 0.37265
Train Loss Components:
  |- loss_rot: 0.05951
  |- loss_pos: 0.28876
  |- fk_loss: 2.55323
  |- smoothness_loss: 0.06032
Val Loss Components:
  |- loss_rot: 0.05887
  |- loss_pos: 0.38180
  |- fk_loss: 2.20723
  |- smoothness_loss: 0.00678
LR: 5.000e-05
Hole frames in this epoch: [4, 16]

Epoch 407 | Train Loss: 0.28502 | Val Loss: 0.37261
Train Loss Components:
  |- loss_rot: 0.05586
  |- loss_pos: 0.20784
  |- fk_loss: 1.85268
  |- smoothness_loss: 0.06557
Val Loss Components:
  |- loss_rot: 0.05876
  |- loss_pos: 0.38185
  |- fk_loss: 2.21157
  |- smoothness_loss: 0.00780
LR: 5.000e-05
Hole frames in this epoch: [4, 16]

Epoch 408 | Train Loss: 0.29100 | Val Loss: 0.37332
Train Loss Components:
  |- loss_rot: 0.05331
  |- loss_pos: 0.16010
  |- fk_loss: 1.86515
  |- smoothness_loss: 0.05993
Val Loss Components:
  |- loss_rot: 0.05854
  |- loss_pos: 0.38183
  |- fk_loss: 2.20915
  |- smoothness_loss: 0.00677
LR: 5.000e-05
Hole frames in this epoch: [4, 16]

Epoch 409 | Train Loss: 0.29325 | Val Loss: 0.37361
Train Loss Components:
  |- loss_rot: 0.05495
  |- loss_pos: 0.16318
  |- fk_loss: 1.94741
  |- smoothness_loss: 0.04872
Val Loss Components:
  |- loss_rot: 0.05872
  |- loss_pos: 0.38188
  |- fk_loss: 2.23336
  |- smoothness_loss: 0.00688
LR: 5.000e-05
Hole frames in this epoch: [4, 16]

Epoch 410 | Train Loss: 0.27991 | Val Loss: 0.37265
Train Loss Components:
  |- loss_rot: 0.05707
  |- loss_pos: 0.22671
  |- fk_loss: 2.00839
  |- smoothness_loss: 0.04387
Val Loss Components:
  |- loss_rot: 0.05873
  |- loss_pos: 0.38203
  |- fk_loss: 2.21070
  |- smoothness_loss: 0.00678
LR: 5.000e-05
Hole frames in this epoch: [4, 16]

Epoch 411 | Train Loss: 0.29847 | Val Loss: 0.37257
Train Loss Components:
  |- loss_rot: 0.05426
  |- loss_pos: 0.15311
  |- fk_loss: 1.58387
  |- smoothness_loss: 0.04286
Val Loss Components:
  |- loss_rot: 0.05882
  |- loss_pos: 0.38184
  |- fk_loss: 2.21700
  |- smoothness_loss: 0.00694
LR: 2.500e-05
Hole frames in this epoch: [4, 16]

Epoch 412 | Train Loss: 0.29069 | Val Loss: 0.37252
Train Loss Components:
  |- loss_rot: 0.05441
  |- loss_pos: 0.14302
  |- fk_loss: 1.72417
  |- smoothness_loss: 0.05291
Val Loss Components:
  |- loss_rot: 0.05892
  |- loss_pos: 0.38183
  |- fk_loss: 2.22009
  |- smoothness_loss: 0.00703
LR: 2.500e-05
Hole frames in this epoch: [4, 16]

Epoch 413 | Train Loss: 0.30257 | Val Loss: 0.37285
Train Loss Components:
  |- loss_rot: 0.05803
  |- loss_pos: 0.29784
  |- fk_loss: 2.17564
  |- smoothness_loss: 0.04899
Val Loss Components:
  |- loss_rot: 0.05887
  |- loss_pos: 0.38182
  |- fk_loss: 2.22319
  |- smoothness_loss: 0.00718
LR: 2.500e-05
Hole frames in this epoch: [4, 16]

Epoch 414 | Train Loss: 0.28705 | Val Loss: 0.37284
Train Loss Components:
  |- loss_rot: 0.05625
  |- loss_pos: 0.21825
  |- fk_loss: 1.81805
  |- smoothness_loss: 0.04676
Val Loss Components:
  |- loss_rot: 0.05882
  |- loss_pos: 0.38184
  |- fk_loss: 2.22000
  |- smoothness_loss: 0.00768
LR: 2.500e-05
Hole frames in this epoch: [4, 16]

Epoch 415 | Train Loss: 0.28906 | Val Loss: 0.37252
Train Loss Components:
  |- loss_rot: 0.05234
  |- loss_pos: 0.11969
  |- fk_loss: 1.68024
  |- smoothness_loss: 0.05174
Val Loss Components:
  |- loss_rot: 0.05872
  |- loss_pos: 0.38183
  |- fk_loss: 2.21528
  |- smoothness_loss: 0.00682
LR: 2.500e-05
Hole frames in this epoch: [4, 16]

Epoch 416 | Train Loss: 0.28797 | Val Loss: 0.37257
Train Loss Components:
  |- loss_rot: 0.05637
  |- loss_pos: 0.19577
  |- fk_loss: 1.73739
  |- smoothness_loss: 0.04157
Val Loss Components:
  |- loss_rot: 0.05855
  |- loss_pos: 0.38184
  |- fk_loss: 2.20344
  |- smoothness_loss: 0.00761
LR: 2.500e-05
Hole frames in this epoch: [4, 16]

Epoch 417 | Train Loss: 0.28794 | Val Loss: 0.37239
Train Loss Components:
  |- loss_rot: 0.05188
  |- loss_pos: 0.06453
  |- fk_loss: 1.56641
  |- smoothness_loss: 0.09018
Val Loss Components:
  |- loss_rot: 0.05881
  |- loss_pos: 0.38183
  |- fk_loss: 2.21174
  |- smoothness_loss: 0.00679
LR: 2.500e-05
Hole frames in this epoch: [4, 16]

Epoch 418 | Train Loss: 0.29223 | Val Loss: 0.37248
Train Loss Components:
  |- loss_rot: 0.05833
  |- loss_pos: 0.26614
  |- fk_loss: 2.26943
  |- smoothness_loss: 0.04622
Val Loss Components:
  |- loss_rot: 0.05893
  |- loss_pos: 0.38180
  |- fk_loss: 2.20731
  |- smoothness_loss: 0.00679
LR: 2.500e-05
Hole frames in this epoch: [4, 16]

Epoch 419 | Train Loss: 0.29248 | Val Loss: 0.37257
Train Loss Components:
  |- loss_rot: 0.05973
  |- loss_pos: 0.25885
  |- fk_loss: 2.47709
  |- smoothness_loss: 0.05348
Val Loss Components:
  |- loss_rot: 0.05886
  |- loss_pos: 0.38183
  |- fk_loss: 2.21599
  |- smoothness_loss: 0.00702
LR: 2.500e-05
Hole frames in this epoch: [4, 16]

Epoch 420 | Train Loss: 0.29685 | Val Loss: 0.37242
Train Loss Components:
  |- loss_rot: 0.06160
  |- loss_pos: 0.45985
  |- fk_loss: 2.79873
  |- smoothness_loss: 0.04488
Val Loss Components:
  |- loss_rot: 0.05886
  |- loss_pos: 0.38179
  |- fk_loss: 2.21477
  |- smoothness_loss: 0.00682
LR: 2.500e-05
Hole frames in this epoch: [4, 16]

Epoch 421 | Train Loss: 0.28889 | Val Loss: 0.37241
Train Loss Components:
  |- loss_rot: 0.05258
  |- loss_pos: 0.10013
  |- fk_loss: 1.68395
  |- smoothness_loss: 0.04611
Val Loss Components:
  |- loss_rot: 0.05855
  |- loss_pos: 0.38181
  |- fk_loss: 2.21347
  |- smoothness_loss: 0.00681
LR: 2.500e-05
Hole frames in this epoch: [4, 16]

Epoch 422 | Train Loss: 0.29349 | Val Loss: 0.37229
Train Loss Components:
  |- loss_rot: 0.05756
  |- loss_pos: 0.29100
  |- fk_loss: 2.28304
  |- smoothness_loss: 0.03524
Val Loss Components:
  |- loss_rot: 0.05862
  |- loss_pos: 0.38192
  |- fk_loss: 2.21039
  |- smoothness_loss: 0.00682
LR: 2.500e-05
Hole frames in this epoch: [4, 16]

Epoch 423 | Train Loss: 0.28581 | Val Loss: 0.37236
Train Loss Components:
  |- loss_rot: 0.05922
  |- loss_pos: 0.26604
  |- fk_loss: 2.24757
  |- smoothness_loss: 0.03557
Val Loss Components:
  |- loss_rot: 0.05876
  |- loss_pos: 0.38181
  |- fk_loss: 2.20871
  |- smoothness_loss: 0.00678
LR: 2.500e-05
Hole frames in this epoch: [4, 16]

Epoch 424 | Train Loss: 0.28219 | Val Loss: 0.37303
Train Loss Components:
  |- loss_rot: 0.05796
  |- loss_pos: 0.23670
  |- fk_loss: 2.06964
  |- smoothness_loss: 0.04460
Val Loss Components:
  |- loss_rot: 0.05879
  |- loss_pos: 0.38186
  |- fk_loss: 2.22546
  |- smoothness_loss: 0.00679
LR: 2.500e-05
Hole frames in this epoch: [4, 16]

Epoch 425 | Train Loss: 0.28799 | Val Loss: 0.37220
Train Loss Components:
  |- loss_rot: 0.05684
  |- loss_pos: 0.22150
  |- fk_loss: 2.14840
  |- smoothness_loss: 0.04968
Val Loss Components:
  |- loss_rot: 0.05859
  |- loss_pos: 0.38181
  |- fk_loss: 2.20769
  |- smoothness_loss: 0.00779
LR: 2.500e-05
Hole frames in this epoch: [4, 16]

Epoch 426 | Train Loss: 0.28593 | Val Loss: 0.37224
Train Loss Components:
  |- loss_rot: 0.05266
  |- loss_pos: 0.09142
  |- fk_loss: 1.54791
  |- smoothness_loss: 0.06349
Val Loss Components:
  |- loss_rot: 0.05876
  |- loss_pos: 0.38183
  |- fk_loss: 2.20429
  |- smoothness_loss: 0.00681
LR: 2.500e-05
Hole frames in this epoch: [4, 16]

Epoch 427 | Train Loss: 0.29713 | Val Loss: 0.37213
Train Loss Components:
  |- loss_rot: 0.05949
  |- loss_pos: 0.26729
  |- fk_loss: 2.46268
  |- smoothness_loss: 0.05100
Val Loss Components:
  |- loss_rot: 0.05861
  |- loss_pos: 0.38183
  |- fk_loss: 2.20547
  |- smoothness_loss: 0.00680
LR: 2.500e-05
Hole frames in this epoch: [4, 16]

Epoch 428 | Train Loss: 0.28831 | Val Loss: 0.37221
Train Loss Components:
  |- loss_rot: 0.05397
  |- loss_pos: 0.14310
  |- fk_loss: 1.89682
  |- smoothness_loss: 0.04984
Val Loss Components:
  |- loss_rot: 0.05873
  |- loss_pos: 0.38182
  |- fk_loss: 2.21152
  |- smoothness_loss: 0.00682
LR: 2.500e-05
Hole frames in this epoch: [4, 16]

Epoch 429 | Train Loss: 0.29167 | Val Loss: 0.37216
Train Loss Components:
  |- loss_rot: 0.05141
  |- loss_pos: 0.05597
  |- fk_loss: 1.55213
  |- smoothness_loss: 0.07786
Val Loss Components:
  |- loss_rot: 0.05872
  |- loss_pos: 0.38180
  |- fk_loss: 2.21110
  |- smoothness_loss: 0.00770
LR: 2.500e-05
Hole frames in this epoch: [4, 16]

Epoch 430 | Train Loss: 0.29022 | Val Loss: 0.37261
Train Loss Components:
  |- loss_rot: 0.05509
  |- loss_pos: 0.18477
  |- fk_loss: 1.97981
  |- smoothness_loss: 0.04966
Val Loss Components:
  |- loss_rot: 0.05855
  |- loss_pos: 0.38177
  |- fk_loss: 2.20063
  |- smoothness_loss: 0.00844
LR: 2.500e-05
Hole frames in this epoch: [4, 16]

Epoch 431 | Train Loss: 0.28219 | Val Loss: 0.37218
Train Loss Components:
  |- loss_rot: 0.05167
  |- loss_pos: 0.05774
  |- fk_loss: 1.82506
  |- smoothness_loss: 0.06876
Val Loss Components:
  |- loss_rot: 0.05881
  |- loss_pos: 0.38185
  |- fk_loss: 2.21154
  |- smoothness_loss: 0.00681
LR: 2.500e-05
Hole frames in this epoch: [4, 16]

Epoch 432 | Train Loss: 0.30941 | Val Loss: 0.37225
Train Loss Components:
  |- loss_rot: 0.05923
  |- loss_pos: 0.28410
  |- fk_loss: 2.45002
  |- smoothness_loss: 0.05038
Val Loss Components:
  |- loss_rot: 0.05845
  |- loss_pos: 0.38188
  |- fk_loss: 2.22321
  |- smoothness_loss: 0.00685
LR: 2.500e-05
Hole frames in this epoch: [4, 16]

Epoch 433 | Train Loss: 0.28309 | Val Loss: 0.37213
Train Loss Components:
  |- loss_rot: 0.05942
  |- loss_pos: 0.27245
  |- fk_loss: 2.28114
  |- smoothness_loss: 0.04229
Val Loss Components:
  |- loss_rot: 0.05867
  |- loss_pos: 0.38181
  |- fk_loss: 2.20767
  |- smoothness_loss: 0.00678
LR: 2.500e-05
Hole frames in this epoch: [4, 16]

Epoch 434 | Train Loss: 0.29626 | Val Loss: 0.37203
Train Loss Components:
  |- loss_rot: 0.05671
  |- loss_pos: 0.16608
  |- fk_loss: 2.08882
  |- smoothness_loss: 0.05489
Val Loss Components:
  |- loss_rot: 0.05856
  |- loss_pos: 0.38184
  |- fk_loss: 2.20705
  |- smoothness_loss: 0.00681
LR: 1.250e-05
Hole frames in this epoch: [4, 16]

Epoch 435 | Train Loss: 0.28408 | Val Loss: 0.37211
Train Loss Components:
  |- loss_rot: 0.05341
  |- loss_pos: 0.12126
  |- fk_loss: 1.65102
  |- smoothness_loss: 0.04273
Val Loss Components:
  |- loss_rot: 0.05872
  |- loss_pos: 0.38183
  |- fk_loss: 2.20796
  |- smoothness_loss: 0.00794
LR: 1.250e-05
Hole frames in this epoch: [4, 16]

Epoch 436 | Train Loss: 0.28261 | Val Loss: 0.37211
Train Loss Components:
  |- loss_rot: 0.05704
  |- loss_pos: 0.24441
  |- fk_loss: 2.28662
  |- smoothness_loss: 0.04433
Val Loss Components:
  |- loss_rot: 0.05852
  |- loss_pos: 0.38186
  |- fk_loss: 2.21096
  |- smoothness_loss: 0.01034
LR: 1.250e-05
Hole frames in this epoch: [4, 16]

Epoch 437 | Train Loss: 0.28315 | Val Loss: 0.37219
Train Loss Components:
  |- loss_rot: 0.05409
  |- loss_pos: 0.16149
  |- fk_loss: 1.75693
  |- smoothness_loss: 0.04774
Val Loss Components:
  |- loss_rot: 0.05860
  |- loss_pos: 0.38180
  |- fk_loss: 2.20612
  |- smoothness_loss: 0.00852
LR: 1.250e-05
Hole frames in this epoch: [4, 16]

Epoch 438 | Train Loss: 0.30079 | Val Loss: 0.37220
Train Loss Components:
  |- loss_rot: 0.05638
  |- loss_pos: 0.26654
  |- fk_loss: 2.05022
  |- smoothness_loss: 0.04950
Val Loss Components:
  |- loss_rot: 0.05852
  |- loss_pos: 0.38180
  |- fk_loss: 2.21470
  |- smoothness_loss: 0.00680
LR: 1.250e-05
Hole frames in this epoch: [4, 16]

Epoch 439 | Train Loss: 0.28556 | Val Loss: 0.37227
Train Loss Components:
  |- loss_rot: 0.05804
  |- loss_pos: 0.22924
  |- fk_loss: 2.04518
  |- smoothness_loss: 0.05098
Val Loss Components:
  |- loss_rot: 0.05857
  |- loss_pos: 0.38182
  |- fk_loss: 2.21959
  |- smoothness_loss: 0.03397
LR: 1.250e-05
Hole frames in this epoch: [4, 16]

Epoch 440 | Train Loss: 0.28064 | Val Loss: 0.37198
Train Loss Components:
  |- loss_rot: 0.05362
  |- loss_pos: 0.11141
  |- fk_loss: 1.66908
  |- smoothness_loss: 0.05278
Val Loss Components:
  |- loss_rot: 0.05849
  |- loss_pos: 0.38186
  |- fk_loss: 2.20836
  |- smoothness_loss: 0.00679
LR: 1.250e-05
Hole frames in this epoch: [4, 16]

Epoch 441 | Train Loss: 0.28427 | Val Loss: 0.37202
Train Loss Components:
  |- loss_rot: 0.05337
  |- loss_pos: 0.11517
  |- fk_loss: 1.68973
  |- smoothness_loss: 0.06277
Val Loss Components:
  |- loss_rot: 0.05860
  |- loss_pos: 0.38181
  |- fk_loss: 2.20565
  |- smoothness_loss: 0.00698
LR: 1.250e-05
Hole frames in this epoch: [4, 16]

Epoch 442 | Train Loss: 0.28136 | Val Loss: 0.37218
Train Loss Components:
  |- loss_rot: 0.05746
  |- loss_pos: 0.32871
  |- fk_loss: 2.24294
  |- smoothness_loss: 0.06230
Val Loss Components:
  |- loss_rot: 0.05875
  |- loss_pos: 0.38179
  |- fk_loss: 2.20772
  |- smoothness_loss: 0.00815
LR: 1.250e-05
Hole frames in this epoch: [4, 16]

Epoch 443 | Train Loss: 0.29086 | Val Loss: 0.37233
Train Loss Components:
  |- loss_rot: 0.05521
  |- loss_pos: 0.14261
  |- fk_loss: 1.88096
  |- smoothness_loss: 0.04397
Val Loss Components:
  |- loss_rot: 0.05870
  |- loss_pos: 0.38183
  |- fk_loss: 2.21152
  |- smoothness_loss: 0.00681
LR: 1.250e-05
Hole frames in this epoch: [4, 16]

Epoch 444 | Train Loss: 0.28279 | Val Loss: 0.37255
Train Loss Components:
  |- loss_rot: 0.05809
  |- loss_pos: 0.28466
  |- fk_loss: 2.26536
  |- smoothness_loss: 0.03921
Val Loss Components:
  |- loss_rot: 0.05853
  |- loss_pos: 0.38181
  |- fk_loss: 2.22082
  |- smoothness_loss: 0.00681
LR: 1.250e-05
Hole frames in this epoch: [4, 16]

Epoch 445 | Train Loss: 0.27895 | Val Loss: 0.37220
Train Loss Components:
  |- loss_rot: 0.05314
  |- loss_pos: 0.08669
  |- fk_loss: 1.72456
  |- smoothness_loss: 0.06414
Val Loss Components:
  |- loss_rot: 0.05862
  |- loss_pos: 0.38184
  |- fk_loss: 2.21301
  |- smoothness_loss: 0.02244
LR: 1.250e-05
Hole frames in this epoch: [4, 16]

Epoch 446 | Train Loss: 0.28883 | Val Loss: 0.37196
Train Loss Components:
  |- loss_rot: 0.05129
  |- loss_pos: 0.03757
  |- fk_loss: 1.62223
  |- smoothness_loss: 0.05392
Val Loss Components:
  |- loss_rot: 0.05864
  |- loss_pos: 0.38181
  |- fk_loss: 2.20651
  |- smoothness_loss: 0.00678
LR: 1.250e-05
Hole frames in this epoch: [4, 16]

Epoch 447 | Train Loss: 0.28830 | Val Loss: 0.37191
Train Loss Components:
  |- loss_rot: 0.05199
  |- loss_pos: 0.07120
  |- fk_loss: 1.76622
  |- smoothness_loss: 0.05290
Val Loss Components:
  |- loss_rot: 0.05855
  |- loss_pos: 0.38179
  |- fk_loss: 2.20723
  |- smoothness_loss: 0.00707
LR: 6.250e-06
Hole frames in this epoch: [4, 16]

Epoch 448 | Train Loss: 0.28874 | Val Loss: 0.37188
Train Loss Components:
  |- loss_rot: 0.05910
  |- loss_pos: 0.21613
  |- fk_loss: 2.22950
  |- smoothness_loss: 0.03488
Val Loss Components:
  |- loss_rot: 0.05862
  |- loss_pos: 0.38181
  |- fk_loss: 2.20273
  |- smoothness_loss: 0.00680
LR: 6.250e-06
Hole frames in this epoch: [4, 16]

Epoch 449 | Train Loss: 0.28921 | Val Loss: 0.37235
Train Loss Components:
  |- loss_rot: 0.05416
  |- loss_pos: 0.13781
  |- fk_loss: 1.72652
  |- smoothness_loss: 0.04414
Val Loss Components:
  |- loss_rot: 0.05866
  |- loss_pos: 0.38183
  |- fk_loss: 2.21379
  |- smoothness_loss: 0.00681
LR: 6.250e-06
Hole frames in this epoch: [4, 16]

Epoch 450 | Train Loss: 0.28887 | Val Loss: 0.37206
Train Loss Components:
  |- loss_rot: 0.05165
  |- loss_pos: 0.06103
  |- fk_loss: 1.60891
  |- smoothness_loss: 0.03227
Val Loss Components:
  |- loss_rot: 0.05866
  |- loss_pos: 0.38182
  |- fk_loss: 2.21170
  |- smoothness_loss: 0.00689
LR: 6.250e-06
Hole frames in this epoch: [4, 16]

Epoch 451 | Train Loss: 0.28313 | Val Loss: 0.37195
Train Loss Components:
  |- loss_rot: 0.05442
  |- loss_pos: 0.14496
  |- fk_loss: 1.74120
  |- smoothness_loss: 0.04181
Val Loss Components:
  |- loss_rot: 0.05862
  |- loss_pos: 0.38181
  |- fk_loss: 2.20612
  |- smoothness_loss: 0.00681
LR: 6.250e-06
Hole frames in this epoch: [4, 16]

Epoch 452 | Train Loss: 0.28488 | Val Loss: 0.37226
Train Loss Components:
  |- loss_rot: 0.05421
  |- loss_pos: 0.16225
  |- fk_loss: 1.81192
  |- smoothness_loss: 0.04852
Val Loss Components:
  |- loss_rot: 0.05865
  |- loss_pos: 0.38185
  |- fk_loss: 2.21693
  |- smoothness_loss: 0.00680
LR: 6.250e-06
Hole frames in this epoch: [4, 16]

Epoch 453 | Train Loss: 0.29717 | Val Loss: 0.37192
Train Loss Components:
  |- loss_rot: 0.05630
  |- loss_pos: 0.15775
  |- fk_loss: 1.94493
  |- smoothness_loss: 0.04984
Val Loss Components:
  |- loss_rot: 0.05875
  |- loss_pos: 0.38181
  |- fk_loss: 2.20191
  |- smoothness_loss: 0.00680
LR: 6.250e-06
Hole frames in this epoch: [4, 16]

Epoch 454 | Train Loss: 0.29241 | Val Loss: 0.37186
Train Loss Components:
  |- loss_rot: 0.05629
  |- loss_pos: 0.21704
  |- fk_loss: 2.10941
  |- smoothness_loss: 0.05491
Val Loss Components:
  |- loss_rot: 0.05866
  |- loss_pos: 0.38181
  |- fk_loss: 2.20485
  |- smoothness_loss: 0.00680
LR: 3.125e-06
Hole frames in this epoch: [4, 16]

Epoch 455 | Train Loss: 0.29028 | Val Loss: 0.37225
Train Loss Components:
  |- loss_rot: 0.05918
  |- loss_pos: 0.41355
  |- fk_loss: 2.44489
  |- smoothness_loss: 0.04935
Val Loss Components:
  |- loss_rot: 0.05875
  |- loss_pos: 0.38181
  |- fk_loss: 2.21473
  |- smoothness_loss: 0.00833
LR: 3.125e-06
Hole frames in this epoch: [4, 16]

Epoch 456 | Train Loss: 0.29196 | Val Loss: 0.37260
Train Loss Components:
  |- loss_rot: 0.05923
  |- loss_pos: 0.28081
  |- fk_loss: 2.07044
  |- smoothness_loss: 0.04921
Val Loss Components:
  |- loss_rot: 0.05876
  |- loss_pos: 0.38183
  |- fk_loss: 2.22122
  |- smoothness_loss: 0.00680
LR: 3.125e-06
Hole frames in this epoch: [4, 16]

Epoch 457 | Train Loss: 0.28389 | Val Loss: 0.37213
Train Loss Components:
  |- loss_rot: 0.05314
  |- loss_pos: 0.09700
  |- fk_loss: 1.79830
  |- smoothness_loss: 0.10042
Val Loss Components:
  |- loss_rot: 0.05876
  |- loss_pos: 0.38185
  |- fk_loss: 2.20685
  |- smoothness_loss: 0.00680
LR: 3.125e-06
Hole frames in this epoch: [4, 16]

Epoch 458 | Train Loss: 0.29829 | Val Loss: 0.37187
Train Loss Components:
  |- loss_rot: 0.05240
  |- loss_pos: 0.05986
  |- fk_loss: 1.42808
  |- smoothness_loss: 0.04579
Val Loss Components:
  |- loss_rot: 0.05865
  |- loss_pos: 0.38181
  |- fk_loss: 2.20370
  |- smoothness_loss: 0.00681
LR: 3.125e-06
Hole frames in this epoch: [4, 16]

Epoch 459 | Train Loss: 0.28915 | Val Loss: 0.37199
Train Loss Components:
  |- loss_rot: 0.05163
  |- loss_pos: 0.06864
  |- fk_loss: 1.54407
  |- smoothness_loss: 0.06641
Val Loss Components:
  |- loss_rot: 0.05851
  |- loss_pos: 0.38181
  |- fk_loss: 2.21086
  |- smoothness_loss: 0.00680
LR: 3.125e-06
Hole frames in this epoch: [4, 16]

Epoch 460 | Train Loss: 0.29564 | Val Loss: 0.37186
Train Loss Components:
  |- loss_rot: 0.05848
  |- loss_pos: 0.19970
  |- fk_loss: 2.03071
  |- smoothness_loss: 0.04919
Val Loss Components:
  |- loss_rot: 0.05865
  |- loss_pos: 0.38185
  |- fk_loss: 2.20423
  |- smoothness_loss: 0.00729
LR: 3.125e-06
Hole frames in this epoch: [4, 16]

Epoch 461 | Train Loss: 0.28609 | Val Loss: 0.37185
Train Loss Components:
  |- loss_rot: 0.05282
  |- loss_pos: 0.12089
  |- fk_loss: 1.71995
  |- smoothness_loss: 0.04062
Val Loss Components:
  |- loss_rot: 0.05865
  |- loss_pos: 0.38182
  |- fk_loss: 2.20374
  |- smoothness_loss: 0.00680
LR: 1.563e-06
Hole frames in this epoch: [4, 16]

Epoch 462 | Train Loss: 0.28338 | Val Loss: 0.37188
Train Loss Components:
  |- loss_rot: 0.05480
  |- loss_pos: 0.12394
  |- fk_loss: 1.71817
  |- smoothness_loss: 0.04287
Val Loss Components:
  |- loss_rot: 0.05866
  |- loss_pos: 0.38181
  |- fk_loss: 2.20659
  |- smoothness_loss: 0.00680
LR: 1.563e-06
Hole frames in this epoch: [4, 16]

Epoch 463 | Train Loss: 0.28350 | Val Loss: 0.37189
Train Loss Components:
  |- loss_rot: 0.05347
  |- loss_pos: 0.09070
  |- fk_loss: 1.57994
  |- smoothness_loss: 0.04147
Val Loss Components:
  |- loss_rot: 0.05866
  |- loss_pos: 0.38181
  |- fk_loss: 2.20662
  |- smoothness_loss: 0.00680
LR: 1.563e-06
Hole frames in this epoch: [4, 16]

Epoch 464 | Train Loss: 0.28669 | Val Loss: 0.37188
Train Loss Components:
  |- loss_rot: 0.05749
  |- loss_pos: 0.32834
  |- fk_loss: 2.19282
  |- smoothness_loss: 0.04155
Val Loss Components:
  |- loss_rot: 0.05865
  |- loss_pos: 0.38181
  |- fk_loss: 2.20649
  |- smoothness_loss: 0.00680
LR: 1.563e-06
Hole frames in this epoch: [4, 16]

Epoch 465 | Train Loss: 0.28685 | Val Loss: 0.37196
Train Loss Components:
  |- loss_rot: 0.05909
  |- loss_pos: 0.24962
  |- fk_loss: 2.22628
  |- smoothness_loss: 0.04904
Val Loss Components:
  |- loss_rot: 0.05865
  |- loss_pos: 0.38181
  |- fk_loss: 2.20720
  |- smoothness_loss: 0.00735
LR: 1.563e-06
Hole frames in this epoch: [4, 16]

Epoch 466 | Train Loss: 0.29918 | Val Loss: 0.37184
Train Loss Components:
  |- loss_rot: 0.05697
  |- loss_pos: 0.26289
  |- fk_loss: 2.12756
  |- smoothness_loss: 0.04554
Val Loss Components:
  |- loss_rot: 0.05866
  |- loss_pos: 0.38181
  |- fk_loss: 2.20547
  |- smoothness_loss: 0.00863
LR: 1.563e-06
Hole frames in this epoch: [4, 16]

Epoch 467 | Train Loss: 0.29041 | Val Loss: 0.37188
Train Loss Components:
  |- loss_rot: 0.05362
  |- loss_pos: 0.09763
  |- fk_loss: 1.67119
  |- smoothness_loss: 0.04363
Val Loss Components:
  |- loss_rot: 0.05865
  |- loss_pos: 0.38181
  |- fk_loss: 2.20647
  |- smoothness_loss: 0.00680
LR: 7.813e-07
Hole frames in this epoch: [4, 16]

Epoch 468 | Train Loss: 0.28651 | Val Loss: 0.37198
Train Loss Components:
  |- loss_rot: 0.05197
  |- loss_pos: 0.08265
  |- fk_loss: 1.75493
  |- smoothness_loss: 0.06627
Val Loss Components:
  |- loss_rot: 0.05876
  |- loss_pos: 0.38181
  |- fk_loss: 2.21824
  |- smoothness_loss: 0.01686
LR: 7.813e-07
Hole frames in this epoch: [4, 16]

Epoch 469 | Train Loss: 0.27877 | Val Loss: 0.37209
Train Loss Components:
  |- loss_rot: 0.05148
  |- loss_pos: 0.06107
  |- fk_loss: 1.53273
  |- smoothness_loss: 0.04696
Val Loss Components:
  |- loss_rot: 0.05875
  |- loss_pos: 0.38181
  |- fk_loss: 2.20363
  |- smoothness_loss: 0.01161
LR: 7.813e-07
Hole frames in this epoch: [4, 16]

Epoch 470 | Train Loss: 0.27827 | Val Loss: 0.37189
Train Loss Components:
  |- loss_rot: 0.05343
  |- loss_pos: 0.05445
  |- fk_loss: 1.57834
  |- smoothness_loss: 0.04574
Val Loss Components:
  |- loss_rot: 0.05866
  |- loss_pos: 0.38181
  |- fk_loss: 2.20650
  |- smoothness_loss: 0.00680
LR: 7.813e-07
Hole frames in this epoch: [4, 16]

Epoch 471 | Train Loss: 0.29415 | Val Loss: 0.37189
Train Loss Components:
  |- loss_rot: 0.05837
  |- loss_pos: 0.21599
  |- fk_loss: 2.38665
  |- smoothness_loss: 0.06246
Val Loss Components:
  |- loss_rot: 0.05866
  |- loss_pos: 0.38181
  |- fk_loss: 2.20665
  |- smoothness_loss: 0.00680
LR: 7.813e-07
Hole frames in this epoch: [4, 16]

Epoch 472 | Train Loss: 0.28444 | Val Loss: 0.37185
Train Loss Components:
  |- loss_rot: 0.05231
  |- loss_pos: 0.07381
  |- fk_loss: 1.70028
  |- smoothness_loss: 0.04967
Val Loss Components:
  |- loss_rot: 0.05865
  |- loss_pos: 0.38181
  |- fk_loss: 2.20652
  |- smoothness_loss: 0.00685
LR: 7.813e-07
Hole frames in this epoch: [4, 16]

Epoch 473 | Train Loss: 0.28404 | Val Loss: 0.37185
Train Loss Components:
  |- loss_rot: 0.05262
  |- loss_pos: 0.06649
  |- fk_loss: 1.64461
  |- smoothness_loss: 0.05920
Val Loss Components:
  |- loss_rot: 0.05865
  |- loss_pos: 0.38181
  |- fk_loss: 2.20662
  |- smoothness_loss: 0.00680
LR: 3.906e-07
Hole frames in this epoch: [4, 16]

Epoch 474 | Train Loss: 0.29707 | Val Loss: 0.37194
Train Loss Components:
  |- loss_rot: 0.05390
  |- loss_pos: 0.18352
  |- fk_loss: 1.78587
  |- smoothness_loss: 0.05847
Val Loss Components:
  |- loss_rot: 0.05875
  |- loss_pos: 0.38181
  |- fk_loss: 2.21433
  |- smoothness_loss: 0.00680
LR: 3.906e-07
Hole frames in this epoch: [4, 16]

Training time: 13341.72 s