Epoch 1 | Train Loss: 0.52021 | Val Loss: 1.06741
Train Loss Components:
  |- loss_rot: 0.03534
  |- loss_pos: 0.39903
  |- fk_loss: 0.83199
  |- smoothness_loss: 0.36651
Val Loss Components:
  |- loss_rot: 0.05424
  |- loss_pos: 2.02416
  |- fk_loss: 3.26381
  |- smoothness_loss: 0.01076
LR: 0.000100
Hole frames in this epoch: [4, 6]

Epoch 2 | Train Loss: 0.38351 | Val Loss: 1.06083
Train Loss Components:
  |- loss_rot: 0.03556
  |- loss_pos: 0.72425
  |- fk_loss: 1.22683
  |- smoothness_loss: 0.21789
Val Loss Components:
  |- loss_rot: 0.04968
  |- loss_pos: 2.01741
  |- fk_loss: 3.23101
  |- smoothness_loss: 0.01095
LR: 0.000100
Hole frames in this epoch: [4, 8]

Epoch 3 | Train Loss: 0.44256 | Val Loss: 1.04510
Train Loss Components:
  |- loss_rot: 0.03309
  |- loss_pos: 0.76294
  |- fk_loss: 1.32981
  |- smoothness_loss: 0.18480
Val Loss Components:
  |- loss_rot: 0.04719
  |- loss_pos: 1.97581
  |- fk_loss: 3.19514
  |- smoothness_loss: 0.01171
LR: 0.000100
Hole frames in this epoch: [4, 10]

Epoch 4 | Train Loss: 0.49568 | Val Loss: 0.99534
Train Loss Components:
  |- loss_rot: 0.02496
  |- loss_pos: 0.49354
  |- fk_loss: 0.87101
  |- smoothness_loss: 0.17179
Val Loss Components:
  |- loss_rot: 0.04538
  |- loss_pos: 1.84680
  |- fk_loss: 3.08072
  |- smoothness_loss: 0.01185
LR: 0.000100
Hole frames in this epoch: [4, 12]

Epoch 5 | Train Loss: 0.52316 | Val Loss: 0.92244
Train Loss Components:
  |- loss_rot: 0.04258
  |- loss_pos: 1.26349
  |- fk_loss: 2.28835
  |- smoothness_loss: 0.15131
Val Loss Components:
  |- loss_rot: 0.04465
  |- loss_pos: 1.63167
  |- fk_loss: 2.93033
  |- smoothness_loss: 0.01487
LR: 0.000100
Hole frames in this epoch: [4, 14]

Epoch 6 | Train Loss: 0.57183 | Val Loss: 0.90372
Train Loss Components:
  |- loss_rot: 0.03333
  |- loss_pos: 0.86098
  |- fk_loss: 1.65415
  |- smoothness_loss: 0.12533
Val Loss Components:
  |- loss_rot: 0.04476
  |- loss_pos: 1.63572
  |- fk_loss: 2.91110
  |- smoothness_loss: 0.02395
LR: 0.000100
Hole frames in this epoch: [4, 16]

Epoch 7 | Train Loss: 0.54472 | Val Loss: 0.88588
Train Loss Components:
  |- loss_rot: 0.03671
  |- loss_pos: 0.98106
  |- fk_loss: 1.81482
  |- smoothness_loss: 0.14299
Val Loss Components:
  |- loss_rot: 0.04323
  |- loss_pos: 1.57164
  |- fk_loss: 2.85770
  |- smoothness_loss: 0.01964
LR: 0.000100
Hole frames in this epoch: [4, 16]

Epoch 8 | Train Loss: 0.52090 | Val Loss: 0.82353
Train Loss Components:
  |- loss_rot: 0.04124
  |- loss_pos: 1.04085
  |- fk_loss: 2.20120
  |- smoothness_loss: 0.14412
Val Loss Components:
  |- loss_rot: 0.04286
  |- loss_pos: 1.40199
  |- fk_loss: 2.78528
  |- smoothness_loss: 0.03010
LR: 0.000100
Hole frames in this epoch: [4, 16]

Epoch 9 | Train Loss: 0.49166 | Val Loss: 0.78888
Train Loss Components:
  |- loss_rot: 0.04061
  |- loss_pos: 0.90657
  |- fk_loss: 2.11869
  |- smoothness_loss: 0.17447
Val Loss Components:
  |- loss_rot: 0.04278
  |- loss_pos: 1.29450
  |- fk_loss: 2.70563
  |- smoothness_loss: 0.04059
LR: 0.000100
Hole frames in this epoch: [4, 16]

Epoch 10 | Train Loss: 0.48449 | Val Loss: 0.76177
Train Loss Components:
  |- loss_rot: 0.04171
  |- loss_pos: 1.13190
  |- fk_loss: 2.38439
  |- smoothness_loss: 0.18045
Val Loss Components:
  |- loss_rot: 0.04236
  |- loss_pos: 1.24868
  |- fk_loss: 2.67298
  |- smoothness_loss: 0.04829
LR: 0.000100
Hole frames in this epoch: [4, 16]

Epoch 11 | Train Loss: 0.45823 | Val Loss: 0.75503
Train Loss Components:
  |- loss_rot: 0.02272
  |- loss_pos: 0.37351
  |- fk_loss: 0.94345
  |- smoothness_loss: 0.17181
Val Loss Components:
  |- loss_rot: 0.04234
  |- loss_pos: 1.21029
  |- fk_loss: 2.66327
  |- smoothness_loss: 0.05339
LR: 0.000100
Hole frames in this epoch: [4, 16]

Epoch 12 | Train Loss: 0.43398 | Val Loss: 0.75823
Train Loss Components:
  |- loss_rot: 0.03888
  |- loss_pos: 0.86698
  |- fk_loss: 2.01001
  |- smoothness_loss: 0.15415
Val Loss Components:
  |- loss_rot: 0.04194
  |- loss_pos: 1.29618
  |- fk_loss: 2.70215
  |- smoothness_loss: 0.04903
LR: 0.000100
Hole frames in this epoch: [4, 16]

Epoch 13 | Train Loss: 0.45763 | Val Loss: 0.72991
Train Loss Components:
  |- loss_rot: 0.03986
  |- loss_pos: 0.91411
  |- fk_loss: 2.18103
  |- smoothness_loss: 0.15824
Val Loss Components:
  |- loss_rot: 0.04192
  |- loss_pos: 1.16970
  |- fk_loss: 2.63676
  |- smoothness_loss: 0.05419
LR: 0.000100
Hole frames in this epoch: [4, 16]

Epoch 14 | Train Loss: 0.41913 | Val Loss: 0.73122
Train Loss Components:
  |- loss_rot: 0.03500
  |- loss_pos: 0.72969
  |- fk_loss: 1.75493
  |- smoothness_loss: 0.12204
Val Loss Components:
  |- loss_rot: 0.04156
  |- loss_pos: 1.22525
  |- fk_loss: 2.63770
  |- smoothness_loss: 0.04782
LR: 0.000100
Hole frames in this epoch: [4, 16]

Epoch 15 | Train Loss: 0.43289 | Val Loss: 0.71948
Train Loss Components:
  |- loss_rot: 0.04281
  |- loss_pos: 1.14881
  |- fk_loss: 2.54032
  |- smoothness_loss: 0.12267
Val Loss Components:
  |- loss_rot: 0.04165
  |- loss_pos: 1.16723
  |- fk_loss: 2.62663
  |- smoothness_loss: 0.04998
LR: 0.000100
Hole frames in this epoch: [4, 16]

Epoch 16 | Train Loss: 0.42869 | Val Loss: 0.68984
Train Loss Components:
  |- loss_rot: 0.04053
  |- loss_pos: 0.81523
  |- fk_loss: 2.21079
  |- smoothness_loss: 0.12439
Val Loss Components:
  |- loss_rot: 0.04188
  |- loss_pos: 1.09884
  |- fk_loss: 2.55738
  |- smoothness_loss: 0.05128
LR: 0.000100
Hole frames in this epoch: [4, 16]

Epoch 17 | Train Loss: 0.40588 | Val Loss: 0.68082
Train Loss Components:
  |- loss_rot: 0.01830
  |- loss_pos: 0.27139
  |- fk_loss: 0.71296
  |- smoothness_loss: 0.11086
Val Loss Components:
  |- loss_rot: 0.04195
  |- loss_pos: 1.11276
  |- fk_loss: 2.49631
  |- smoothness_loss: 0.05981
LR: 0.000100
Hole frames in this epoch: [4, 16]

Epoch 18 | Train Loss: 0.41169 | Val Loss: 0.69462
Train Loss Components:
  |- loss_rot: 0.04538
  |- loss_pos: 1.10584
  |- fk_loss: 2.52558
  |- smoothness_loss: 0.14480
Val Loss Components:
  |- loss_rot: 0.04200
  |- loss_pos: 1.12229
  |- fk_loss: 2.47116
  |- smoothness_loss: 0.05280
LR: 0.000100
Hole frames in this epoch: [4, 16]

Epoch 19 | Train Loss: 0.40789 | Val Loss: 0.66963
Train Loss Components:
  |- loss_rot: 0.03044
  |- loss_pos: 0.49680
  |- fk_loss: 1.34726
  |- smoothness_loss: 0.10895
Val Loss Components:
  |- loss_rot: 0.04176
  |- loss_pos: 1.10551
  |- fk_loss: 2.45372
  |- smoothness_loss: 0.04910
LR: 0.000100
Hole frames in this epoch: [4, 16]

Epoch 20 | Train Loss: 0.39021 | Val Loss: 0.65285
Train Loss Components:
  |- loss_rot: 0.03631
  |- loss_pos: 0.73545
  |- fk_loss: 1.70058
  |- smoothness_loss: 0.12923
Val Loss Components:
  |- loss_rot: 0.04215
  |- loss_pos: 1.03133
  |- fk_loss: 2.36699
  |- smoothness_loss: 0.06624
LR: 0.000100
Hole frames in this epoch: [4, 16]

Epoch 21 | Train Loss: 0.39354 | Val Loss: 0.64979
Train Loss Components:
  |- loss_rot: 0.03510
  |- loss_pos: 0.65338
  |- fk_loss: 1.66627
  |- smoothness_loss: 0.12640
Val Loss Components:
  |- loss_rot: 0.04163
  |- loss_pos: 1.02510
  |- fk_loss: 2.33623
  |- smoothness_loss: 0.05840
LR: 0.000100
Hole frames in this epoch: [4, 16]

Epoch 22 | Train Loss: 0.38779 | Val Loss: 0.63660
Train Loss Components:
  |- loss_rot: 0.02540
  |- loss_pos: 0.35917
  |- fk_loss: 1.04580
  |- smoothness_loss: 0.11162
Val Loss Components:
  |- loss_rot: 0.04178
  |- loss_pos: 0.99733
  |- fk_loss: 2.31815
  |- smoothness_loss: 0.06886
LR: 0.000100
Hole frames in this epoch: [4, 16]

Epoch 23 | Train Loss: 0.38012 | Val Loss: 0.62093
Train Loss Components:
  |- loss_rot: 0.04582
  |- loss_pos: 1.00379
  |- fk_loss: 2.34075
  |- smoothness_loss: 0.17300
Val Loss Components:
  |- loss_rot: 0.04159
  |- loss_pos: 0.97139
  |- fk_loss: 2.22471
  |- smoothness_loss: 0.07559
LR: 0.000100
Hole frames in this epoch: [4, 16]

Epoch 24 | Train Loss: 0.36571 | Val Loss: 0.61200
Train Loss Components:
  |- loss_rot: 0.02157
  |- loss_pos: 0.29347
  |- fk_loss: 0.81561
  |- smoothness_loss: 0.14750
Val Loss Components:
  |- loss_rot: 0.04285
  |- loss_pos: 0.97421
  |- fk_loss: 2.15718
  |- smoothness_loss: 0.10190
LR: 0.000100
Hole frames in this epoch: [4, 16]

Epoch 25 | Train Loss: 0.37862 | Val Loss: 0.60098
Train Loss Components:
  |- loss_rot: 0.01863
  |- loss_pos: 0.24300
  |- fk_loss: 0.66212
  |- smoothness_loss: 0.18113
Val Loss Components:
  |- loss_rot: 0.04113
  |- loss_pos: 0.97366
  |- fk_loss: 2.12170
  |- smoothness_loss: 0.09662
LR: 0.000100
Hole frames in this epoch: [4, 16]

Epoch 26 | Train Loss: 0.36246 | Val Loss: 0.59052
Train Loss Components:
  |- loss_rot: 0.04194
  |- loss_pos: 0.75228
  |- fk_loss: 1.91354
  |- smoothness_loss: 0.21725
Val Loss Components:
  |- loss_rot: 0.04105
  |- loss_pos: 0.91105
  |- fk_loss: 2.05483
  |- smoothness_loss: 0.09813
LR: 0.000100
Hole frames in this epoch: [4, 16]

Epoch 27 | Train Loss: 0.35737 | Val Loss: 0.58100
Train Loss Components:
  |- loss_rot: 0.02303
  |- loss_pos: 0.33555
  |- fk_loss: 0.91118
  |- smoothness_loss: 0.13173
Val Loss Components:
  |- loss_rot: 0.04062
  |- loss_pos: 0.91155
  |- fk_loss: 2.05953
  |- smoothness_loss: 0.10089
LR: 0.000100
Hole frames in this epoch: [4, 16]

Epoch 28 | Train Loss: 0.34247 | Val Loss: 0.58436
Train Loss Components:
  |- loss_rot: 0.03158
  |- loss_pos: 0.52132
  |- fk_loss: 1.35261
  |- smoothness_loss: 0.16435
Val Loss Components:
  |- loss_rot: 0.04011
  |- loss_pos: 0.93185
  |- fk_loss: 2.07059
  |- smoothness_loss: 0.10038
LR: 0.000100
Hole frames in this epoch: [4, 16]

Epoch 29 | Train Loss: 0.34983 | Val Loss: 0.58301
Train Loss Components:
  |- loss_rot: 0.03524
  |- loss_pos: 0.60731
  |- fk_loss: 1.50207
  |- smoothness_loss: 0.17651
Val Loss Components:
  |- loss_rot: 0.03949
  |- loss_pos: 0.97437
  |- fk_loss: 2.07146
  |- smoothness_loss: 0.09207
LR: 0.000100
Hole frames in this epoch: [4, 16]

Epoch 30 | Train Loss: 0.33344 | Val Loss: 0.55120
Train Loss Components:
  |- loss_rot: 0.03745
  |- loss_pos: 0.64387
  |- fk_loss: 1.65477
  |- smoothness_loss: 0.23245
Val Loss Components:
  |- loss_rot: 0.03948
  |- loss_pos: 0.86227
  |- fk_loss: 1.95926
  |- smoothness_loss: 0.10316
LR: 0.000100
Hole frames in this epoch: [4, 16]

Epoch 31 | Train Loss: 0.33008 | Val Loss: 0.54445
Train Loss Components:
  |- loss_rot: 0.03457
  |- loss_pos: 0.55562
  |- fk_loss: 1.49287
  |- smoothness_loss: 0.18442
Val Loss Components:
  |- loss_rot: 0.03921
  |- loss_pos: 0.85174
  |- fk_loss: 1.94259
  |- smoothness_loss: 0.09878
LR: 0.000100
Hole frames in this epoch: [4, 16]

Epoch 32 | Train Loss: 0.32668 | Val Loss: 0.54612
Train Loss Components:
  |- loss_rot: 0.03128
  |- loss_pos: 0.49632
  |- fk_loss: 1.28252
  |- smoothness_loss: 0.16689
Val Loss Components:
  |- loss_rot: 0.03891
  |- loss_pos: 0.84212
  |- fk_loss: 1.90342
  |- smoothness_loss: 0.10684
LR: 0.000100
Hole frames in this epoch: [4, 16]

Epoch 33 | Train Loss: 0.34044 | Val Loss: 0.54906
Train Loss Components:
  |- loss_rot: 0.02628
  |- loss_pos: 0.39296
  |- fk_loss: 1.02505
  |- smoothness_loss: 0.15994
Val Loss Components:
  |- loss_rot: 0.03870
  |- loss_pos: 0.87898
  |- fk_loss: 1.86547
  |- smoothness_loss: 0.12101
LR: 0.000100
Hole frames in this epoch: [4, 16]

Epoch 34 | Train Loss: 0.31693 | Val Loss: 0.53119
Train Loss Components:
  |- loss_rot: 0.01324
  |- loss_pos: 0.16070
  |- fk_loss: 0.42859
  |- smoothness_loss: 0.14508
Val Loss Components:
  |- loss_rot: 0.03868
  |- loss_pos: 0.82058
  |- fk_loss: 1.84354
  |- smoothness_loss: 0.12420
LR: 0.000100
Hole frames in this epoch: [4, 16]

Epoch 35 | Train Loss: 0.32470 | Val Loss: 0.53358
Train Loss Components:
  |- loss_rot: 0.02626
  |- loss_pos: 0.36593
  |- fk_loss: 0.93650
  |- smoothness_loss: 0.15292
Val Loss Components:
  |- loss_rot: 0.03866
  |- loss_pos: 0.87655
  |- fk_loss: 1.84739
  |- smoothness_loss: 0.12176
LR: 0.000100
Hole frames in this epoch: [4, 16]

Epoch 36 | Train Loss: 0.31286 | Val Loss: 0.50706
Train Loss Components:
  |- loss_rot: 0.01884
  |- loss_pos: 0.23946
  |- fk_loss: 0.67392
  |- smoothness_loss: 0.11923
Val Loss Components:
  |- loss_rot: 0.03813
  |- loss_pos: 0.77229
  |- fk_loss: 1.80561
  |- smoothness_loss: 0.09779
LR: 0.000100
Hole frames in this epoch: [4, 16]

Epoch 37 | Train Loss: 0.31849 | Val Loss: 0.51007
Train Loss Components:
  |- loss_rot: 0.03724
  |- loss_pos: 0.57207
  |- fk_loss: 1.52664
  |- smoothness_loss: 0.23214
Val Loss Components:
  |- loss_rot: 0.03831
  |- loss_pos: 0.79756
  |- fk_loss: 1.78239
  |- smoothness_loss: 0.11392
LR: 0.000100
Hole frames in this epoch: [4, 16]

Epoch 38 | Train Loss: 0.29877 | Val Loss: 0.51317
Train Loss Components:
  |- loss_rot: 0.02415
  |- loss_pos: 0.33946
  |- fk_loss: 0.85850
  |- smoothness_loss: 0.14076
Val Loss Components:
  |- loss_rot: 0.03823
  |- loss_pos: 0.76004
  |- fk_loss: 1.79355
  |- smoothness_loss: 0.11329
LR: 0.000100
Hole frames in this epoch: [4, 16]

Epoch 39 | Train Loss: 0.29308 | Val Loss: 0.49382
Train Loss Components:
  |- loss_rot: 0.04315
  |- loss_pos: 0.79859
  |- fk_loss: 1.89818
  |- smoothness_loss: 0.25139
Val Loss Components:
  |- loss_rot: 0.03801
  |- loss_pos: 0.76181
  |- fk_loss: 1.75926
  |- smoothness_loss: 0.11200
LR: 0.000100
Hole frames in this epoch: [4, 16]

Epoch 40 | Train Loss: 0.31161 | Val Loss: 0.49688
Train Loss Components:
  |- loss_rot: 0.01311
  |- loss_pos: 0.13998
  |- fk_loss: 0.40791
  |- smoothness_loss: 0.16191
Val Loss Components:
  |- loss_rot: 0.03791
  |- loss_pos: 0.73854
  |- fk_loss: 1.75026
  |- smoothness_loss: 0.11525
LR: 0.000100
Hole frames in this epoch: [4, 16]

Epoch 41 | Train Loss: 0.28980 | Val Loss: 0.48538
Train Loss Components:
  |- loss_rot: 0.04511
  |- loss_pos: 0.90387
  |- fk_loss: 2.03857
  |- smoothness_loss: 0.27354
Val Loss Components:
  |- loss_rot: 0.03778
  |- loss_pos: 0.74929
  |- fk_loss: 1.71338
  |- smoothness_loss: 0.11200
LR: 0.000100
Hole frames in this epoch: [4, 16]

Epoch 42 | Train Loss: 0.27795 | Val Loss: 0.48920
Train Loss Components:
  |- loss_rot: 0.02880
  |- loss_pos: 0.41198
  |- fk_loss: 1.05245
  |- smoothness_loss: 0.15741
Val Loss Components:
  |- loss_rot: 0.03763
  |- loss_pos: 0.76567
  |- fk_loss: 1.70452
  |- smoothness_loss: 0.11807
LR: 0.000100
Hole frames in this epoch: [4, 16]

Epoch 43 | Train Loss: 0.30196 | Val Loss: 0.47896
Train Loss Components:
  |- loss_rot: 0.03020
  |- loss_pos: 0.41218
  |- fk_loss: 1.10278
  |- smoothness_loss: 0.17729
Val Loss Components:
  |- loss_rot: 0.03774
  |- loss_pos: 0.72230
  |- fk_loss: 1.69406
  |- smoothness_loss: 0.11625
LR: 0.000100
Hole frames in this epoch: [4, 16]

Epoch 44 | Train Loss: 0.28156 | Val Loss: 0.47861
Train Loss Components:
  |- loss_rot: 0.01550
  |- loss_pos: 0.18818
  |- fk_loss: 0.50549
  |- smoothness_loss: 0.13135
Val Loss Components:
  |- loss_rot: 0.03766
  |- loss_pos: 0.71790
  |- fk_loss: 1.68029
  |- smoothness_loss: 0.12484
LR: 0.000100
Hole frames in this epoch: [4, 16]

Epoch 45 | Train Loss: 0.27987 | Val Loss: 0.49370
Train Loss Components:
  |- loss_rot: 0.02541
  |- loss_pos: 0.37720
  |- fk_loss: 0.94056
  |- smoothness_loss: 0.14874
Val Loss Components:
  |- loss_rot: 0.03734
  |- loss_pos: 0.76705
  |- fk_loss: 1.68394
  |- smoothness_loss: 0.10579
LR: 0.000100
Hole frames in this epoch: [4, 16]

Epoch 46 | Train Loss: 0.27467 | Val Loss: 0.47500
Train Loss Components:
  |- loss_rot: 0.04435
  |- loss_pos: 0.78892
  |- fk_loss: 2.02088
  |- smoothness_loss: 0.30143
Val Loss Components:
  |- loss_rot: 0.03731
  |- loss_pos: 0.69944
  |- fk_loss: 1.65536
  |- smoothness_loss: 0.12523
LR: 0.000100
Hole frames in this epoch: [4, 16]

Epoch 47 | Train Loss: 0.28146 | Val Loss: 0.47069
Train Loss Components:
  |- loss_rot: 0.04410
  |- loss_pos: 0.82935
  |- fk_loss: 1.99486
  |- smoothness_loss: 0.24862
Val Loss Components:
  |- loss_rot: 0.03722
  |- loss_pos: 0.69619
  |- fk_loss: 1.62981
  |- smoothness_loss: 0.12685
LR: 0.000100
Hole frames in this epoch: [4, 16]

Epoch 48 | Train Loss: 0.27631 | Val Loss: 0.46241
Train Loss Components:
  |- loss_rot: 0.04180
  |- loss_pos: 0.67589
  |- fk_loss: 1.70256
  |- smoothness_loss: 0.29286
Val Loss Components:
  |- loss_rot: 0.03730
  |- loss_pos: 0.72832
  |- fk_loss: 1.63206
  |- smoothness_loss: 0.12377
LR: 0.000100
Hole frames in this epoch: [4, 16]

Epoch 49 | Train Loss: 0.27167 | Val Loss: 0.45997
Train Loss Components:
  |- loss_rot: 0.03222
  |- loss_pos: 0.46178
  |- fk_loss: 1.18944
  |- smoothness_loss: 0.21638
Val Loss Components:
  |- loss_rot: 0.03720
  |- loss_pos: 0.71665
  |- fk_loss: 1.64855
  |- smoothness_loss: 0.11779
LR: 0.000100
Hole frames in this epoch: [4, 16]

Epoch 50 | Train Loss: 0.26774 | Val Loss: 0.45893
Train Loss Components:
  |- loss_rot: 0.04162
  |- loss_pos: 0.72416
  |- fk_loss: 1.79147
  |- smoothness_loss: 0.29460
Val Loss Components:
  |- loss_rot: 0.03694
  |- loss_pos: 0.68982
  |- fk_loss: 1.60701
  |- smoothness_loss: 0.12726
LR: 0.000100
Hole frames in this epoch: [4, 16]

Epoch 51 | Train Loss: 0.26949 | Val Loss: 0.48099
Train Loss Components:
  |- loss_rot: 0.01235
  |- loss_pos: 0.14323
  |- fk_loss: 0.37412
  |- smoothness_loss: 0.10641
Val Loss Components:
  |- loss_rot: 0.03706
  |- loss_pos: 0.75846
  |- fk_loss: 1.65415
  |- smoothness_loss: 0.10347
LR: 0.000100
Hole frames in this epoch: [4, 16]

Epoch 52 | Train Loss: 0.27301 | Val Loss: 0.45164
Train Loss Components:
  |- loss_rot: 0.02284
  |- loss_pos: 0.26510
  |- fk_loss: 0.71167
  |- smoothness_loss: 0.15035
Val Loss Components:
  |- loss_rot: 0.03692
  |- loss_pos: 0.70190
  |- fk_loss: 1.58533
  |- smoothness_loss: 0.11899
LR: 0.000100
Hole frames in this epoch: [4, 16]

Epoch 53 | Train Loss: 0.25933 | Val Loss: 0.44232
Train Loss Components:
  |- loss_rot: 0.03739
  |- loss_pos: 0.50971
  |- fk_loss: 1.38136
  |- smoothness_loss: 0.27636
Val Loss Components:
  |- loss_rot: 0.03645
  |- loss_pos: 0.68767
  |- fk_loss: 1.56105
  |- smoothness_loss: 0.11959
LR: 0.000100
Hole frames in this epoch: [4, 16]

Epoch 54 | Train Loss: 0.25682 | Val Loss: 0.44495
Train Loss Components:
  |- loss_rot: 0.02368
  |- loss_pos: 0.26830
  |- fk_loss: 0.77323
  |- smoothness_loss: 0.14842
Val Loss Components:
  |- loss_rot: 0.03642
  |- loss_pos: 0.67491
  |- fk_loss: 1.57410
  |- smoothness_loss: 0.12559
LR: 0.000100
Hole frames in this epoch: [4, 16]

Epoch 55 | Train Loss: 0.26465 | Val Loss: 0.44403
Train Loss Components:
  |- loss_rot: 0.03352
  |- loss_pos: 0.49679
  |- fk_loss: 1.26534
  |- smoothness_loss: 0.21295
Val Loss Components:
  |- loss_rot: 0.03668
  |- loss_pos: 0.68815
  |- fk_loss: 1.54487
  |- smoothness_loss: 0.13419
LR: 0.000100
Hole frames in this epoch: [4, 16]

Epoch 56 | Train Loss: 0.25248 | Val Loss: 0.44612
Train Loss Components:
  |- loss_rot: 0.02021
  |- loss_pos: 0.21014
  |- fk_loss: 0.62805
  |- smoothness_loss: 0.14881
Val Loss Components:
  |- loss_rot: 0.03638
  |- loss_pos: 0.69414
  |- fk_loss: 1.55746
  |- smoothness_loss: 0.12503
LR: 0.000100
Hole frames in this epoch: [4, 16]

Epoch 57 | Train Loss: 0.25110 | Val Loss: 0.43500
Train Loss Components:
  |- loss_rot: 0.02395
  |- loss_pos: 0.27235
  |- fk_loss: 0.76154
  |- smoothness_loss: 0.16596
Val Loss Components:
  |- loss_rot: 0.03637
  |- loss_pos: 0.68753
  |- fk_loss: 1.52774
  |- smoothness_loss: 0.12221
LR: 0.000100
Hole frames in this epoch: [4, 16]

Epoch 58 | Train Loss: 0.25509 | Val Loss: 0.43487
Train Loss Components:
  |- loss_rot: 0.01829
  |- loss_pos: 0.19706
  |- fk_loss: 0.54872
  |- smoothness_loss: 0.12771
Val Loss Components:
  |- loss_rot: 0.03614
  |- loss_pos: 0.64289
  |- fk_loss: 1.53518
  |- smoothness_loss: 0.12596
LR: 0.000100
Hole frames in this epoch: [4, 16]

Epoch 59 | Train Loss: 0.25684 | Val Loss: 0.43222
Train Loss Components:
  |- loss_rot: 0.02146
  |- loss_pos: 0.23706
  |- fk_loss: 0.67362
  |- smoothness_loss: 0.16990
Val Loss Components:
  |- loss_rot: 0.03642
  |- loss_pos: 0.68290
  |- fk_loss: 1.53941
  |- smoothness_loss: 0.12530
LR: 0.000100
Hole frames in this epoch: [4, 16]

Epoch 60 | Train Loss: 0.25487 | Val Loss: 0.42838
Train Loss Components:
  |- loss_rot: 0.03960
  |- loss_pos: 0.59516
  |- fk_loss: 1.50518
  |- smoothness_loss: 0.28503
Val Loss Components:
  |- loss_rot: 0.03625
  |- loss_pos: 0.66789
  |- fk_loss: 1.51738
  |- smoothness_loss: 0.12054
LR: 0.000100
Hole frames in this epoch: [4, 16]

Epoch 61 | Train Loss: 0.25317 | Val Loss: 0.43786
Train Loss Components:
  |- loss_rot: 0.03184
  |- loss_pos: 0.39996
  |- fk_loss: 1.09919
  |- smoothness_loss: 0.26505
Val Loss Components:
  |- loss_rot: 0.03634
  |- loss_pos: 0.64169
  |- fk_loss: 1.49755
  |- smoothness_loss: 0.13761
LR: 0.000100
Hole frames in this epoch: [4, 16]

Epoch 62 | Train Loss: 0.25074 | Val Loss: 0.42482
Train Loss Components:
  |- loss_rot: 0.04086
  |- loss_pos: 0.62131
  |- fk_loss: 1.56615
  |- smoothness_loss: 0.32894
Val Loss Components:
  |- loss_rot: 0.03611
  |- loss_pos: 0.64180
  |- fk_loss: 1.50103
  |- smoothness_loss: 0.13991
LR: 0.000100
Hole frames in this epoch: [4, 16]

Epoch 63 | Train Loss: 0.24209 | Val Loss: 0.43003
Train Loss Components:
  |- loss_rot: 0.02671
  |- loss_pos: 0.30461
  |- fk_loss: 0.85558
  |- smoothness_loss: 0.19018
Val Loss Components:
  |- loss_rot: 0.03621
  |- loss_pos: 0.65806
  |- fk_loss: 1.50887
  |- smoothness_loss: 0.13081
LR: 0.000100
Hole frames in this epoch: [4, 16]

Epoch 64 | Train Loss: 0.23348 | Val Loss: 0.42078
Train Loss Components:
  |- loss_rot: 0.01965
  |- loss_pos: 0.22224
  |- fk_loss: 0.60398
  |- smoothness_loss: 0.13309
Val Loss Components:
  |- loss_rot: 0.03593
  |- loss_pos: 0.64839
  |- fk_loss: 1.45722
  |- smoothness_loss: 0.13684
LR: 0.000100
Hole frames in this epoch: [4, 16]

Epoch 65 | Train Loss: 0.24179 | Val Loss: 0.41644
Train Loss Components:
  |- loss_rot: 0.03706
  |- loss_pos: 0.51196
  |- fk_loss: 1.32374
  |- smoothness_loss: 0.26726
Val Loss Components:
  |- loss_rot: 0.03595
  |- loss_pos: 0.65023
  |- fk_loss: 1.45887
  |- smoothness_loss: 0.13225
LR: 0.000100
Hole frames in this epoch: [4, 16]

Epoch 66 | Train Loss: 0.22786 | Val Loss: 0.41489
Train Loss Components:
  |- loss_rot: 0.03136
  |- loss_pos: 0.33218
  |- fk_loss: 0.98703
  |- smoothness_loss: 0.23066
Val Loss Components:
  |- loss_rot: 0.03617
  |- loss_pos: 0.62144
  |- fk_loss: 1.44180
  |- smoothness_loss: 0.14707
LR: 0.000100
Hole frames in this epoch: [4, 16]

Epoch 67 | Train Loss: 0.23661 | Val Loss: 0.42185
Train Loss Components:
  |- loss_rot: 0.02454
  |- loss_pos: 0.27541
  |- fk_loss: 0.75016
  |- smoothness_loss: 0.19343
Val Loss Components:
  |- loss_rot: 0.03578
  |- loss_pos: 0.63548
  |- fk_loss: 1.48975
  |- smoothness_loss: 0.11777
LR: 0.000100
Hole frames in this epoch: [4, 16]

Epoch 68 | Train Loss: 0.23347 | Val Loss: 0.41679
Train Loss Components:
  |- loss_rot: 0.03019
  |- loss_pos: 0.36231
  |- fk_loss: 0.96178
  |- smoothness_loss: 0.23721
Val Loss Components:
  |- loss_rot: 0.03587
  |- loss_pos: 0.63041
  |- fk_loss: 1.45376
  |- smoothness_loss: 0.14733
LR: 0.000100
Hole frames in this epoch: [4, 16]

Epoch 69 | Train Loss: 0.24230 | Val Loss: 0.42427
Train Loss Components:
  |- loss_rot: 0.03099
  |- loss_pos: 0.37414
  |- fk_loss: 0.97969
  |- smoothness_loss: 0.21794
Val Loss Components:
  |- loss_rot: 0.03636
  |- loss_pos: 0.61880
  |- fk_loss: 1.45623
  |- smoothness_loss: 0.14253
LR: 0.000100
Hole frames in this epoch: [4, 16]

Epoch 70 | Train Loss: 0.22599 | Val Loss: 0.41220
Train Loss Components:
  |- loss_rot: 0.03858
  |- loss_pos: 0.50192
  |- fk_loss: 1.37725
  |- smoothness_loss: 0.26953
Val Loss Components:
  |- loss_rot: 0.03586
  |- loss_pos: 0.58759
  |- fk_loss: 1.43744
  |- smoothness_loss: 0.13536
LR: 0.000100
Hole frames in this epoch: [4, 16]

Epoch 71 | Train Loss: 0.23427 | Val Loss: 0.40864
Train Loss Components:
  |- loss_rot: 0.02766
  |- loss_pos: 0.31536
  |- fk_loss: 0.88928
  |- smoothness_loss: 0.19951
Val Loss Components:
  |- loss_rot: 0.03602
  |- loss_pos: 0.61820
  |- fk_loss: 1.46150
  |- smoothness_loss: 0.12850
LR: 0.000100
Hole frames in this epoch: [4, 16]

Epoch 72 | Train Loss: 0.22403 | Val Loss: 0.40684
Train Loss Components:
  |- loss_rot: 0.02784
  |- loss_pos: 0.30733
  |- fk_loss: 0.85757
  |- smoothness_loss: 0.19819
Val Loss Components:
  |- loss_rot: 0.03592
  |- loss_pos: 0.59654
  |- fk_loss: 1.44995
  |- smoothness_loss: 0.13550
LR: 0.000100
Hole frames in this epoch: [4, 16]

Epoch 73 | Train Loss: 0.23031 | Val Loss: 0.42011
Train Loss Components:
  |- loss_rot: 0.01800
  |- loss_pos: 0.17688
  |- fk_loss: 0.52076
  |- smoothness_loss: 0.14044
Val Loss Components:
  |- loss_rot: 0.03585
  |- loss_pos: 0.64816
  |- fk_loss: 1.45646
  |- smoothness_loss: 0.13184
LR: 0.000100
Hole frames in this epoch: [4, 16]

Epoch 74 | Train Loss: 0.22861 | Val Loss: 0.39583
Train Loss Components:
  |- loss_rot: 0.03641
  |- loss_pos: 0.45013
  |- fk_loss: 1.29278
  |- smoothness_loss: 0.28061
Val Loss Components:
  |- loss_rot: 0.03577
  |- loss_pos: 0.58234
  |- fk_loss: 1.38744
  |- smoothness_loss: 0.14491
LR: 0.000100
Hole frames in this epoch: [4, 16]

Epoch 75 | Train Loss: 0.22229 | Val Loss: 0.40256
Train Loss Components:
  |- loss_rot: 0.02030
  |- loss_pos: 0.20511
  |- fk_loss: 0.57946
  |- smoothness_loss: 0.15719
Val Loss Components:
  |- loss_rot: 0.03572
  |- loss_pos: 0.56299
  |- fk_loss: 1.40258
  |- smoothness_loss: 0.14313
LR: 0.000100
Hole frames in this epoch: [4, 16]

Epoch 76 | Train Loss: 0.21519 | Val Loss: 0.40433
Train Loss Components:
  |- loss_rot: 0.01714
  |- loss_pos: 0.17558
  |- fk_loss: 0.47699
  |- smoothness_loss: 0.12956
Val Loss Components:
  |- loss_rot: 0.03565
  |- loss_pos: 0.60229
  |- fk_loss: 1.40027
  |- smoothness_loss: 0.12740
LR: 0.000100
Hole frames in this epoch: [4, 16]

Epoch 77 | Train Loss: 0.22328 | Val Loss: 0.40529
Train Loss Components:
  |- loss_rot: 0.01275
  |- loss_pos: 0.12613
  |- fk_loss: 0.34322
  |- smoothness_loss: 0.12744
Val Loss Components:
  |- loss_rot: 0.03556
  |- loss_pos: 0.61219
  |- fk_loss: 1.40137
  |- smoothness_loss: 0.13775
LR: 0.000100
Hole frames in this epoch: [4, 16]

Epoch 78 | Train Loss: 0.21317 | Val Loss: 0.39663
Train Loss Components:
  |- loss_rot: 0.01438
  |- loss_pos: 0.14089
  |- fk_loss: 0.39541
  |- smoothness_loss: 0.11743
Val Loss Components:
  |- loss_rot: 0.03570
  |- loss_pos: 0.58533
  |- fk_loss: 1.41586
  |- smoothness_loss: 0.13563
LR: 0.000100
Hole frames in this epoch: [4, 16]

Epoch 79 | Train Loss: 0.21722 | Val Loss: 0.39642
Train Loss Components:
  |- loss_rot: 0.02563
  |- loss_pos: 0.25840
  |- fk_loss: 0.77718
  |- smoothness_loss: 0.20150
Val Loss Components:
  |- loss_rot: 0.03575
  |- loss_pos: 0.56251
  |- fk_loss: 1.37974
  |- smoothness_loss: 0.13593
LR: 0.000100
Hole frames in this epoch: [4, 16]

Epoch 80 | Train Loss: 0.22837 | Val Loss: 0.39143
Train Loss Components:
  |- loss_rot: 0.03023
  |- loss_pos: 0.32872
  |- fk_loss: 0.95342
  |- smoothness_loss: 0.21402
Val Loss Components:
  |- loss_rot: 0.03526
  |- loss_pos: 0.60549
  |- fk_loss: 1.38676
  |- smoothness_loss: 0.13834
LR: 0.000100
Hole frames in this epoch: [4, 16]

Epoch 81 | Train Loss: 0.21799 | Val Loss: 0.39805
Train Loss Components:
  |- loss_rot: 0.02407
  |- loss_pos: 0.24363
  |- fk_loss: 0.72054
  |- smoothness_loss: 0.19501
Val Loss Components:
  |- loss_rot: 0.03546
  |- loss_pos: 0.59907
  |- fk_loss: 1.41201
  |- smoothness_loss: 0.13867
LR: 0.000100
Hole frames in this epoch: [4, 16]

Epoch 82 | Train Loss: 0.21633 | Val Loss: 0.39423
Train Loss Components:
  |- loss_rot: 0.03770
  |- loss_pos: 0.44743
  |- fk_loss: 1.20530
  |- smoothness_loss: 0.30749
Val Loss Components:
  |- loss_rot: 0.03538
  |- loss_pos: 0.58536
  |- fk_loss: 1.38063
  |- smoothness_loss: 0.14022
LR: 0.000100
Hole frames in this epoch: [4, 16]

Epoch 83 | Train Loss: 0.21554 | Val Loss: 0.39390
Train Loss Components:
  |- loss_rot: 0.01140
  |- loss_pos: 0.11477
  |- fk_loss: 0.30115
  |- smoothness_loss: 0.10809
Val Loss Components:
  |- loss_rot: 0.03502
  |- loss_pos: 0.55603
  |- fk_loss: 1.34467
  |- smoothness_loss: 0.13195
LR: 0.000100
Hole frames in this epoch: [4, 16]

Epoch 84 | Train Loss: 0.21100 | Val Loss: 0.39691
Train Loss Components:
  |- loss_rot: 0.03450
  |- loss_pos: 0.37536
  |- fk_loss: 1.04656
  |- smoothness_loss: 0.26590
Val Loss Components:
  |- loss_rot: 0.03498
  |- loss_pos: 0.57972
  |- fk_loss: 1.38749
  |- smoothness_loss: 0.13878
LR: 0.000100
Hole frames in this epoch: [4, 16]

Epoch 85 | Train Loss: 0.21594 | Val Loss: 0.38487
Train Loss Components:
  |- loss_rot: 0.02817
  |- loss_pos: 0.30325
  |- fk_loss: 0.84235
  |- smoothness_loss: 0.22776
Val Loss Components:
  |- loss_rot: 0.03459
  |- loss_pos: 0.56705
  |- fk_loss: 1.35059
  |- smoothness_loss: 0.13344
LR: 0.000100
Hole frames in this epoch: [4, 16]

Epoch 86 | Train Loss: 0.20850 | Val Loss: 0.38888
Train Loss Components:
  |- loss_rot: 0.03599
  |- loss_pos: 0.40905
  |- fk_loss: 1.19555
  |- smoothness_loss: 0.30847
Val Loss Components:
  |- loss_rot: 0.03471
  |- loss_pos: 0.56838
  |- fk_loss: 1.37945
  |- smoothness_loss: 0.13628
LR: 0.000100
Hole frames in this epoch: [4, 16]

Epoch 87 | Train Loss: 0.19884 | Val Loss: 0.38762
Train Loss Components:
  |- loss_rot: 0.01229
  |- loss_pos: 0.12403
  |- fk_loss: 0.32604
  |- smoothness_loss: 0.10650
Val Loss Components:
  |- loss_rot: 0.03476
  |- loss_pos: 0.54474
  |- fk_loss: 1.35771
  |- smoothness_loss: 0.13919
LR: 0.000100
Hole frames in this epoch: [4, 16]

Epoch 88 | Train Loss: 0.20542 | Val Loss: 0.37889
Train Loss Components:
  |- loss_rot: 0.02456
  |- loss_pos: 0.23343
  |- fk_loss: 0.71697
  |- smoothness_loss: 0.18536
Val Loss Components:
  |- loss_rot: 0.03443
  |- loss_pos: 0.56381
  |- fk_loss: 1.35215
  |- smoothness_loss: 0.12809
LR: 0.000100
Hole frames in this epoch: [4, 16]

Epoch 89 | Train Loss: 0.21112 | Val Loss: 0.38016
Train Loss Components:
  |- loss_rot: 0.04016
  |- loss_pos: 0.51107
  |- fk_loss: 1.36029
  |- smoothness_loss: 0.33542
Val Loss Components:
  |- loss_rot: 0.03468
  |- loss_pos: 0.55800
  |- fk_loss: 1.34532
  |- smoothness_loss: 0.14585
LR: 0.000100
Hole frames in this epoch: [4, 16]

Epoch 90 | Train Loss: 0.20415 | Val Loss: 0.38226
Train Loss Components:
  |- loss_rot: 0.03077
  |- loss_pos: 0.31973
  |- fk_loss: 0.92227
  |- smoothness_loss: 0.22934
Val Loss Components:
  |- loss_rot: 0.03454
  |- loss_pos: 0.55291
  |- fk_loss: 1.37751
  |- smoothness_loss: 0.14416
LR: 0.000100
Hole frames in this epoch: [4, 16]

Epoch 91 | Train Loss: 0.20791 | Val Loss: 0.38211
Train Loss Components:
  |- loss_rot: 0.03625
  |- loss_pos: 0.44514
  |- fk_loss: 1.24523
  |- smoothness_loss: 0.31443
Val Loss Components:
  |- loss_rot: 0.03420
  |- loss_pos: 0.58926
  |- fk_loss: 1.36566
  |- smoothness_loss: 0.13958
LR: 0.000100
Hole frames in this epoch: [4, 16]

Epoch 92 | Train Loss: 0.20990 | Val Loss: 0.37613
Train Loss Components:
  |- loss_rot: 0.03466
  |- loss_pos: 0.40673
  |- fk_loss: 1.09117
  |- smoothness_loss: 0.26286
Val Loss Components:
  |- loss_rot: 0.03406
  |- loss_pos: 0.57693
  |- fk_loss: 1.33564
  |- smoothness_loss: 0.13905
LR: 0.000100
Hole frames in this epoch: [4, 16]

Epoch 93 | Train Loss: 0.19858 | Val Loss: 0.37554
Train Loss Components:
  |- loss_rot: 0.03449
  |- loss_pos: 0.35806
  |- fk_loss: 1.07491
  |- smoothness_loss: 0.28942
Val Loss Components:
  |- loss_rot: 0.03420
  |- loss_pos: 0.55502
  |- fk_loss: 1.32131
  |- smoothness_loss: 0.14782
LR: 0.000100
Hole frames in this epoch: [4, 16]

Epoch 94 | Train Loss: 0.19825 | Val Loss: 0.37224
Train Loss Components:
  |- loss_rot: 0.02140
  |- loss_pos: 0.19120
  |- fk_loss: 0.59882
  |- smoothness_loss: 0.17211
Val Loss Components:
  |- loss_rot: 0.03414
  |- loss_pos: 0.54552
  |- fk_loss: 1.30903
  |- smoothness_loss: 0.13902
LR: 0.000100
Hole frames in this epoch: [4, 16]

Epoch 95 | Train Loss: 0.20126 | Val Loss: 0.38121
Train Loss Components:
  |- loss_rot: 0.02406
  |- loss_pos: 0.23652
  |- fk_loss: 0.71004
  |- smoothness_loss: 0.17479
Val Loss Components:
  |- loss_rot: 0.03423
  |- loss_pos: 0.56792
  |- fk_loss: 1.34092
  |- smoothness_loss: 0.13237
LR: 0.000100
Hole frames in this epoch: [4, 16]

Epoch 96 | Train Loss: 0.19777 | Val Loss: 0.37669
Train Loss Components:
  |- loss_rot: 0.03821
  |- loss_pos: 0.47251
  |- fk_loss: 1.30674
  |- smoothness_loss: 0.32091
Val Loss Components:
  |- loss_rot: 0.03417
  |- loss_pos: 0.57489
  |- fk_loss: 1.32390
  |- smoothness_loss: 0.13573
LR: 0.000100
Hole frames in this epoch: [4, 16]

Epoch 97 | Train Loss: 0.20203 | Val Loss: 0.37139
Train Loss Components:
  |- loss_rot: 0.01549
  |- loss_pos: 0.15448
  |- fk_loss: 0.42806
  |- smoothness_loss: 0.12527
Val Loss Components:
  |- loss_rot: 0.03419
  |- loss_pos: 0.58138
  |- fk_loss: 1.32356
  |- smoothness_loss: 0.14497
LR: 0.000100
Hole frames in this epoch: [4, 16]

Epoch 98 | Train Loss: 0.20075 | Val Loss: 0.37581
Train Loss Components:
  |- loss_rot: 0.02022
  |- loss_pos: 0.18970
  |- fk_loss: 0.57652
  |- smoothness_loss: 0.15465
Val Loss Components:
  |- loss_rot: 0.03432
  |- loss_pos: 0.55397
  |- fk_loss: 1.31649
  |- smoothness_loss: 0.14326
LR: 0.000100
Hole frames in this epoch: [4, 16]

Epoch 99 | Train Loss: 0.19563 | Val Loss: 0.37401
Train Loss Components:
  |- loss_rot: 0.03540
  |- loss_pos: 0.43683
  |- fk_loss: 1.14222
  |- smoothness_loss: 0.27009
Val Loss Components:
  |- loss_rot: 0.03451
  |- loss_pos: 0.54604
  |- fk_loss: 1.31107
  |- smoothness_loss: 0.14055
LR: 0.000100
Hole frames in this epoch: [4, 16]

Epoch 100 | Train Loss: 0.18770 | Val Loss: 0.37070
Train Loss Components:
  |- loss_rot: 0.02870
  |- loss_pos: 0.27267
  |- fk_loss: 0.80522
  |- smoothness_loss: 0.24505
Val Loss Components:
  |- loss_rot: 0.03414
  |- loss_pos: 0.56825
  |- fk_loss: 1.32022
  |- smoothness_loss: 0.13827
LR: 0.000100
Hole frames in this epoch: [4, 16]

Epoch 101 | Train Loss: 0.19107 | Val Loss: 0.36751
Train Loss Components:
  |- loss_rot: 0.02457
  |- loss_pos: 0.23291
  |- fk_loss: 0.66285
  |- smoothness_loss: 0.20611
Val Loss Components:
  |- loss_rot: 0.03413
  |- loss_pos: 0.56374
  |- fk_loss: 1.30071
  |- smoothness_loss: 0.14003
LR: 0.000100
Hole frames in this epoch: [4, 16]

Epoch 102 | Train Loss: 0.18692 | Val Loss: 0.37839
Train Loss Components:
  |- loss_rot: 0.01726
  |- loss_pos: 0.16130
  |- fk_loss: 0.45781
  |- smoothness_loss: 0.11284
Val Loss Components:
  |- loss_rot: 0.03415
  |- loss_pos: 0.56862
  |- fk_loss: 1.31196
  |- smoothness_loss: 0.14128
LR: 0.000100
Hole frames in this epoch: [4, 16]

Epoch 103 | Train Loss: 0.18919 | Val Loss: 0.36672
Train Loss Components:
  |- loss_rot: 0.03037
  |- loss_pos: 0.27824
  |- fk_loss: 0.85516
  |- smoothness_loss: 0.24156
Val Loss Components:
  |- loss_rot: 0.03407
  |- loss_pos: 0.55378
  |- fk_loss: 1.26645
  |- smoothness_loss: 0.13772
LR: 0.000100
Hole frames in this epoch: [4, 16]

Epoch 104 | Train Loss: 0.18306 | Val Loss: 0.36623
Train Loss Components:
  |- loss_rot: 0.03436
  |- loss_pos: 0.40919
  |- fk_loss: 1.12882
  |- smoothness_loss: 0.28846
Val Loss Components:
  |- loss_rot: 0.03395
  |- loss_pos: 0.54232
  |- fk_loss: 1.27637
  |- smoothness_loss: 0.14030
LR: 0.000100
Hole frames in this epoch: [4, 16]

Epoch 105 | Train Loss: 0.19146 | Val Loss: 0.36777
Train Loss Components:
  |- loss_rot: 0.02093
  |- loss_pos: 0.18655
  |- fk_loss: 0.54645
  |- smoothness_loss: 0.17817
Val Loss Components:
  |- loss_rot: 0.03424
  |- loss_pos: 0.54081
  |- fk_loss: 1.29868
  |- smoothness_loss: 0.14199
LR: 0.000100
Hole frames in this epoch: [4, 16]

Epoch 106 | Train Loss: 0.20053 | Val Loss: 0.36503
Train Loss Components:
  |- loss_rot: 0.03917
  |- loss_pos: 0.43820
  |- fk_loss: 1.23808
  |- smoothness_loss: 0.34696
Val Loss Components:
  |- loss_rot: 0.03399
  |- loss_pos: 0.57515
  |- fk_loss: 1.30038
  |- smoothness_loss: 0.13970
LR: 0.000100
Hole frames in this epoch: [4, 16]

Epoch 107 | Train Loss: 0.19254 | Val Loss: 0.37278
Train Loss Components:
  |- loss_rot: 0.02165
  |- loss_pos: 0.19770
  |- fk_loss: 0.57883
  |- smoothness_loss: 0.18205
Val Loss Components:
  |- loss_rot: 0.03405
  |- loss_pos: 0.56207
  |- fk_loss: 1.32757
  |- smoothness_loss: 0.13331
LR: 0.000100
Hole frames in this epoch: [4, 16]

Epoch 108 | Train Loss: 0.18583 | Val Loss: 0.36322
Train Loss Components:
  |- loss_rot: 0.03003
  |- loss_pos: 0.29189
  |- fk_loss: 0.86493
  |- smoothness_loss: 0.24029
Val Loss Components:
  |- loss_rot: 0.03425
  |- loss_pos: 0.55943
  |- fk_loss: 1.29846
  |- smoothness_loss: 0.14173
LR: 0.000100
Hole frames in this epoch: [4, 16]

Epoch 109 | Train Loss: 0.19130 | Val Loss: 0.36197
Train Loss Components:
  |- loss_rot: 0.03504
  |- loss_pos: 0.35426
  |- fk_loss: 1.05205
  |- smoothness_loss: 0.27474
Val Loss Components:
  |- loss_rot: 0.03441
  |- loss_pos: 0.52521
  |- fk_loss: 1.31485
  |- smoothness_loss: 0.14625
LR: 0.000100
Hole frames in this epoch: [4, 16]

Epoch 110 | Train Loss: 0.18943 | Val Loss: 0.36148
Train Loss Components:
  |- loss_rot: 0.03813
  |- loss_pos: 0.46669
  |- fk_loss: 1.22382
  |- smoothness_loss: 0.33030
Val Loss Components:
  |- loss_rot: 0.03384
  |- loss_pos: 0.53016
  |- fk_loss: 1.27035
  |- smoothness_loss: 0.14374
LR: 0.000100
Hole frames in this epoch: [4, 16]

Epoch 111 | Train Loss: 0.18336 | Val Loss: 0.36218
Train Loss Components:
  |- loss_rot: 0.02153
  |- loss_pos: 0.20618
  |- fk_loss: 0.58293
  |- smoothness_loss: 0.16865
Val Loss Components:
  |- loss_rot: 0.03411
  |- loss_pos: 0.55143
  |- fk_loss: 1.29356
  |- smoothness_loss: 0.14316
LR: 0.000100
Hole frames in this epoch: [4, 16]

Epoch 112 | Train Loss: 0.19003 | Val Loss: 0.35926
Train Loss Components:
  |- loss_rot: 0.03227
  |- loss_pos: 0.33404
  |- fk_loss: 0.97490
  |- smoothness_loss: 0.26679
Val Loss Components:
  |- loss_rot: 0.03389
  |- loss_pos: 0.55246
  |- fk_loss: 1.27336
  |- smoothness_loss: 0.14952
LR: 0.000100
Hole frames in this epoch: [4, 16]

Epoch 113 | Train Loss: 0.18479 | Val Loss: 0.35867
Train Loss Components:
  |- loss_rot: 0.01718
  |- loss_pos: 0.14831
  |- fk_loss: 0.44074
  |- smoothness_loss: 0.14793
Val Loss Components:
  |- loss_rot: 0.03391
  |- loss_pos: 0.54939
  |- fk_loss: 1.28335
  |- smoothness_loss: 0.13636
LR: 0.000100
Hole frames in this epoch: [4, 16]

Epoch 114 | Train Loss: 0.17791 | Val Loss: 0.35579
Train Loss Components:
  |- loss_rot: 0.01453
  |- loss_pos: 0.12706
  |- fk_loss: 0.37919
  |- smoothness_loss: 0.11844
Val Loss Components:
  |- loss_rot: 0.03373
  |- loss_pos: 0.51288
  |- fk_loss: 1.25531
  |- smoothness_loss: 0.14666
LR: 0.000100
Hole frames in this epoch: [4, 16]

Epoch 115 | Train Loss: 0.17701 | Val Loss: 0.36122
Train Loss Components:
  |- loss_rot: 0.01517
  |- loss_pos: 0.12816
  |- fk_loss: 0.37483
  |- smoothness_loss: 0.12591
Val Loss Components:
  |- loss_rot: 0.03432
  |- loss_pos: 0.56075
  |- fk_loss: 1.28662
  |- smoothness_loss: 0.14627
LR: 0.000100
Hole frames in this epoch: [4, 16]

Epoch 116 | Train Loss: 0.18306 | Val Loss: 0.35768
Train Loss Components:
  |- loss_rot: 0.02366
  |- loss_pos: 0.20345
  |- fk_loss: 0.63202
  |- smoothness_loss: 0.18438
Val Loss Components:
  |- loss_rot: 0.03457
  |- loss_pos: 0.56142
  |- fk_loss: 1.29295
  |- smoothness_loss: 0.14772
LR: 0.000100
Hole frames in this epoch: [4, 16]

Epoch 117 | Train Loss: 0.18433 | Val Loss: 0.35812
Train Loss Components:
  |- loss_rot: 0.01911
  |- loss_pos: 0.16172
  |- fk_loss: 0.48604
  |- smoothness_loss: 0.14895
Val Loss Components:
  |- loss_rot: 0.03417
  |- loss_pos: 0.51458
  |- fk_loss: 1.25236
  |- smoothness_loss: 0.14754
LR: 0.000100
Hole frames in this epoch: [4, 16]

Epoch 118 | Train Loss: 0.18201 | Val Loss: 0.35739
Train Loss Components:
  |- loss_rot: 0.02867
  |- loss_pos: 0.25255
  |- fk_loss: 0.77188
  |- smoothness_loss: 0.26131
Val Loss Components:
  |- loss_rot: 0.03421
  |- loss_pos: 0.51013
  |- fk_loss: 1.25587
  |- smoothness_loss: 0.14381
LR: 0.000100
Hole frames in this epoch: [4, 16]

Epoch 119 | Train Loss: 0.17590 | Val Loss: 0.35384
Train Loss Components:
  |- loss_rot: 0.01688
  |- loss_pos: 0.14084
  |- fk_loss: 0.41401
  |- smoothness_loss: 0.12987
Val Loss Components:
  |- loss_rot: 0.03421
  |- loss_pos: 0.54925
  |- fk_loss: 1.26519
  |- smoothness_loss: 0.14801
LR: 0.000100
Hole frames in this epoch: [4, 16]

Epoch 120 | Train Loss: 0.17233 | Val Loss: 0.35338
Train Loss Components:
  |- loss_rot: 0.02732
  |- loss_pos: 0.25965
  |- fk_loss: 0.75257
  |- smoothness_loss: 0.24439
Val Loss Components:
  |- loss_rot: 0.03404
  |- loss_pos: 0.53766
  |- fk_loss: 1.23190
  |- smoothness_loss: 0.14480
LR: 0.000100
Hole frames in this epoch: [4, 16]

Epoch 121 | Train Loss: 0.18731 | Val Loss: 0.35623
Train Loss Components:
  |- loss_rot: 0.02260
  |- loss_pos: 0.19533
  |- fk_loss: 0.58368
  |- smoothness_loss: 0.18523
Val Loss Components:
  |- loss_rot: 0.03472
  |- loss_pos: 0.54407
  |- fk_loss: 1.23560
  |- smoothness_loss: 0.14708
LR: 0.000100
Hole frames in this epoch: [4, 16]

Epoch 122 | Train Loss: 0.17646 | Val Loss: 0.34955
Train Loss Components:
  |- loss_rot: 0.02532
  |- loss_pos: 0.21325
  |- fk_loss: 0.64925
  |- smoothness_loss: 0.22001
Val Loss Components:
  |- loss_rot: 0.03402
  |- loss_pos: 0.54079
  |- fk_loss: 1.22359
  |- smoothness_loss: 0.15183
LR: 0.000100
Hole frames in this epoch: [4, 16]

Epoch 123 | Train Loss: 0.17132 | Val Loss: 0.35364
Train Loss Components:
  |- loss_rot: 0.02811
  |- loss_pos: 0.25322
  |- fk_loss: 0.74798
  |- smoothness_loss: 0.21049
Val Loss Components:
  |- loss_rot: 0.03412
  |- loss_pos: 0.57163
  |- fk_loss: 1.25086
  |- smoothness_loss: 0.14896
LR: 0.000100
Hole frames in this epoch: [4, 16]

Epoch 124 | Train Loss: 0.17664 | Val Loss: 0.35529
Train Loss Components:
  |- loss_rot: 0.01304
  |- loss_pos: 0.10704
  |- fk_loss: 0.30816
  |- smoothness_loss: 0.12426
Val Loss Components:
  |- loss_rot: 0.03426
  |- loss_pos: 0.56277
  |- fk_loss: 1.25346
  |- smoothness_loss: 0.14644
LR: 0.000100
Hole frames in this epoch: [4, 16]

Epoch 125 | Train Loss: 0.18316 | Val Loss: 0.35545
Train Loss Components:
  |- loss_rot: 0.03509
  |- loss_pos: 0.34721
  |- fk_loss: 1.05416
  |- smoothness_loss: 0.28363
Val Loss Components:
  |- loss_rot: 0.03425
  |- loss_pos: 0.55230
  |- fk_loss: 1.28631
  |- smoothness_loss: 0.14423
LR: 0.000100
Hole frames in this epoch: [4, 16]

Epoch 126 | Train Loss: 0.17199 | Val Loss: 0.34829
Train Loss Components:
  |- loss_rot: 0.03643
  |- loss_pos: 0.36647
  |- fk_loss: 1.03818
  |- smoothness_loss: 0.27939
Val Loss Components:
  |- loss_rot: 0.03389
  |- loss_pos: 0.54334
  |- fk_loss: 1.19000
  |- smoothness_loss: 0.14176
LR: 0.000100
Hole frames in this epoch: [4, 16]

Epoch 127 | Train Loss: 0.17421 | Val Loss: 0.35122
Train Loss Components:
  |- loss_rot: 0.01797
  |- loss_pos: 0.15853
  |- fk_loss: 0.45978
  |- smoothness_loss: 0.15521
Val Loss Components:
  |- loss_rot: 0.03405
  |- loss_pos: 0.54018
  |- fk_loss: 1.24397
  |- smoothness_loss: 0.14463
LR: 0.000100
Hole frames in this epoch: [4, 16]

Epoch 128 | Train Loss: 0.17093 | Val Loss: 0.35542
Train Loss Components:
  |- loss_rot: 0.02412
  |- loss_pos: 0.20993
  |- fk_loss: 0.62224
  |- smoothness_loss: 0.17718
Val Loss Components:
  |- loss_rot: 0.03398
  |- loss_pos: 0.53490
  |- fk_loss: 1.21275
  |- smoothness_loss: 0.15163
LR: 0.000100
Hole frames in this epoch: [4, 16]

Epoch 129 | Train Loss: 0.17743 | Val Loss: 0.34750
Train Loss Components:
  |- loss_rot: 0.01896
  |- loss_pos: 0.15455
  |- fk_loss: 0.48338
  |- smoothness_loss: 0.15121
Val Loss Components:
  |- loss_rot: 0.03365
  |- loss_pos: 0.51870
  |- fk_loss: 1.22804
  |- smoothness_loss: 0.14536
LR: 0.000100
Hole frames in this epoch: [4, 16]

Epoch 130 | Train Loss: 0.17240 | Val Loss: 0.34963
Train Loss Components:
  |- loss_rot: 0.01817
  |- loss_pos: 0.16054
  |- fk_loss: 0.46539
  |- smoothness_loss: 0.15551
Val Loss Components:
  |- loss_rot: 0.03399
  |- loss_pos: 0.53666
  |- fk_loss: 1.23832
  |- smoothness_loss: 0.15635
LR: 0.000100
Hole frames in this epoch: [4, 16]

Epoch 131 | Train Loss: 0.16669 | Val Loss: 0.35132
Train Loss Components:
  |- loss_rot: 0.02827
  |- loss_pos: 0.25770
  |- fk_loss: 0.77382
  |- smoothness_loss: 0.24140
Val Loss Components:
  |- loss_rot: 0.03362
  |- loss_pos: 0.53062
  |- fk_loss: 1.25892
  |- smoothness_loss: 0.14142
LR: 0.000100
Hole frames in this epoch: [4, 16]

Epoch 132 | Train Loss: 0.17486 | Val Loss: 0.34556
Train Loss Components:
  |- loss_rot: 0.03622
  |- loss_pos: 0.35640
  |- fk_loss: 1.03681
  |- smoothness_loss: 0.31736
Val Loss Components:
  |- loss_rot: 0.03378
  |- loss_pos: 0.54199
  |- fk_loss: 1.23428
  |- smoothness_loss: 0.14879
LR: 0.000100
Hole frames in this epoch: [4, 16]

Epoch 133 | Train Loss: 0.16600 | Val Loss: 0.34485
Train Loss Components:
  |- loss_rot: 0.01950
  |- loss_pos: 0.15845
  |- fk_loss: 0.48874
  |- smoothness_loss: 0.16062
Val Loss Components:
  |- loss_rot: 0.03425
  |- loss_pos: 0.55689
  |- fk_loss: 1.25723
  |- smoothness_loss: 0.15286
LR: 0.000100
Hole frames in this epoch: [4, 16]

Epoch 134 | Train Loss: 0.17258 | Val Loss: 0.34819
Train Loss Components:
  |- loss_rot: 0.01825
  |- loss_pos: 0.14461
  |- fk_loss: 0.44335
  |- smoothness_loss: 0.16720
Val Loss Components:
  |- loss_rot: 0.03398
  |- loss_pos: 0.56626
  |- fk_loss: 1.24777
  |- smoothness_loss: 0.15055
LR: 0.000100
Hole frames in this epoch: [4, 16]

Epoch 135 | Train Loss: 0.17616 | Val Loss: 0.35028
Train Loss Components:
  |- loss_rot: 0.02094
  |- loss_pos: 0.16549
  |- fk_loss: 0.51715
  |- smoothness_loss: 0.17486
Val Loss Components:
  |- loss_rot: 0.03370
  |- loss_pos: 0.53161
  |- fk_loss: 1.22009
  |- smoothness_loss: 0.15395
LR: 0.000100
Hole frames in this epoch: [4, 16]

Epoch 136 | Train Loss: 0.17489 | Val Loss: 0.34185
Train Loss Components:
  |- loss_rot: 0.02926
  |- loss_pos: 0.25056
  |- fk_loss: 0.73617
  |- smoothness_loss: 0.22481
Val Loss Components:
  |- loss_rot: 0.03395
  |- loss_pos: 0.51744
  |- fk_loss: 1.20247
  |- smoothness_loss: 0.14409
LR: 0.000100
Hole frames in this epoch: [4, 16]

Epoch 137 | Train Loss: 0.16726 | Val Loss: 0.34495
Train Loss Components:
  |- loss_rot: 0.03311
  |- loss_pos: 0.32650
  |- fk_loss: 0.93752
  |- smoothness_loss: 0.28650
Val Loss Components:
  |- loss_rot: 0.03375
  |- loss_pos: 0.53158
  |- fk_loss: 1.19408
  |- smoothness_loss: 0.14773
LR: 0.000100
Hole frames in this epoch: [4, 16]

Epoch 138 | Train Loss: 0.16303 | Val Loss: 0.35714
Train Loss Components:
  |- loss_rot: 0.01480
  |- loss_pos: 0.13488
  |- fk_loss: 0.37571
  |- smoothness_loss: 0.13244
Val Loss Components:
  |- loss_rot: 0.03366
  |- loss_pos: 0.58273
  |- fk_loss: 1.24964
  |- smoothness_loss: 0.13130
LR: 0.000100
Hole frames in this epoch: [4, 16]

Epoch 139 | Train Loss: 0.17275 | Val Loss: 0.34084
Train Loss Components:
  |- loss_rot: 0.02492
  |- loss_pos: 0.19829
  |- fk_loss: 0.61276
  |- smoothness_loss: 0.18731
Val Loss Components:
  |- loss_rot: 0.03377
  |- loss_pos: 0.53594
  |- fk_loss: 1.22431
  |- smoothness_loss: 0.14533
LR: 0.000100
Hole frames in this epoch: [4, 16]

Epoch 140 | Train Loss: 0.16669 | Val Loss: 0.33941
Train Loss Components:
  |- loss_rot: 0.02250
  |- loss_pos: 0.17671
  |- fk_loss: 0.53079
  |- smoothness_loss: 0.19043
Val Loss Components:
  |- loss_rot: 0.03374
  |- loss_pos: 0.52564
  |- fk_loss: 1.20291
  |- smoothness_loss: 0.14498
LR: 0.000100
Hole frames in this epoch: [4, 16]

Epoch 141 | Train Loss: 0.16583 | Val Loss: 0.33980
Train Loss Components:
  |- loss_rot: 0.02445
  |- loss_pos: 0.19741
  |- fk_loss: 0.60494
  |- smoothness_loss: 0.19810
Val Loss Components:
  |- loss_rot: 0.03383
  |- loss_pos: 0.52617
  |- fk_loss: 1.21569
  |- smoothness_loss: 0.14604
LR: 0.000100
Hole frames in this epoch: [4, 16]

Epoch 142 | Train Loss: 0.17152 | Val Loss: 0.34585
Train Loss Components:
  |- loss_rot: 0.01216
  |- loss_pos: 0.10465
  |- fk_loss: 0.29522
  |- smoothness_loss: 0.10871
Val Loss Components:
  |- loss_rot: 0.03397
  |- loss_pos: 0.53584
  |- fk_loss: 1.21654
  |- smoothness_loss: 0.15029
LR: 0.000100
Hole frames in this epoch: [4, 16]

Epoch 143 | Train Loss: 0.16620 | Val Loss: 0.34238
Train Loss Components:
  |- loss_rot: 0.03687
  |- loss_pos: 0.34885
  |- fk_loss: 1.03968
  |- smoothness_loss: 0.33452
Val Loss Components:
  |- loss_rot: 0.03399
  |- loss_pos: 0.53525
  |- fk_loss: 1.20842
  |- smoothness_loss: 0.15352
LR: 0.000100
Hole frames in this epoch: [4, 16]

Epoch 144 | Train Loss: 0.17243 | Val Loss: 0.33607
Train Loss Components:
  |- loss_rot: 0.02979
  |- loss_pos: 0.24162
  |- fk_loss: 0.75068
  |- smoothness_loss: 0.25712
Val Loss Components:
  |- loss_rot: 0.03374
  |- loss_pos: 0.49446
  |- fk_loss: 1.15550
  |- smoothness_loss: 0.14718
LR: 0.000100
Hole frames in this epoch: [4, 16]

Epoch 145 | Train Loss: 0.16915 | Val Loss: 0.34008
Train Loss Components:
  |- loss_rot: 0.02006
  |- loss_pos: 0.14903
  |- fk_loss: 0.48351
  |- smoothness_loss: 0.17565
Val Loss Components:
  |- loss_rot: 0.03373
  |- loss_pos: 0.51599
  |- fk_loss: 1.19834
  |- smoothness_loss: 0.15634
LR: 0.000100
Hole frames in this epoch: [4, 16]

Epoch 146 | Train Loss: 0.16884 | Val Loss: 0.33604
Train Loss Components:
  |- loss_rot: 0.02886
  |- loss_pos: 0.23248
  |- fk_loss: 0.72167
  |- smoothness_loss: 0.23469
Val Loss Components:
  |- loss_rot: 0.03370
  |- loss_pos: 0.50429
  |- fk_loss: 1.18879
  |- smoothness_loss: 0.14728
LR: 0.000100
Hole frames in this epoch: [4, 16]

Epoch 147 | Train Loss: 0.16426 | Val Loss: 0.33740
Train Loss Components:
  |- loss_rot: 0.03371
  |- loss_pos: 0.30053
  |- fk_loss: 0.90830
  |- smoothness_loss: 0.26558
Val Loss Components:
  |- loss_rot: 0.03354
  |- loss_pos: 0.50220
  |- fk_loss: 1.18905
  |- smoothness_loss: 0.14900
LR: 0.000100
Hole frames in this epoch: [4, 16]

Epoch 148 | Train Loss: 0.16010 | Val Loss: 0.33590
Train Loss Components:
  |- loss_rot: 0.02650
  |- loss_pos: 0.22256
  |- fk_loss: 0.67286
  |- smoothness_loss: 0.24570
Val Loss Components:
  |- loss_rot: 0.03358
  |- loss_pos: 0.50873
  |- fk_loss: 1.16048
  |- smoothness_loss: 0.15026
LR: 0.000100
Hole frames in this epoch: [4, 16]

Epoch 149 | Train Loss: 0.16438 | Val Loss: 0.34484
Train Loss Components:
  |- loss_rot: 0.02075
  |- loss_pos: 0.16556
  |- fk_loss: 0.50406
  |- smoothness_loss: 0.17249
Val Loss Components:
  |- loss_rot: 0.03381
  |- loss_pos: 0.49611
  |- fk_loss: 1.18050
  |- smoothness_loss: 0.14965
LR: 0.000100
Hole frames in this epoch: [4, 16]

Epoch 150 | Train Loss: 0.16261 | Val Loss: 0.33440
Train Loss Components:
  |- loss_rot: 0.01942
  |- loss_pos: 0.14665
  |- fk_loss: 0.46612
  |- smoothness_loss: 0.15285
Val Loss Components:
  |- loss_rot: 0.03369
  |- loss_pos: 0.49396
  |- fk_loss: 1.16487
  |- smoothness_loss: 0.14837
LR: 0.000100
Hole frames in this epoch: [4, 16]

Epoch 151 | Train Loss: 0.16185 | Val Loss: 0.33598
Train Loss Components:
  |- loss_rot: 0.02921
  |- loss_pos: 0.23105
  |- fk_loss: 0.71410
  |- smoothness_loss: 0.23542
Val Loss Components:
  |- loss_rot: 0.03388
  |- loss_pos: 0.50407
  |- fk_loss: 1.18644
  |- smoothness_loss: 0.14542
LR: 0.000100
Hole frames in this epoch: [4, 16]

Epoch 152 | Train Loss: 0.15674 | Val Loss: 0.33276
Train Loss Components:
  |- loss_rot: 0.02978
  |- loss_pos: 0.23900
  |- fk_loss: 0.75923
  |- smoothness_loss: 0.26541
Val Loss Components:
  |- loss_rot: 0.03397
  |- loss_pos: 0.50200
  |- fk_loss: 1.15243
  |- smoothness_loss: 0.15176
LR: 0.000100
Hole frames in this epoch: [4, 16]

Epoch 153 | Train Loss: 0.16965 | Val Loss: 0.33406
Train Loss Components:
  |- loss_rot: 0.02401
  |- loss_pos: 0.18945
  |- fk_loss: 0.58429
  |- smoothness_loss: 0.19914
Val Loss Components:
  |- loss_rot: 0.03359
  |- loss_pos: 0.49360
  |- fk_loss: 1.13874
  |- smoothness_loss: 0.14652
LR: 0.000100
Hole frames in this epoch: [4, 16]

Epoch 154 | Train Loss: 0.15935 | Val Loss: 0.33311
Train Loss Components:
  |- loss_rot: 0.02528
  |- loss_pos: 0.19349
  |- fk_loss: 0.61726
  |- smoothness_loss: 0.21094
Val Loss Components:
  |- loss_rot: 0.03370
  |- loss_pos: 0.51854
  |- fk_loss: 1.19189
  |- smoothness_loss: 0.15312
LR: 0.000100
Hole frames in this epoch: [4, 16]

Epoch 155 | Train Loss: 0.15891 | Val Loss: 0.34326
Train Loss Components:
  |- loss_rot: 0.01265
  |- loss_pos: 0.09742
  |- fk_loss: 0.28888
  |- smoothness_loss: 0.13383
Val Loss Components:
  |- loss_rot: 0.03406
  |- loss_pos: 0.52704
  |- fk_loss: 1.17774
  |- smoothness_loss: 0.16339
LR: 0.000100
Hole frames in this epoch: [4, 16]

Epoch 156 | Train Loss: 0.16260 | Val Loss: 0.33115
Train Loss Components:
  |- loss_rot: 0.03276
  |- loss_pos: 0.28389
  |- fk_loss: 0.84959
  |- smoothness_loss: 0.28236
Val Loss Components:
  |- loss_rot: 0.03360
  |- loss_pos: 0.48443
  |- fk_loss: 1.14648
  |- smoothness_loss: 0.14347
LR: 0.000100
Hole frames in this epoch: [4, 16]

Epoch 157 | Train Loss: 0.16058 | Val Loss: 0.33164
Train Loss Components:
  |- loss_rot: 0.02610
  |- loss_pos: 0.20055
  |- fk_loss: 0.62235
  |- smoothness_loss: 0.21018
Val Loss Components:
  |- loss_rot: 0.03362
  |- loss_pos: 0.50858
  |- fk_loss: 1.16482
  |- smoothness_loss: 0.14964
LR: 0.000100
Hole frames in this epoch: [4, 16]

Epoch 158 | Train Loss: 0.16411 | Val Loss: 0.33457
Train Loss Components:
  |- loss_rot: 0.01171
  |- loss_pos: 0.09459
  |- fk_loss: 0.27441
  |- smoothness_loss: 0.10197
Val Loss Components:
  |- loss_rot: 0.03389
  |- loss_pos: 0.50816
  |- fk_loss: 1.15908
  |- smoothness_loss: 0.14296
LR: 0.000100
Hole frames in this epoch: [4, 16]

Epoch 159 | Train Loss: 0.15286 | Val Loss: 0.32853
Train Loss Components:
  |- loss_rot: 0.01142
  |- loss_pos: 0.09510
  |- fk_loss: 0.26323
  |- smoothness_loss: 0.08514
Val Loss Components:
  |- loss_rot: 0.03349
  |- loss_pos: 0.49296
  |- fk_loss: 1.16335
  |- smoothness_loss: 0.15108
LR: 0.000100
Hole frames in this epoch: [4, 16]

Epoch 160 | Train Loss: 0.15780 | Val Loss: 0.33258
Train Loss Components:
  |- loss_rot: 0.01493
  |- loss_pos: 0.11239
  |- fk_loss: 0.34622
  |- smoothness_loss: 0.12922
Val Loss Components:
  |- loss_rot: 0.03375
  |- loss_pos: 0.46636
  |- fk_loss: 1.13715
  |- smoothness_loss: 0.14454
LR: 0.000100
Hole frames in this epoch: [4, 16]

Epoch 161 | Train Loss: 0.15084 | Val Loss: 0.33205
Train Loss Components:
  |- loss_rot: 0.03270
  |- loss_pos: 0.25939
  |- fk_loss: 0.81262
  |- smoothness_loss: 0.27702
Val Loss Components:
  |- loss_rot: 0.03374
  |- loss_pos: 0.49101
  |- fk_loss: 1.14288
  |- smoothness_loss: 0.15492
LR: 0.000100
Hole frames in this epoch: [4, 16]

Epoch 162 | Train Loss: 0.15852 | Val Loss: 0.33073
Train Loss Components:
  |- loss_rot: 0.02812
  |- loss_pos: 0.21249
  |- fk_loss: 0.69530
  |- smoothness_loss: 0.24531
Val Loss Components:
  |- loss_rot: 0.03335
  |- loss_pos: 0.49646
  |- fk_loss: 1.17159
  |- smoothness_loss: 0.14733
LR: 0.000100
Hole frames in this epoch: [4, 16]

Epoch 163 | Train Loss: 0.15909 | Val Loss: 0.32741
Train Loss Components:
  |- loss_rot: 0.01750
  |- loss_pos: 0.12923
  |- fk_loss: 0.41132
  |- smoothness_loss: 0.16022
Val Loss Components:
  |- loss_rot: 0.03348
  |- loss_pos: 0.47242
  |- fk_loss: 1.14798
  |- smoothness_loss: 0.15240
LR: 0.000100
Hole frames in this epoch: [4, 16]

Epoch 164 | Train Loss: 0.16172 | Val Loss: 0.32912
Train Loss Components:
  |- loss_rot: 0.03515
  |- loss_pos: 0.35501
  |- fk_loss: 0.97208
  |- smoothness_loss: 0.30900
Val Loss Components:
  |- loss_rot: 0.03375
  |- loss_pos: 0.50132
  |- fk_loss: 1.14631
  |- smoothness_loss: 0.15122
LR: 0.000100
Hole frames in this epoch: [4, 16]

Epoch 165 | Train Loss: 0.16323 | Val Loss: 0.33129
Train Loss Components:
  |- loss_rot: 0.01348
  |- loss_pos: 0.10989
  |- fk_loss: 0.31206
  |- smoothness_loss: 0.10215
Val Loss Components:
  |- loss_rot: 0.03352
  |- loss_pos: 0.46923
  |- fk_loss: 1.15318
  |- smoothness_loss: 0.14789
LR: 0.000100
Hole frames in this epoch: [4, 16]

Epoch 166 | Train Loss: 0.16140 | Val Loss: 0.32707
Train Loss Components:
  |- loss_rot: 0.03642
  |- loss_pos: 0.33711
  |- fk_loss: 0.95687
  |- smoothness_loss: 0.31550
Val Loss Components:
  |- loss_rot: 0.03369
  |- loss_pos: 0.46776
  |- fk_loss: 1.13615
  |- smoothness_loss: 0.15032
LR: 0.000100
Hole frames in this epoch: [4, 16]

Epoch 167 | Train Loss: 0.15599 | Val Loss: 0.32650
Train Loss Components:
  |- loss_rot: 0.01191
  |- loss_pos: 0.09765
  |- fk_loss: 0.28267
  |- smoothness_loss: 0.11035
Val Loss Components:
  |- loss_rot: 0.03336
  |- loss_pos: 0.49339
  |- fk_loss: 1.15158
  |- smoothness_loss: 0.14622
LR: 0.000100
Hole frames in this epoch: [4, 16]

Epoch 168 | Train Loss: 0.16198 | Val Loss: 0.33069
Train Loss Components:
  |- loss_rot: 0.02650
  |- loss_pos: 0.21530
  |- fk_loss: 0.66372
  |- smoothness_loss: 0.23300
Val Loss Components:
  |- loss_rot: 0.03339
  |- loss_pos: 0.49729
  |- fk_loss: 1.17476
  |- smoothness_loss: 0.15670
LR: 0.000100
Hole frames in this epoch: [4, 16]

Epoch 169 | Train Loss: 0.15249 | Val Loss: 0.32732
Train Loss Components:
  |- loss_rot: 0.01198
  |- loss_pos: 0.09295
  |- fk_loss: 0.27437
  |- smoothness_loss: 0.10166
Val Loss Components:
  |- loss_rot: 0.03366
  |- loss_pos: 0.46879
  |- fk_loss: 1.16395
  |- smoothness_loss: 0.15583
LR: 0.000100
Hole frames in this epoch: [4, 16]

Epoch 170 | Train Loss: 0.16011 | Val Loss: 0.32653
Train Loss Components:
  |- loss_rot: 0.02919
  |- loss_pos: 0.23270
  |- fk_loss: 0.70942
  |- smoothness_loss: 0.23060
Val Loss Components:
  |- loss_rot: 0.03358
  |- loss_pos: 0.47901
  |- fk_loss: 1.12848
  |- smoothness_loss: 0.15748
LR: 0.000100
Hole frames in this epoch: [4, 16]

Epoch 171 | Train Loss: 0.14904 | Val Loss: 0.33000
Train Loss Components:
  |- loss_rot: 0.02384
  |- loss_pos: 0.16939
  |- fk_loss: 0.54580
  |- smoothness_loss: 0.21230
Val Loss Components:
  |- loss_rot: 0.03392
  |- loss_pos: 0.48956
  |- fk_loss: 1.15105
  |- smoothness_loss: 0.16424
LR: 0.000100
Hole frames in this epoch: [4, 16]

Epoch 172 | Train Loss: 0.15847 | Val Loss: 0.32525
Train Loss Components:
  |- loss_rot: 0.02943
  |- loss_pos: 0.21926
  |- fk_loss: 0.68626
  |- smoothness_loss: 0.23690
Val Loss Components:
  |- loss_rot: 0.03364
  |- loss_pos: 0.48238
  |- fk_loss: 1.12747
  |- smoothness_loss: 0.15501
LR: 0.000100
Hole frames in this epoch: [4, 16]

Epoch 173 | Train Loss: 0.15895 | Val Loss: 0.32229
Train Loss Components:
  |- loss_rot: 0.03737
  |- loss_pos: 0.35078
  |- fk_loss: 0.98197
  |- smoothness_loss: 0.34415
Val Loss Components:
  |- loss_rot: 0.03334
  |- loss_pos: 0.48273
  |- fk_loss: 1.12733
  |- smoothness_loss: 0.15570
LR: 0.000100
Hole frames in this epoch: [4, 16]

Epoch 174 | Train Loss: 0.15338 | Val Loss: 0.32736
Train Loss Components:
  |- loss_rot: 0.01148
  |- loss_pos: 0.08400
  |- fk_loss: 0.25568
  |- smoothness_loss: 0.10544
Val Loss Components:
  |- loss_rot: 0.03359
  |- loss_pos: 0.50782
  |- fk_loss: 1.15308
  |- smoothness_loss: 0.14745
LR: 0.000100
Hole frames in this epoch: [4, 16]

Epoch 175 | Train Loss: 0.15007 | Val Loss: 0.32579
Train Loss Components:
  |- loss_rot: 0.01515
  |- loss_pos: 0.11739
  |- fk_loss: 0.34469
  |- smoothness_loss: 0.12826
Val Loss Components:
  |- loss_rot: 0.03409
  |- loss_pos: 0.47751
  |- fk_loss: 1.14182
  |- smoothness_loss: 0.16204
LR: 0.000100
Hole frames in this epoch: [4, 16]

Epoch 176 | Train Loss: 0.15306 | Val Loss: 0.32263
Train Loss Components:
  |- loss_rot: 0.03296
  |- loss_pos: 0.26724
  |- fk_loss: 0.83158
  |- smoothness_loss: 0.28593
Val Loss Components:
  |- loss_rot: 0.03349
  |- loss_pos: 0.49761
  |- fk_loss: 1.16654
  |- smoothness_loss: 0.15257
LR: 0.000100
Hole frames in this epoch: [4, 16]

Epoch 177 | Train Loss: 0.15544 | Val Loss: 0.32492
Train Loss Components:
  |- loss_rot: 0.02730
  |- loss_pos: 0.19599
  |- fk_loss: 0.61589
  |- smoothness_loss: 0.21219
Val Loss Components:
  |- loss_rot: 0.03357
  |- loss_pos: 0.46901
  |- fk_loss: 1.12407
  |- smoothness_loss: 0.15667
LR: 0.000100
Hole frames in this epoch: [4, 16]

Epoch 178 | Train Loss: 0.15824 | Val Loss: 0.32228
Train Loss Components:
  |- loss_rot: 0.03796
  |- loss_pos: 0.36239
  |- fk_loss: 1.03975
  |- smoothness_loss: 0.31732
Val Loss Components:
  |- loss_rot: 0.03329
  |- loss_pos: 0.47053
  |- fk_loss: 1.09414
  |- smoothness_loss: 0.15544
LR: 0.000100
Hole frames in this epoch: [4, 16]

Epoch 179 | Train Loss: 0.15671 | Val Loss: 0.32209
Train Loss Components:
  |- loss_rot: 0.03241
  |- loss_pos: 0.24873
  |- fk_loss: 0.77438
  |- smoothness_loss: 0.27931
Val Loss Components:
  |- loss_rot: 0.03325
  |- loss_pos: 0.46388
  |- fk_loss: 1.11153
  |- smoothness_loss: 0.14494
LR: 0.000100
Hole frames in this epoch: [4, 16]

Epoch 180 | Train Loss: 0.15495 | Val Loss: 0.32433
Train Loss Components:
  |- loss_rot: 0.01576
  |- loss_pos: 0.11244
  |- fk_loss: 0.35997
  |- smoothness_loss: 0.13577
Val Loss Components:
  |- loss_rot: 0.03328
  |- loss_pos: 0.44031
  |- fk_loss: 1.09630
  |- smoothness_loss: 0.15008
LR: 0.000100
Hole frames in this epoch: [4, 16]

Epoch 181 | Train Loss: 0.14812 | Val Loss: 0.32696
Train Loss Components:
  |- loss_rot: 0.01431
  |- loss_pos: 0.11369
  |- fk_loss: 0.33252
  |- smoothness_loss: 0.14280
Val Loss Components:
  |- loss_rot: 0.03326
  |- loss_pos: 0.46987
  |- fk_loss: 1.12365
  |- smoothness_loss: 0.15250
LR: 0.000100
Hole frames in this epoch: [4, 16]

Epoch 182 | Train Loss: 0.14592 | Val Loss: 0.32798
Train Loss Components:
  |- loss_rot: 0.02700
  |- loss_pos: 0.20119
  |- fk_loss: 0.62418
  |- smoothness_loss: 0.25470
Val Loss Components:
  |- loss_rot: 0.03311
  |- loss_pos: 0.53035
  |- fk_loss: 1.13051
  |- smoothness_loss: 0.15810
LR: 0.000100
Hole frames in this epoch: [4, 16]

Epoch 183 | Train Loss: 0.15214 | Val Loss: 0.32523
Train Loss Components:
  |- loss_rot: 0.02970
  |- loss_pos: 0.23290
  |- fk_loss: 0.72641
  |- smoothness_loss: 0.27502
Val Loss Components:
  |- loss_rot: 0.03346
  |- loss_pos: 0.46143
  |- fk_loss: 1.10970
  |- smoothness_loss: 0.15568
LR: 0.000100
Hole frames in this epoch: [4, 16]

Epoch 184 | Train Loss: 0.14584 | Val Loss: 0.31981
Train Loss Components:
  |- loss_rot: 0.01587
  |- loss_pos: 0.11823
  |- fk_loss: 0.36098
  |- smoothness_loss: 0.13328
Val Loss Components:
  |- loss_rot: 0.03314
  |- loss_pos: 0.45794
  |- fk_loss: 1.09232
  |- smoothness_loss: 0.15613
LR: 0.000100
Hole frames in this epoch: [4, 16]

Epoch 185 | Train Loss: 0.15035 | Val Loss: 0.32348
Train Loss Components:
  |- loss_rot: 0.01568
  |- loss_pos: 0.11548
  |- fk_loss: 0.36907
  |- smoothness_loss: 0.14524
Val Loss Components:
  |- loss_rot: 0.03371
  |- loss_pos: 0.48499
  |- fk_loss: 1.16688
  |- smoothness_loss: 0.15181
LR: 0.000100
Hole frames in this epoch: [4, 16]

Epoch 186 | Train Loss: 0.14448 | Val Loss: 0.32123
Train Loss Components:
  |- loss_rot: 0.01506
  |- loss_pos: 0.10974
  |- fk_loss: 0.33533
  |- smoothness_loss: 0.13676
Val Loss Components:
  |- loss_rot: 0.03348
  |- loss_pos: 0.47390
  |- fk_loss: 1.11571
  |- smoothness_loss: 0.16271
LR: 0.000100
Hole frames in this epoch: [4, 16]

Epoch 187 | Train Loss: 0.14995 | Val Loss: 0.32335
Train Loss Components:
  |- loss_rot: 0.02190
  |- loss_pos: 0.15563
  |- fk_loss: 0.50493
  |- smoothness_loss: 0.20374
Val Loss Components:
  |- loss_rot: 0.03343
  |- loss_pos: 0.50382
  |- fk_loss: 1.12693
  |- smoothness_loss: 0.14934
LR: 0.000100
Hole frames in this epoch: [4, 16]

Epoch 188 | Train Loss: 0.14816 | Val Loss: 0.32444
Train Loss Components:
  |- loss_rot: 0.01783
  |- loss_pos: 0.12658
  |- fk_loss: 0.40239
  |- smoothness_loss: 0.15403
Val Loss Components:
  |- loss_rot: 0.03330
  |- loss_pos: 0.46351
  |- fk_loss: 1.10383
  |- smoothness_loss: 0.15362
LR: 0.000100
Hole frames in this epoch: [4, 16]

Epoch 189 | Train Loss: 0.15650 | Val Loss: 0.31877
Train Loss Components:
  |- loss_rot: 0.03319
  |- loss_pos: 0.24755
  |- fk_loss: 0.81590
  |- smoothness_loss: 0.27824
Val Loss Components:
  |- loss_rot: 0.03340
  |- loss_pos: 0.47055
  |- fk_loss: 1.10545
  |- smoothness_loss: 0.15629
LR: 0.000100
Hole frames in this epoch: [4, 16]

Epoch 190 | Train Loss: 0.14287 | Val Loss: 0.31636
Train Loss Components:
  |- loss_rot: 0.03395
  |- loss_pos: 0.28529
  |- fk_loss: 0.86668
  |- smoothness_loss: 0.29503
Val Loss Components:
  |- loss_rot: 0.03346
  |- loss_pos: 0.43390
  |- fk_loss: 1.08932
  |- smoothness_loss: 0.15459
LR: 0.000100
Hole frames in this epoch: [4, 16]

Epoch 191 | Train Loss: 0.15394 | Val Loss: 0.31896
Train Loss Components:
  |- loss_rot: 0.01566
  |- loss_pos: 0.11564
  |- fk_loss: 0.36070
  |- smoothness_loss: 0.11776
Val Loss Components:
  |- loss_rot: 0.03341
  |- loss_pos: 0.43806
  |- fk_loss: 1.12225
  |- smoothness_loss: 0.15161
LR: 0.000100
Hole frames in this epoch: [4, 16]

Epoch 192 | Train Loss: 0.15039 | Val Loss: 0.31689
Train Loss Components:
  |- loss_rot: 0.02389
  |- loss_pos: 0.15776
  |- fk_loss: 0.52944
  |- smoothness_loss: 0.20338
Val Loss Components:
  |- loss_rot: 0.03363
  |- loss_pos: 0.44659
  |- fk_loss: 1.07140
  |- smoothness_loss: 0.16365
LR: 0.000100
Hole frames in this epoch: [4, 16]

Epoch 193 | Train Loss: 0.14945 | Val Loss: 0.31602
Train Loss Components:
  |- loss_rot: 0.01844
  |- loss_pos: 0.12065
  |- fk_loss: 0.40453
  |- smoothness_loss: 0.14241
Val Loss Components:
  |- loss_rot: 0.03338
  |- loss_pos: 0.46010
  |- fk_loss: 1.08274
  |- smoothness_loss: 0.15307
LR: 0.000100
Hole frames in this epoch: [4, 16]

Epoch 194 | Train Loss: 0.14665 | Val Loss: 0.31879
Train Loss Components:
  |- loss_rot: 0.01437
  |- loss_pos: 0.11206
  |- fk_loss: 0.32527
  |- smoothness_loss: 0.12585
Val Loss Components:
  |- loss_rot: 0.03345
  |- loss_pos: 0.45836
  |- fk_loss: 1.13388
  |- smoothness_loss: 0.15426
LR: 0.000100
Hole frames in this epoch: [4, 16]

Epoch 195 | Train Loss: 0.14820 | Val Loss: 0.31800
Train Loss Components:
  |- loss_rot: 0.02320
  |- loss_pos: 0.16228
  |- fk_loss: 0.50997
  |- smoothness_loss: 0.19360
Val Loss Components:
  |- loss_rot: 0.03325
  |- loss_pos: 0.44186
  |- fk_loss: 1.08334
  |- smoothness_loss: 0.15545
LR: 0.000100
Hole frames in this epoch: [4, 16]

Epoch 196 | Train Loss: 0.14914 | Val Loss: 0.31602
Train Loss Components:
  |- loss_rot: 0.03481
  |- loss_pos: 0.29307
  |- fk_loss: 0.85307
  |- smoothness_loss: 0.32510
Val Loss Components:
  |- loss_rot: 0.03351
  |- loss_pos: 0.42587
  |- fk_loss: 1.09991
  |- smoothness_loss: 0.14917
LR: 0.000100
Hole frames in this epoch: [4, 16]

Epoch 197 | Train Loss: 0.13901 | Val Loss: 0.32168
Train Loss Components:
  |- loss_rot: 0.01687
  |- loss_pos: 0.12299
  |- fk_loss: 0.38363
  |- smoothness_loss: 0.15401
Val Loss Components:
  |- loss_rot: 0.03351
  |- loss_pos: 0.44595
  |- fk_loss: 1.09089
  |- smoothness_loss: 0.15901
LR: 0.000100
Hole frames in this epoch: [4, 16]

Epoch 198 | Train Loss: 0.14446 | Val Loss: 0.31706
Train Loss Components:
  |- loss_rot: 0.03044
  |- loss_pos: 0.22567
  |- fk_loss: 0.70192
  |- smoothness_loss: 0.29107
Val Loss Components:
  |- loss_rot: 0.03343
  |- loss_pos: 0.46380
  |- fk_loss: 1.07715
  |- smoothness_loss: 0.15296
LR: 0.000100
Hole frames in this epoch: [4, 16]

Epoch 199 | Train Loss: 0.14823 | Val Loss: 0.31505
Train Loss Components:
  |- loss_rot: 0.01616
  |- loss_pos: 0.11790
  |- fk_loss: 0.35730
  |- smoothness_loss: 0.14064
Val Loss Components:
  |- loss_rot: 0.03327
  |- loss_pos: 0.45544
  |- fk_loss: 1.09965
  |- smoothness_loss: 0.15366
LR: 0.000100
Hole frames in this epoch: [4, 16]

Epoch 200 | Train Loss: 0.14527 | Val Loss: 0.31883
Train Loss Components:
  |- loss_rot: 0.02711
  |- loss_pos: 0.19971
  |- fk_loss: 0.61456
  |- smoothness_loss: 0.26150
Val Loss Components:
  |- loss_rot: 0.03353
  |- loss_pos: 0.46549
  |- fk_loss: 1.07816
  |- smoothness_loss: 0.16124
LR: 0.000100
Hole frames in this epoch: [4, 16]

Epoch 201 | Train Loss: 0.14355 | Val Loss: 0.31325
Train Loss Components:
  |- loss_rot: 0.03374
  |- loss_pos: 0.26565
  |- fk_loss: 0.81461
  |- smoothness_loss: 0.28332
Val Loss Components:
  |- loss_rot: 0.03332
  |- loss_pos: 0.45060
  |- fk_loss: 1.08345
  |- smoothness_loss: 0.15267
LR: 0.000100
Hole frames in this epoch: [4, 16]

Epoch 202 | Train Loss: 0.14820 | Val Loss: 0.31499
Train Loss Components:
  |- loss_rot: 0.02317
  |- loss_pos: 0.16074
  |- fk_loss: 0.52432
  |- smoothness_loss: 0.20002
Val Loss Components:
  |- loss_rot: 0.03312
  |- loss_pos: 0.44847
  |- fk_loss: 1.08118
  |- smoothness_loss: 0.15087
LR: 0.000100
Hole frames in this epoch: [4, 16]

Epoch 203 | Train Loss: 0.13839 | Val Loss: 0.31689
Train Loss Components:
  |- loss_rot: 0.03348
  |- loss_pos: 0.24598
  |- fk_loss: 0.76859
  |- smoothness_loss: 0.30834
Val Loss Components:
  |- loss_rot: 0.03333
  |- loss_pos: 0.43415
  |- fk_loss: 1.07059
  |- smoothness_loss: 0.15904
LR: 0.000100
Hole frames in this epoch: [4, 16]

Epoch 204 | Train Loss: 0.14455 | Val Loss: 0.31712
Train Loss Components:
  |- loss_rot: 0.02519
  |- loss_pos: 0.17511
  |- fk_loss: 0.56950
  |- smoothness_loss: 0.21708
Val Loss Components:
  |- loss_rot: 0.03301
  |- loss_pos: 0.46232
  |- fk_loss: 1.07471
  |- smoothness_loss: 0.14317
LR: 0.000100
Hole frames in this epoch: [4, 16]

Epoch 205 | Train Loss: 0.14710 | Val Loss: 0.31405
Train Loss Components:
  |- loss_rot: 0.01660
  |- loss_pos: 0.13389
  |- fk_loss: 0.38252
  |- smoothness_loss: 0.14611
Val Loss Components:
  |- loss_rot: 0.03337
  |- loss_pos: 0.46572
  |- fk_loss: 1.09576
  |- smoothness_loss: 0.15885
LR: 0.000100
Hole frames in this epoch: [4, 16]

Epoch 206 | Train Loss: 0.14548 | Val Loss: 0.31305
Train Loss Components:
  |- loss_rot: 0.03656
  |- loss_pos: 0.30592
  |- fk_loss: 0.98390
  |- smoothness_loss: 0.31908
Val Loss Components:
  |- loss_rot: 0.03308
  |- loss_pos: 0.44802
  |- fk_loss: 1.05898
  |- smoothness_loss: 0.15384
LR: 0.000100
Hole frames in this epoch: [4, 16]

Epoch 207 | Train Loss: 0.14384 | Val Loss: 0.31238
Train Loss Components:
  |- loss_rot: 0.02785
  |- loss_pos: 0.19847
  |- fk_loss: 0.63275
  |- smoothness_loss: 0.24599
Val Loss Components:
  |- loss_rot: 0.03347
  |- loss_pos: 0.46615
  |- fk_loss: 1.10221
  |- smoothness_loss: 0.15903
LR: 0.000100
Hole frames in this epoch: [4, 16]

Epoch 208 | Train Loss: 0.14775 | Val Loss: 0.31397
Train Loss Components:
  |- loss_rot: 0.03262
  |- loss_pos: 0.23733
  |- fk_loss: 0.74969
  |- smoothness_loss: 0.27235
Val Loss Components:
  |- loss_rot: 0.03323
  |- loss_pos: 0.44886
  |- fk_loss: 1.09747
  |- smoothness_loss: 0.15980
LR: 0.000100
Hole frames in this epoch: [4, 16]

Epoch 209 | Train Loss: 0.14100 | Val Loss: 0.31208
Train Loss Components:
  |- loss_rot: 0.01105
  |- loss_pos: 0.08795
  |- fk_loss: 0.24584
  |- smoothness_loss: 0.09200
Val Loss Components:
  |- loss_rot: 0.03342
  |- loss_pos: 0.46156
  |- fk_loss: 1.09312
  |- smoothness_loss: 0.15348
LR: 0.000100
Hole frames in this epoch: [4, 16]

Epoch 210 | Train Loss: 0.14162 | Val Loss: 0.31427
Train Loss Components:
  |- loss_rot: 0.03545
  |- loss_pos: 0.28238
  |- fk_loss: 0.84895
  |- smoothness_loss: 0.32356
Val Loss Components:
  |- loss_rot: 0.03326
  |- loss_pos: 0.46217
  |- fk_loss: 1.06447
  |- smoothness_loss: 0.16044
LR: 0.000100
Hole frames in this epoch: [4, 16]

Epoch 211 | Train Loss: 0.14259 | Val Loss: 0.31161
Train Loss Components:
  |- loss_rot: 0.01986
  |- loss_pos: 0.12976
  |- fk_loss: 0.43502
  |- smoothness_loss: 0.17775
Val Loss Components:
  |- loss_rot: 0.03342
  |- loss_pos: 0.45277
  |- fk_loss: 1.07292
  |- smoothness_loss: 0.15257
LR: 0.000100
Hole frames in this epoch: [4, 16]

Epoch 212 | Train Loss: 0.14480 | Val Loss: 0.31009
Train Loss Components:
  |- loss_rot: 0.01619
  |- loss_pos: 0.11225
  |- fk_loss: 0.34678
  |- smoothness_loss: 0.13458
Val Loss Components:
  |- loss_rot: 0.03311
  |- loss_pos: 0.45334
  |- fk_loss: 1.07578
  |- smoothness_loss: 0.16279
LR: 0.000100
Hole frames in this epoch: [4, 16]

Epoch 213 | Train Loss: 0.14871 | Val Loss: 0.31214
Train Loss Components:
  |- loss_rot: 0.02482
  |- loss_pos: 0.17828
  |- fk_loss: 0.54383
  |- smoothness_loss: 0.17890
Val Loss Components:
  |- loss_rot: 0.03324
  |- loss_pos: 0.43791
  |- fk_loss: 1.05620
  |- smoothness_loss: 0.15090
LR: 0.000100
Hole frames in this epoch: [4, 16]

Epoch 214 | Train Loss: 0.14143 | Val Loss: 0.31058
Train Loss Components:
  |- loss_rot: 0.01199
  |- loss_pos: 0.09427
  |- fk_loss: 0.26954
  |- smoothness_loss: 0.11155
Val Loss Components:
  |- loss_rot: 0.03315
  |- loss_pos: 0.43942
  |- fk_loss: 1.04011
  |- smoothness_loss: 0.15291
LR: 0.000100
Hole frames in this epoch: [4, 16]

Epoch 215 | Train Loss: 0.14246 | Val Loss: 0.30985
Train Loss Components:
  |- loss_rot: 0.03397
  |- loss_pos: 0.26074
  |- fk_loss: 0.78991
  |- smoothness_loss: 0.28145
Val Loss Components:
  |- loss_rot: 0.03320
  |- loss_pos: 0.44797
  |- fk_loss: 1.06265
  |- smoothness_loss: 0.15313
LR: 0.000100
Hole frames in this epoch: [4, 16]

Epoch 216 | Train Loss: 0.13824 | Val Loss: 0.31243
Train Loss Components:
  |- loss_rot: 0.02352
  |- loss_pos: 0.15127
  |- fk_loss: 0.50891
  |- smoothness_loss: 0.22002
Val Loss Components:
  |- loss_rot: 0.03336
  |- loss_pos: 0.43511
  |- fk_loss: 1.06167
  |- smoothness_loss: 0.15893
LR: 0.000100
Hole frames in this epoch: [4, 16]

Epoch 217 | Train Loss: 0.13729 | Val Loss: 0.31220
Train Loss Components:
  |- loss_rot: 0.01034
  |- loss_pos: 0.08317
  |- fk_loss: 0.23335
  |- smoothness_loss: 0.10033
Val Loss Components:
  |- loss_rot: 0.03308
  |- loss_pos: 0.43829
  |- fk_loss: 1.07573
  |- smoothness_loss: 0.15412
LR: 0.000100
Hole frames in this epoch: [4, 16]

Epoch 218 | Train Loss: 0.13470 | Val Loss: 0.31158
Train Loss Components:
  |- loss_rot: 0.01431
  |- loss_pos: 0.10079
  |- fk_loss: 0.31553
  |- smoothness_loss: 0.12760
Val Loss Components:
  |- loss_rot: 0.03295
  |- loss_pos: 0.43725
  |- fk_loss: 1.06532
  |- smoothness_loss: 0.15852
LR: 0.000100
Hole frames in this epoch: [4, 16]

Epoch 219 | Train Loss: 0.14461 | Val Loss: 0.30822
Train Loss Components:
  |- loss_rot: 0.03652
  |- loss_pos: 0.29967
  |- fk_loss: 0.89039
  |- smoothness_loss: 0.33314
Val Loss Components:
  |- loss_rot: 0.03328
  |- loss_pos: 0.45470
  |- fk_loss: 1.06392
  |- smoothness_loss: 0.15739
LR: 0.000100
Hole frames in this epoch: [4, 16]

Epoch 220 | Train Loss: 0.14359 | Val Loss: 0.31077
Train Loss Components:
  |- loss_rot: 0.02439
  |- loss_pos: 0.16292
  |- fk_loss: 0.52299
  |- smoothness_loss: 0.21008
Val Loss Components:
  |- loss_rot: 0.03306
  |- loss_pos: 0.45518
  |- fk_loss: 1.06441
  |- smoothness_loss: 0.15515
LR: 0.000100
Hole frames in this epoch: [4, 16]

Epoch 221 | Train Loss: 0.13609 | Val Loss: 0.31205
Train Loss Components:
  |- loss_rot: 0.02155
  |- loss_pos: 0.16433
  |- fk_loss: 0.47982
  |- smoothness_loss: 0.19331
Val Loss Components:
  |- loss_rot: 0.03311
  |- loss_pos: 0.47961
  |- fk_loss: 1.08939
  |- smoothness_loss: 0.16007
LR: 0.000100
Hole frames in this epoch: [4, 16]

Epoch 222 | Train Loss: 0.13561 | Val Loss: 0.30801
Train Loss Components:
  |- loss_rot: 0.02946
  |- loss_pos: 0.21807
  |- fk_loss: 0.66833
  |- smoothness_loss: 0.28310
Val Loss Components:
  |- loss_rot: 0.03313
  |- loss_pos: 0.45956
  |- fk_loss: 1.06036
  |- smoothness_loss: 0.15220
LR: 0.000100
Hole frames in this epoch: [4, 16]

Epoch 223 | Train Loss: 0.13816 | Val Loss: 0.30710
Train Loss Components:
  |- loss_rot: 0.03301
  |- loss_pos: 0.25291
  |- fk_loss: 0.77208
  |- smoothness_loss: 0.27902
Val Loss Components:
  |- loss_rot: 0.03299
  |- loss_pos: 0.44046
  |- fk_loss: 1.03454
  |- smoothness_loss: 0.15232
LR: 0.000100
Hole frames in this epoch: [4, 16]

Epoch 224 | Train Loss: 0.13489 | Val Loss: 0.30782
Train Loss Components:
  |- loss_rot: 0.02797
  |- loss_pos: 0.19289
  |- fk_loss: 0.59868
  |- smoothness_loss: 0.22261
Val Loss Components:
  |- loss_rot: 0.03301
  |- loss_pos: 0.46912
  |- fk_loss: 1.07542
  |- smoothness_loss: 0.16006
LR: 0.000100
Hole frames in this epoch: [4, 16]

Epoch 225 | Train Loss: 0.14296 | Val Loss: 0.30932
Train Loss Components:
  |- loss_rot: 0.01761
  |- loss_pos: 0.11925
  |- fk_loss: 0.38201
  |- smoothness_loss: 0.12802
Val Loss Components:
  |- loss_rot: 0.03301
  |- loss_pos: 0.47109
  |- fk_loss: 1.08892
  |- smoothness_loss: 0.15454
LR: 0.000100
Hole frames in this epoch: [4, 16]

Epoch 226 | Train Loss: 0.13625 | Val Loss: 0.30950
Train Loss Components:
  |- loss_rot: 0.02747
  |- loss_pos: 0.19505
  |- fk_loss: 0.61254
  |- smoothness_loss: 0.24424
Val Loss Components:
  |- loss_rot: 0.03315
  |- loss_pos: 0.45535
  |- fk_loss: 1.07358
  |- smoothness_loss: 0.16102
LR: 0.000100
Hole frames in this epoch: [4, 16]

Epoch 227 | Train Loss: 0.14045 | Val Loss: 0.30896
Train Loss Components:
  |- loss_rot: 0.02826
  |- loss_pos: 0.21332
  |- fk_loss: 0.64375
  |- smoothness_loss: 0.24258
Val Loss Components:
  |- loss_rot: 0.03321
  |- loss_pos: 0.43292
  |- fk_loss: 1.04734
  |- smoothness_loss: 0.15122
LR: 0.000100
Hole frames in this epoch: [4, 16]

Epoch 228 | Train Loss: 0.13818 | Val Loss: 0.30727
Train Loss Components:
  |- loss_rot: 0.02700
  |- loss_pos: 0.20474
  |- fk_loss: 0.60743
  |- smoothness_loss: 0.22275
Val Loss Components:
  |- loss_rot: 0.03312
  |- loss_pos: 0.41716
  |- fk_loss: 1.03278
  |- smoothness_loss: 0.16267
LR: 0.000100
Hole frames in this epoch: [4, 16]

Epoch 229 | Train Loss: 0.13767 | Val Loss: 0.30512
Train Loss Components:
  |- loss_rot: 0.03072
  |- loss_pos: 0.21488
  |- fk_loss: 0.68626
  |- smoothness_loss: 0.27909
Val Loss Components:
  |- loss_rot: 0.03328
  |- loss_pos: 0.40623
  |- fk_loss: 1.04027
  |- smoothness_loss: 0.15788
LR: 0.000100
Hole frames in this epoch: [4, 16]

Epoch 230 | Train Loss: 0.13640 | Val Loss: 0.30802
Train Loss Components:
  |- loss_rot: 0.01162
  |- loss_pos: 0.08240
  |- fk_loss: 0.25098
  |- smoothness_loss: 0.12317
Val Loss Components:
  |- loss_rot: 0.03296
  |- loss_pos: 0.44690
  |- fk_loss: 1.05668
  |- smoothness_loss: 0.15221
LR: 0.000100
Hole frames in this epoch: [4, 16]

Epoch 231 | Train Loss: 0.13863 | Val Loss: 0.31095
Train Loss Components:
  |- loss_rot: 0.02178
  |- loss_pos: 0.14418
  |- fk_loss: 0.46038
  |- smoothness_loss: 0.17641
Val Loss Components:
  |- loss_rot: 0.03329
  |- loss_pos: 0.45591
  |- fk_loss: 1.06396
  |- smoothness_loss: 0.16373
LR: 0.000100
Hole frames in this epoch: [4, 16]

Epoch 232 | Train Loss: 0.13567 | Val Loss: 0.30657
Train Loss Components:
  |- loss_rot: 0.01325
  |- loss_pos: 0.09627
  |- fk_loss: 0.29384
  |- smoothness_loss: 0.10483
Val Loss Components:
  |- loss_rot: 0.03312
  |- loss_pos: 0.43213
  |- fk_loss: 1.06944
  |- smoothness_loss: 0.14859
LR: 0.000100
Hole frames in this epoch: [4, 16]

Epoch 233 | Train Loss: 0.14154 | Val Loss: 0.30665
Train Loss Components:
  |- loss_rot: 0.01384
  |- loss_pos: 0.09284
  |- fk_loss: 0.28974
  |- smoothness_loss: 0.12377
Val Loss Components:
  |- loss_rot: 0.03330
  |- loss_pos: 0.42484
  |- fk_loss: 1.05294
  |- smoothness_loss: 0.15025
LR: 0.000100
Hole frames in this epoch: [4, 16]

Epoch 234 | Train Loss: 0.13961 | Val Loss: 0.30475
Train Loss Components:
  |- loss_rot: 0.03452
  |- loss_pos: 0.26934
  |- fk_loss: 0.79844
  |- smoothness_loss: 0.32970
Val Loss Components:
  |- loss_rot: 0.03301
  |- loss_pos: 0.44127
  |- fk_loss: 1.04259
  |- smoothness_loss: 0.15204
LR: 0.000100
Hole frames in this epoch: [4, 16]

Epoch 235 | Train Loss: 0.14030 | Val Loss: 0.30340
Train Loss Components:
  |- loss_rot: 0.02043
  |- loss_pos: 0.12824
  |- fk_loss: 0.42695
  |- smoothness_loss: 0.16749
Val Loss Components:
  |- loss_rot: 0.03303
  |- loss_pos: 0.45984
  |- fk_loss: 1.05329
  |- smoothness_loss: 0.15320
LR: 0.000100
Hole frames in this epoch: [4, 16]

Epoch 236 | Train Loss: 0.13528 | Val Loss: 0.30385
Train Loss Components:
  |- loss_rot: 0.02723
  |- loss_pos: 0.17152
  |- fk_loss: 0.59003
  |- smoothness_loss: 0.21747
Val Loss Components:
  |- loss_rot: 0.03301
  |- loss_pos: 0.42162
  |- fk_loss: 1.03725
  |- smoothness_loss: 0.15767
LR: 0.000100
Hole frames in this epoch: [4, 16]

Epoch 237 | Train Loss: 0.13734 | Val Loss: 0.30276
Train Loss Components:
  |- loss_rot: 0.02844
  |- loss_pos: 0.19391
  |- fk_loss: 0.61849
  |- smoothness_loss: 0.24953
Val Loss Components:
  |- loss_rot: 0.03297
  |- loss_pos: 0.40519
  |- fk_loss: 1.02199
  |- smoothness_loss: 0.14946
LR: 0.000100
Hole frames in this epoch: [4, 16]

Epoch 238 | Train Loss: 0.13152 | Val Loss: 0.30394
Train Loss Components:
  |- loss_rot: 0.01124
  |- loss_pos: 0.08391
  |- fk_loss: 0.24068
  |- smoothness_loss: 0.10833
Val Loss Components:
  |- loss_rot: 0.03286
  |- loss_pos: 0.43387
  |- fk_loss: 1.02708
  |- smoothness_loss: 0.15080
LR: 0.000100
Hole frames in this epoch: [4, 16]

Epoch 239 | Train Loss: 0.13690 | Val Loss: 0.30452
Train Loss Components:
  |- loss_rot: 0.01078
  |- loss_pos: 0.08305
  |- fk_loss: 0.24611
  |- smoothness_loss: 0.08350
Val Loss Components:
  |- loss_rot: 0.03259
  |- loss_pos: 0.40511
  |- fk_loss: 1.01931
  |- smoothness_loss: 0.15145
LR: 0.000100
Hole frames in this epoch: [4, 16]

Epoch 240 | Train Loss: 0.13774 | Val Loss: 0.30431
Train Loss Components:
  |- loss_rot: 0.03322
  |- loss_pos: 0.26022
  |- fk_loss: 0.78727
  |- smoothness_loss: 0.27040
Val Loss Components:
  |- loss_rot: 0.03276
  |- loss_pos: 0.42278
  |- fk_loss: 1.04361
  |- smoothness_loss: 0.15940
LR: 0.000100
Hole frames in this epoch: [4, 16]

Epoch 241 | Train Loss: 0.13777 | Val Loss: 0.30462
Train Loss Components:
  |- loss_rot: 0.02969
  |- loss_pos: 0.20843
  |- fk_loss: 0.66140
  |- smoothness_loss: 0.27543
Val Loss Components:
  |- loss_rot: 0.03270
  |- loss_pos: 0.43449
  |- fk_loss: 1.02324
  |- smoothness_loss: 0.15595
LR: 0.000100
Hole frames in this epoch: [4, 16]

Epoch 242 | Train Loss: 0.13685 | Val Loss: 0.30275
Train Loss Components:
  |- loss_rot: 0.02056
  |- loss_pos: 0.13562
  |- fk_loss: 0.43381
  |- smoothness_loss: 0.17718
Val Loss Components:
  |- loss_rot: 0.03277
  |- loss_pos: 0.42236
  |- fk_loss: 1.02769
  |- smoothness_loss: 0.15693
LR: 0.000100
Hole frames in this epoch: [4, 16]

Epoch 243 | Train Loss: 0.13519 | Val Loss: 0.30347
Train Loss Components:
  |- loss_rot: 0.02499
  |- loss_pos: 0.15010
  |- fk_loss: 0.50683
  |- smoothness_loss: 0.20243
Val Loss Components:
  |- loss_rot: 0.03293
  |- loss_pos: 0.41261
  |- fk_loss: 1.00400
  |- smoothness_loss: 0.15781
LR: 0.000100
Hole frames in this epoch: [4, 16]

Epoch 244 | Train Loss: 0.12657 | Val Loss: 0.29287
Train Loss Components:
  |- loss_rot: 0.01621
  |- loss_pos: 0.09724
  |- fk_loss: 0.33569
  |- smoothness_loss: 0.15099
Val Loss Components:
  |- loss_rot: 0.03281
  |- loss_pos: 0.39894
  |- fk_loss: 0.99264
  |- smoothness_loss: 0.15965
LR: 0.000050
Hole frames in this epoch: [4, 16]

Epoch 245 | Train Loss: 0.12137 | Val Loss: 0.29154
Train Loss Components:
  |- loss_rot: 0.03303
  |- loss_pos: 0.21004
  |- fk_loss: 0.71179
  |- smoothness_loss: 0.28899
Val Loss Components:
  |- loss_rot: 0.03287
  |- loss_pos: 0.40318
  |- fk_loss: 1.00443
  |- smoothness_loss: 0.15799
LR: 0.000050
Hole frames in this epoch: [4, 16]

Epoch 246 | Train Loss: 0.12047 | Val Loss: 0.29264
Train Loss Components:
  |- loss_rot: 0.01582
  |- loss_pos: 0.09147
  |- fk_loss: 0.31845
  |- smoothness_loss: 0.13354
Val Loss Components:
  |- loss_rot: 0.03254
  |- loss_pos: 0.40013
  |- fk_loss: 0.98348
  |- smoothness_loss: 0.15266
LR: 0.000050
Hole frames in this epoch: [4, 16]

Epoch 247 | Train Loss: 0.11961 | Val Loss: 0.29078
Train Loss Components:
  |- loss_rot: 0.03079
  |- loss_pos: 0.17404
  |- fk_loss: 0.62251
  |- smoothness_loss: 0.25944
Val Loss Components:
  |- loss_rot: 0.03279
  |- loss_pos: 0.41228
  |- fk_loss: 1.00858
  |- smoothness_loss: 0.15556
LR: 0.000050
Hole frames in this epoch: [4, 16]

Epoch 248 | Train Loss: 0.11972 | Val Loss: 0.29075
Train Loss Components:
  |- loss_rot: 0.03274
  |- loss_pos: 0.18528
  |- fk_loss: 0.66305
  |- smoothness_loss: 0.28620
Val Loss Components:
  |- loss_rot: 0.03281
  |- loss_pos: 0.40962
  |- fk_loss: 1.00128
  |- smoothness_loss: 0.15828
LR: 0.000050
Hole frames in this epoch: [4, 16]

Epoch 249 | Train Loss: 0.11686 | Val Loss: 0.29009
Train Loss Components:
  |- loss_rot: 0.03456
  |- loss_pos: 0.20423
  |- fk_loss: 0.72804
  |- smoothness_loss: 0.33235
Val Loss Components:
  |- loss_rot: 0.03269
  |- loss_pos: 0.41766
  |- fk_loss: 0.99432
  |- smoothness_loss: 0.16028
LR: 0.000050
Hole frames in this epoch: [4, 16]

Epoch 250 | Train Loss: 0.11956 | Val Loss: 0.28972
Train Loss Components:
  |- loss_rot: 0.01121
  |- loss_pos: 0.07394
  |- fk_loss: 0.22996
  |- smoothness_loss: 0.10094
Val Loss Components:
  |- loss_rot: 0.03265
  |- loss_pos: 0.41538
  |- fk_loss: 1.01019
  |- smoothness_loss: 0.15984
LR: 0.000050
Hole frames in this epoch: [4, 16]

Epoch 251 | Train Loss: 0.11579 | Val Loss: 0.29002
Train Loss Components:
  |- loss_rot: 0.01404
  |- loss_pos: 0.08537
  |- fk_loss: 0.28687
  |- smoothness_loss: 0.13309
Val Loss Components:
  |- loss_rot: 0.03274
  |- loss_pos: 0.40710
  |- fk_loss: 0.98986
  |- smoothness_loss: 0.16138
LR: 0.000050
Hole frames in this epoch: [4, 16]

Epoch 252 | Train Loss: 0.12217 | Val Loss: 0.29062
Train Loss Components:
  |- loss_rot: 0.02598
  |- loss_pos: 0.14405
  |- fk_loss: 0.50340
  |- smoothness_loss: 0.21739
Val Loss Components:
  |- loss_rot: 0.03256
  |- loss_pos: 0.40518
  |- fk_loss: 0.98111
  |- smoothness_loss: 0.16094
LR: 0.000050
Hole frames in this epoch: [4, 16]

Epoch 253 | Train Loss: 0.11607 | Val Loss: 0.28992
Train Loss Components:
  |- loss_rot: 0.01344
  |- loss_pos: 0.08314
  |- fk_loss: 0.27556
  |- smoothness_loss: 0.12213
Val Loss Components:
  |- loss_rot: 0.03276
  |- loss_pos: 0.41881
  |- fk_loss: 0.99532
  |- smoothness_loss: 0.16743
LR: 0.000050
Hole frames in this epoch: [4, 16]

Epoch 254 | Train Loss: 0.12219 | Val Loss: 0.29024
Train Loss Components:
  |- loss_rot: 0.02023
  |- loss_pos: 0.11086
  |- fk_loss: 0.39785
  |- smoothness_loss: 0.17117
Val Loss Components:
  |- loss_rot: 0.03255
  |- loss_pos: 0.42012
  |- fk_loss: 1.00336
  |- smoothness_loss: 0.16734
LR: 0.000050
Hole frames in this epoch: [4, 16]

Epoch 255 | Train Loss: 0.11675 | Val Loss: 0.28853
Train Loss Components:
  |- loss_rot: 0.01683
  |- loss_pos: 0.09167
  |- fk_loss: 0.32281
  |- smoothness_loss: 0.15527
Val Loss Components:
  |- loss_rot: 0.03262
  |- loss_pos: 0.40460
  |- fk_loss: 0.99619
  |- smoothness_loss: 0.16398
LR: 0.000050
Hole frames in this epoch: [4, 16]

Epoch 256 | Train Loss: 0.12234 | Val Loss: 0.28851
Train Loss Components:
  |- loss_rot: 0.03158
  |- loss_pos: 0.16846
  |- fk_loss: 0.62240
  |- smoothness_loss: 0.26087
Val Loss Components:
  |- loss_rot: 0.03261
  |- loss_pos: 0.41324
  |- fk_loss: 0.98535
  |- smoothness_loss: 0.16254
LR: 0.000050
Hole frames in this epoch: [4, 16]

Epoch 257 | Train Loss: 0.11809 | Val Loss: 0.28879
Train Loss Components:
  |- loss_rot: 0.01104
  |- loss_pos: 0.06897
  |- fk_loss: 0.22254
  |- smoothness_loss: 0.09745
Val Loss Components:
  |- loss_rot: 0.03259
  |- loss_pos: 0.39485
  |- fk_loss: 0.98207
  |- smoothness_loss: 0.15795
LR: 0.000050
Hole frames in this epoch: [4, 16]

Epoch 258 | Train Loss: 0.11505 | Val Loss: 0.28752
Train Loss Components:
  |- loss_rot: 0.01611
  |- loss_pos: 0.09196
  |- fk_loss: 0.33427
  |- smoothness_loss: 0.14203
Val Loss Components:
  |- loss_rot: 0.03263
  |- loss_pos: 0.41580
  |- fk_loss: 0.98638
  |- smoothness_loss: 0.16288
LR: 0.000050
Hole frames in this epoch: [4, 16]

Epoch 259 | Train Loss: 0.12082 | Val Loss: 0.28919
Train Loss Components:
  |- loss_rot: 0.01151
  |- loss_pos: 0.07512
  |- fk_loss: 0.23568
  |- smoothness_loss: 0.11228
Val Loss Components:
  |- loss_rot: 0.03271
  |- loss_pos: 0.40639
  |- fk_loss: 0.99226
  |- smoothness_loss: 0.16129
LR: 0.000050
Hole frames in this epoch: [4, 16]

Epoch 260 | Train Loss: 0.11735 | Val Loss: 0.28867
Train Loss Components:
  |- loss_rot: 0.01348
  |- loss_pos: 0.07623
  |- fk_loss: 0.26139
  |- smoothness_loss: 0.10817
Val Loss Components:
  |- loss_rot: 0.03260
  |- loss_pos: 0.41440
  |- fk_loss: 0.99054
  |- smoothness_loss: 0.15994
LR: 0.000050
Hole frames in this epoch: [4, 16]

Epoch 261 | Train Loss: 0.12065 | Val Loss: 0.28702
Train Loss Components:
  |- loss_rot: 0.03359
  |- loss_pos: 0.20389
  |- fk_loss: 0.69577
  |- smoothness_loss: 0.28908
Val Loss Components:
  |- loss_rot: 0.03261
  |- loss_pos: 0.40705
  |- fk_loss: 0.98364
  |- smoothness_loss: 0.16097
LR: 0.000050
Hole frames in this epoch: [4, 16]

Epoch 262 | Train Loss: 0.11209 | Val Loss: 0.28688
Train Loss Components:
  |- loss_rot: 0.01378
  |- loss_pos: 0.08219
  |- fk_loss: 0.27634
  |- smoothness_loss: 0.13119
Val Loss Components:
  |- loss_rot: 0.03264
  |- loss_pos: 0.40989
  |- fk_loss: 0.97808
  |- smoothness_loss: 0.16254
LR: 0.000050
Hole frames in this epoch: [4, 16]

Epoch 263 | Train Loss: 0.11747 | Val Loss: 0.28847
Train Loss Components:
  |- loss_rot: 0.01563
  |- loss_pos: 0.08358
  |- fk_loss: 0.30437
  |- smoothness_loss: 0.13574
Val Loss Components:
  |- loss_rot: 0.03252
  |- loss_pos: 0.40766
  |- fk_loss: 0.99344
  |- smoothness_loss: 0.16261
LR: 0.000050
Hole frames in this epoch: [4, 16]

Epoch 264 | Train Loss: 0.12007 | Val Loss: 0.28701
Train Loss Components:
  |- loss_rot: 0.01570
  |- loss_pos: 0.08277
  |- fk_loss: 0.31158
  |- smoothness_loss: 0.13202
Val Loss Components:
  |- loss_rot: 0.03242
  |- loss_pos: 0.40785
  |- fk_loss: 0.97716
  |- smoothness_loss: 0.15706
LR: 0.000050
Hole frames in this epoch: [4, 16]

Epoch 265 | Train Loss: 0.11777 | Val Loss: 0.28773
Train Loss Components:
  |- loss_rot: 0.01840
  |- loss_pos: 0.10078
  |- fk_loss: 0.35761
  |- smoothness_loss: 0.17174
Val Loss Components:
  |- loss_rot: 0.03261
  |- loss_pos: 0.41451
  |- fk_loss: 1.00075
  |- smoothness_loss: 0.16076
LR: 0.000050
Hole frames in this epoch: [4, 16]

Epoch 266 | Train Loss: 0.11658 | Val Loss: 0.28725
Train Loss Components:
  |- loss_rot: 0.02649
  |- loss_pos: 0.13577
  |- fk_loss: 0.51371
  |- smoothness_loss: 0.22829
Val Loss Components:
  |- loss_rot: 0.03248
  |- loss_pos: 0.40766
  |- fk_loss: 0.97567
  |- smoothness_loss: 0.16280
LR: 0.000050
Hole frames in this epoch: [4, 16]

Epoch 267 | Train Loss: 0.11284 | Val Loss: 0.28755
Train Loss Components:
  |- loss_rot: 0.02272
  |- loss_pos: 0.11330
  |- fk_loss: 0.42189
  |- smoothness_loss: 0.20905
Val Loss Components:
  |- loss_rot: 0.03268
  |- loss_pos: 0.41083
  |- fk_loss: 0.99112
  |- smoothness_loss: 0.16078
LR: 0.000050
Hole frames in this epoch: [4, 16]

Epoch 268 | Train Loss: 0.11802 | Val Loss: 0.28734
Train Loss Components:
  |- loss_rot: 0.02528
  |- loss_pos: 0.12700
  |- fk_loss: 0.48059
  |- smoothness_loss: 0.22251
Val Loss Components:
  |- loss_rot: 0.03254
  |- loss_pos: 0.41222
  |- fk_loss: 0.96959
  |- smoothness_loss: 0.16385
LR: 0.000050
Hole frames in this epoch: [4, 16]

Epoch 269 | Train Loss: 0.11208 | Val Loss: 0.28321
Train Loss Components:
  |- loss_rot: 0.02347
  |- loss_pos: 0.11525
  |- fk_loss: 0.43515
  |- smoothness_loss: 0.20802
Val Loss Components:
  |- loss_rot: 0.03260
  |- loss_pos: 0.39234
  |- fk_loss: 0.96394
  |- smoothness_loss: 0.16281
LR: 0.000025
Hole frames in this epoch: [4, 16]

Epoch 270 | Train Loss: 0.11199 | Val Loss: 0.28272
Train Loss Components:
  |- loss_rot: 0.02867
  |- loss_pos: 0.13322
  |- fk_loss: 0.52958
  |- smoothness_loss: 0.26047
Val Loss Components:
  |- loss_rot: 0.03258
  |- loss_pos: 0.38832
  |- fk_loss: 0.95276
  |- smoothness_loss: 0.16429
LR: 0.000025
Hole frames in this epoch: [4, 16]

Epoch 271 | Train Loss: 0.11161 | Val Loss: 0.28172
Train Loss Components:
  |- loss_rot: 0.01621
  |- loss_pos: 0.08705
  |- fk_loss: 0.30860
  |- smoothness_loss: 0.13211
Val Loss Components:
  |- loss_rot: 0.03254
  |- loss_pos: 0.38561
  |- fk_loss: 0.95231
  |- smoothness_loss: 0.16255
LR: 0.000025
Hole frames in this epoch: [4, 16]

Epoch 272 | Train Loss: 0.11183 | Val Loss: 0.28293
Train Loss Components:
  |- loss_rot: 0.01638
  |- loss_pos: 0.08790
  |- fk_loss: 0.31397
  |- smoothness_loss: 0.16469
Val Loss Components:
  |- loss_rot: 0.03255
  |- loss_pos: 0.39200
  |- fk_loss: 0.96811
  |- smoothness_loss: 0.16601
LR: 0.000025
Hole frames in this epoch: [4, 16]

Epoch 273 | Train Loss: 0.11048 | Val Loss: 0.28222
Train Loss Components:
  |- loss_rot: 0.03307
  |- loss_pos: 0.16143
  |- fk_loss: 0.63609
  |- smoothness_loss: 0.28767
Val Loss Components:
  |- loss_rot: 0.03261
  |- loss_pos: 0.38858
  |- fk_loss: 0.95902
  |- smoothness_loss: 0.16520
LR: 0.000025
Hole frames in this epoch: [4, 16]

Epoch 274 | Train Loss: 0.11153 | Val Loss: 0.28202
Train Loss Components:
  |- loss_rot: 0.02406
  |- loss_pos: 0.10688
  |- fk_loss: 0.43210
  |- smoothness_loss: 0.22445
Val Loss Components:
  |- loss_rot: 0.03246
  |- loss_pos: 0.38538
  |- fk_loss: 0.94844
  |- smoothness_loss: 0.16587
LR: 0.000025
Hole frames in this epoch: [4, 16]

Epoch 275 | Train Loss: 0.10844 | Val Loss: 0.28197
Train Loss Components:
  |- loss_rot: 0.02558
  |- loss_pos: 0.12197
  |- fk_loss: 0.47388
  |- smoothness_loss: 0.23615
Val Loss Components:
  |- loss_rot: 0.03267
  |- loss_pos: 0.39462
  |- fk_loss: 0.96460
  |- smoothness_loss: 0.16509
LR: 0.000025
Hole frames in this epoch: [4, 16]

Epoch 276 | Train Loss: 0.10936 | Val Loss: 0.28146
Train Loss Components:
  |- loss_rot: 0.01918
  |- loss_pos: 0.09494
  |- fk_loss: 0.36485
  |- smoothness_loss: 0.17343
Val Loss Components:
  |- loss_rot: 0.03257
  |- loss_pos: 0.39836
  |- fk_loss: 0.97647
  |- smoothness_loss: 0.17085
LR: 0.000025
Hole frames in this epoch: [4, 16]

Epoch 277 | Train Loss: 0.10897 | Val Loss: 0.28110
Train Loss Components:
  |- loss_rot: 0.02419
  |- loss_pos: 0.10606
  |- fk_loss: 0.43141
  |- smoothness_loss: 0.19434
Val Loss Components:
  |- loss_rot: 0.03245
  |- loss_pos: 0.39477
  |- fk_loss: 0.95655
  |- smoothness_loss: 0.16212
LR: 0.000025
Hole frames in this epoch: [4, 16]

Epoch 278 | Train Loss: 0.11220 | Val Loss: 0.28072
Train Loss Components:
  |- loss_rot: 0.01323
  |- loss_pos: 0.07067
  |- fk_loss: 0.25872
  |- smoothness_loss: 0.11164
Val Loss Components:
  |- loss_rot: 0.03239
  |- loss_pos: 0.39696
  |- fk_loss: 0.95589
  |- smoothness_loss: 0.16331
LR: 0.000025
Hole frames in this epoch: [4, 16]

Epoch 279 | Train Loss: 0.11016 | Val Loss: 0.28087
Train Loss Components:
  |- loss_rot: 0.01977
  |- loss_pos: 0.09698
  |- fk_loss: 0.36007
  |- smoothness_loss: 0.18734
Val Loss Components:
  |- loss_rot: 0.03243
  |- loss_pos: 0.38427
  |- fk_loss: 0.95879
  |- smoothness_loss: 0.16535
LR: 0.000025
Hole frames in this epoch: [4, 16]

Epoch 280 | Train Loss: 0.11033 | Val Loss: 0.28060
Train Loss Components:
  |- loss_rot: 0.01209
  |- loss_pos: 0.07340
  |- fk_loss: 0.24038
  |- smoothness_loss: 0.11457
Val Loss Components:
  |- loss_rot: 0.03248
  |- loss_pos: 0.38889
  |- fk_loss: 0.96236
  |- smoothness_loss: 0.16803
LR: 0.000025
Hole frames in this epoch: [4, 16]

Epoch 281 | Train Loss: 0.10735 | Val Loss: 0.28165
Train Loss Components:
  |- loss_rot: 0.02162
  |- loss_pos: 0.10068
  |- fk_loss: 0.39964
  |- smoothness_loss: 0.20984
Val Loss Components:
  |- loss_rot: 0.03256
  |- loss_pos: 0.37977
  |- fk_loss: 0.96355
  |- smoothness_loss: 0.16594
LR: 0.000025
Hole frames in this epoch: [4, 16]

Epoch 282 | Train Loss: 0.10857 | Val Loss: 0.28078
Train Loss Components:
  |- loss_rot: 0.03173
  |- loss_pos: 0.15221
  |- fk_loss: 0.60412
  |- smoothness_loss: 0.30689
Val Loss Components:
  |- loss_rot: 0.03250
  |- loss_pos: 0.39170
  |- fk_loss: 0.95996
  |- smoothness_loss: 0.16461
LR: 0.000025
Hole frames in this epoch: [4, 16]

Epoch 283 | Train Loss: 0.11130 | Val Loss: 0.28021
Train Loss Components:
  |- loss_rot: 0.02766
  |- loss_pos: 0.12456
  |- fk_loss: 0.50568
  |- smoothness_loss: 0.25422
Val Loss Components:
  |- loss_rot: 0.03241
  |- loss_pos: 0.39394
  |- fk_loss: 0.96329
  |- smoothness_loss: 0.16535
LR: 0.000025
Hole frames in this epoch: [4, 16]

Epoch 284 | Train Loss: 0.10969 | Val Loss: 0.28085
Train Loss Components:
  |- loss_rot: 0.02229
  |- loss_pos: 0.10111
  |- fk_loss: 0.39803
  |- smoothness_loss: 0.21513
Val Loss Components:
  |- loss_rot: 0.03255
  |- loss_pos: 0.39068
  |- fk_loss: 0.95475
  |- smoothness_loss: 0.16324
LR: 0.000025
Hole frames in this epoch: [4, 16]

Epoch 285 | Train Loss: 0.10809 | Val Loss: 0.28019
Train Loss Components:
  |- loss_rot: 0.03141
  |- loss_pos: 0.14846
  |- fk_loss: 0.59184
  |- smoothness_loss: 0.31724
Val Loss Components:
  |- loss_rot: 0.03252
  |- loss_pos: 0.39409
  |- fk_loss: 0.96241
  |- smoothness_loss: 0.16381
LR: 0.000025
Hole frames in this epoch: [4, 16]

Epoch 286 | Train Loss: 0.10922 | Val Loss: 0.28047
Train Loss Components:
  |- loss_rot: 0.02313
  |- loss_pos: 0.10520
  |- fk_loss: 0.42371
  |- smoothness_loss: 0.21253
Val Loss Components:
  |- loss_rot: 0.03256
  |- loss_pos: 0.39360
  |- fk_loss: 0.95989
  |- smoothness_loss: 0.16381
LR: 0.000025
Hole frames in this epoch: [4, 16]

Epoch 287 | Train Loss: 0.10765 | Val Loss: 0.28032
Train Loss Components:
  |- loss_rot: 0.03252
  |- loss_pos: 0.15232
  |- fk_loss: 0.59565
  |- smoothness_loss: 0.28547
Val Loss Components:
  |- loss_rot: 0.03237
  |- loss_pos: 0.38435
  |- fk_loss: 0.94804
  |- smoothness_loss: 0.16315
LR: 0.000025
Hole frames in this epoch: [4, 16]

Epoch 288 | Train Loss: 0.10757 | Val Loss: 0.28026
Train Loss Components:
  |- loss_rot: 0.03380
  |- loss_pos: 0.18966
  |- fk_loss: 0.67616
  |- smoothness_loss: 0.31422
Val Loss Components:
  |- loss_rot: 0.03247
  |- loss_pos: 0.38535
  |- fk_loss: 0.95408
  |- smoothness_loss: 0.16506
LR: 0.000025
Hole frames in this epoch: [4, 16]

Epoch 289 | Train Loss: 0.10796 | Val Loss: 0.28072
Train Loss Components:
  |- loss_rot: 0.02869
  |- loss_pos: 0.13017
  |- fk_loss: 0.52385
  |- smoothness_loss: 0.30288
Val Loss Components:
  |- loss_rot: 0.03253
  |- loss_pos: 0.39184
  |- fk_loss: 0.95622
  |- smoothness_loss: 0.16585
LR: 0.000025
Hole frames in this epoch: [4, 16]

Epoch 290 | Train Loss: 0.10830 | Val Loss: 0.27880
Train Loss Components:
  |- loss_rot: 0.02592
  |- loss_pos: 0.12167
  |- fk_loss: 0.47147
  |- smoothness_loss: 0.23686
Val Loss Components:
  |- loss_rot: 0.03248
  |- loss_pos: 0.38368
  |- fk_loss: 0.94703
  |- smoothness_loss: 0.16454
LR: 0.000013
Hole frames in this epoch: [4, 16]

Epoch 291 | Train Loss: 0.10468 | Val Loss: 0.27851
Train Loss Components:
  |- loss_rot: 0.02953
  |- loss_pos: 0.12994
  |- fk_loss: 0.53848
  |- smoothness_loss: 0.27529
Val Loss Components:
  |- loss_rot: 0.03243
  |- loss_pos: 0.38299
  |- fk_loss: 0.94798
  |- smoothness_loss: 0.16520
LR: 0.000013
Hole frames in this epoch: [4, 16]

Epoch 292 | Train Loss: 0.10475 | Val Loss: 0.27878
Train Loss Components:
  |- loss_rot: 0.02460
  |- loss_pos: 0.10024
  |- fk_loss: 0.43935
  |- smoothness_loss: 0.23845
Val Loss Components:
  |- loss_rot: 0.03244
  |- loss_pos: 0.38510
  |- fk_loss: 0.95835
  |- smoothness_loss: 0.16583
LR: 0.000013
Hole frames in this epoch: [4, 16]

Epoch 293 | Train Loss: 0.10497 | Val Loss: 0.27835
Train Loss Components:
  |- loss_rot: 0.02022
  |- loss_pos: 0.09101
  |- fk_loss: 0.37105
  |- smoothness_loss: 0.18013
Val Loss Components:
  |- loss_rot: 0.03243
  |- loss_pos: 0.38515
  |- fk_loss: 0.95409
  |- smoothness_loss: 0.16502
LR: 0.000013
Hole frames in this epoch: [4, 16]

Epoch 294 | Train Loss: 0.10798 | Val Loss: 0.27829
Train Loss Components:
  |- loss_rot: 0.01567
  |- loss_pos: 0.07852
  |- fk_loss: 0.29526
  |- smoothness_loss: 0.14817
Val Loss Components:
  |- loss_rot: 0.03248
  |- loss_pos: 0.38277
  |- fk_loss: 0.95735
  |- smoothness_loss: 0.16692
LR: 0.000013
Hole frames in this epoch: [4, 16]

Epoch 295 | Train Loss: 0.10666 | Val Loss: 0.27892
Train Loss Components:
  |- loss_rot: 0.01461
  |- loss_pos: 0.07297
  |- fk_loss: 0.26938
  |- smoothness_loss: 0.12624
Val Loss Components:
  |- loss_rot: 0.03250
  |- loss_pos: 0.38296
  |- fk_loss: 0.95284
  |- smoothness_loss: 0.16607
LR: 0.000013
Hole frames in this epoch: [4, 16]

Epoch 296 | Train Loss: 0.10573 | Val Loss: 0.27767
Train Loss Components:
  |- loss_rot: 0.03004
  |- loss_pos: 0.12984
  |- fk_loss: 0.54569
  |- smoothness_loss: 0.28460
Val Loss Components:
  |- loss_rot: 0.03240
  |- loss_pos: 0.37865
  |- fk_loss: 0.94773
  |- smoothness_loss: 0.16656
LR: 0.000013
Hole frames in this epoch: [4, 16]

Epoch 297 | Train Loss: 0.10528 | Val Loss: 0.27818
Train Loss Components:
  |- loss_rot: 0.03157
  |- loss_pos: 0.13161
  |- fk_loss: 0.58306
  |- smoothness_loss: 0.33776
Val Loss Components:
  |- loss_rot: 0.03249
  |- loss_pos: 0.37884
  |- fk_loss: 0.95408
  |- smoothness_loss: 0.16611
LR: 0.000013
Hole frames in this epoch: [4, 16]

Epoch 298 | Train Loss: 0.10472 | Val Loss: 0.27778
Train Loss Components:
  |- loss_rot: 0.03326
  |- loss_pos: 0.15715
  |- fk_loss: 0.61821
  |- smoothness_loss: 0.31272
Val Loss Components:
  |- loss_rot: 0.03253
  |- loss_pos: 0.38013
  |- fk_loss: 0.94731
  |- smoothness_loss: 0.16636
LR: 0.000013
Hole frames in this epoch: [4, 16]

Epoch 299 | Train Loss: 0.10487 | Val Loss: 0.27829
Train Loss Components:
  |- loss_rot: 0.03006
  |- loss_pos: 0.13092
  |- fk_loss: 0.53873
  |- smoothness_loss: 0.27469
Val Loss Components:
  |- loss_rot: 0.03247
  |- loss_pos: 0.37635
  |- fk_loss: 0.94968
  |- smoothness_loss: 0.16551
LR: 0.000013
Hole frames in this epoch: [4, 16]

Epoch 300 | Train Loss: 0.10487 | Val Loss: 0.27851
Train Loss Components:
  |- loss_rot: 0.01375
  |- loss_pos: 0.07157
  |- fk_loss: 0.26347
  |- smoothness_loss: 0.14104
Val Loss Components:
  |- loss_rot: 0.03250
  |- loss_pos: 0.38517
  |- fk_loss: 0.95656
  |- smoothness_loss: 0.16755
LR: 0.000013
Hole frames in this epoch: [4, 16]

Epoch 301 | Train Loss: 0.10577 | Val Loss: 0.27754
Train Loss Components:
  |- loss_rot: 0.01432
  |- loss_pos: 0.07501
  |- fk_loss: 0.28071
  |- smoothness_loss: 0.12751
Val Loss Components:
  |- loss_rot: 0.03239
  |- loss_pos: 0.38360
  |- fk_loss: 0.95100
  |- smoothness_loss: 0.16522
LR: 0.000013
Hole frames in this epoch: [4, 16]

Epoch 302 | Train Loss: 0.10294 | Val Loss: 0.27812
Train Loss Components:
  |- loss_rot: 0.02746
  |- loss_pos: 0.11955
  |- fk_loss: 0.48834
  |- smoothness_loss: 0.23986
Val Loss Components:
  |- loss_rot: 0.03242
  |- loss_pos: 0.37848
  |- fk_loss: 0.94963
  |- smoothness_loss: 0.16705
LR: 0.000013
Hole frames in this epoch: [4, 16]

Epoch 303 | Train Loss: 0.10761 | Val Loss: 0.27748
Train Loss Components:
  |- loss_rot: 0.02168
  |- loss_pos: 0.09309
  |- fk_loss: 0.37816
  |- smoothness_loss: 0.20008
Val Loss Components:
  |- loss_rot: 0.03237
  |- loss_pos: 0.37958
  |- fk_loss: 0.94468
  |- smoothness_loss: 0.16596
LR: 0.000013
Hole frames in this epoch: [4, 16]

Epoch 304 | Train Loss: 0.10211 | Val Loss: 0.27730
Train Loss Components:
  |- loss_rot: 0.03260
  |- loss_pos: 0.15592
  |- fk_loss: 0.63088
  |- smoothness_loss: 0.32470
Val Loss Components:
  |- loss_rot: 0.03240
  |- loss_pos: 0.38080
  |- fk_loss: 0.95280
  |- smoothness_loss: 0.16567
LR: 0.000013
Hole frames in this epoch: [4, 16]

Epoch 305 | Train Loss: 0.10535 | Val Loss: 0.27767
Train Loss Components:
  |- loss_rot: 0.01376
  |- loss_pos: 0.07092
  |- fk_loss: 0.26377
  |- smoothness_loss: 0.14750
Val Loss Components:
  |- loss_rot: 0.03242
  |- loss_pos: 0.38053
  |- fk_loss: 0.94551
  |- smoothness_loss: 0.16627
LR: 0.000013
Hole frames in this epoch: [4, 16]

Epoch 306 | Train Loss: 0.10124 | Val Loss: 0.27784
Train Loss Components:
  |- loss_rot: 0.02394
  |- loss_pos: 0.10184
  |- fk_loss: 0.42252
  |- smoothness_loss: 0.22398
Val Loss Components:
  |- loss_rot: 0.03247
  |- loss_pos: 0.38277
  |- fk_loss: 0.95104
  |- smoothness_loss: 0.16702
LR: 0.000013
Hole frames in this epoch: [4, 16]

Epoch 307 | Train Loss: 0.10617 | Val Loss: 0.27782
Train Loss Components:
  |- loss_rot: 0.02829
  |- loss_pos: 0.11892
  |- fk_loss: 0.50327
  |- smoothness_loss: 0.23908
Val Loss Components:
  |- loss_rot: 0.03244
  |- loss_pos: 0.37934
  |- fk_loss: 0.95218
  |- smoothness_loss: 0.16569
LR: 0.000013
Hole frames in this epoch: [4, 16]

Epoch 308 | Train Loss: 0.10220 | Val Loss: 0.27758
Train Loss Components:
  |- loss_rot: 0.02268
  |- loss_pos: 0.09873
  |- fk_loss: 0.40493
  |- smoothness_loss: 0.21685
Val Loss Components:
  |- loss_rot: 0.03237
  |- loss_pos: 0.38436
  |- fk_loss: 0.95309
  |- smoothness_loss: 0.16753
LR: 0.000013
Hole frames in this epoch: [4, 16]

Epoch 309 | Train Loss: 0.10496 | Val Loss: 0.27744
Train Loss Components:
  |- loss_rot: 0.03321
  |- loss_pos: 0.15476
  |- fk_loss: 0.64243
  |- smoothness_loss: 0.30273
Val Loss Components:
  |- loss_rot: 0.03242
  |- loss_pos: 0.37734
  |- fk_loss: 0.94850
  |- smoothness_loss: 0.16701
LR: 0.000013
Hole frames in this epoch: [4, 16]

Epoch 310 | Train Loss: 0.10362 | Val Loss: 0.27703
Train Loss Components:
  |- loss_rot: 0.01990
  |- loss_pos: 0.08696
  |- fk_loss: 0.36643
  |- smoothness_loss: 0.18523
Val Loss Components:
  |- loss_rot: 0.03235
  |- loss_pos: 0.37515
  |- fk_loss: 0.95234
  |- smoothness_loss: 0.16526
LR: 0.000013
Hole frames in this epoch: [4, 16]

Epoch 311 | Train Loss: 0.10316 | Val Loss: 0.27739
Train Loss Components:
  |- loss_rot: 0.02566
  |- loss_pos: 0.10623
  |- fk_loss: 0.46305
  |- smoothness_loss: 0.25989
Val Loss Components:
  |- loss_rot: 0.03238
  |- loss_pos: 0.38050
  |- fk_loss: 0.94797
  |- smoothness_loss: 0.16691
LR: 0.000013
Hole frames in this epoch: [4, 16]

Epoch 312 | Train Loss: 0.10414 | Val Loss: 0.27710
Train Loss Components:
  |- loss_rot: 0.01353
  |- loss_pos: 0.07192
  |- fk_loss: 0.25683
  |- smoothness_loss: 0.12859
Val Loss Components:
  |- loss_rot: 0.03241
  |- loss_pos: 0.37983
  |- fk_loss: 0.94710
  |- smoothness_loss: 0.16454
LR: 0.000013
Hole frames in this epoch: [4, 16]

Epoch 313 | Train Loss: 0.10368 | Val Loss: 0.27729
Train Loss Components:
  |- loss_rot: 0.02997
  |- loss_pos: 0.12228
  |- fk_loss: 0.53222
  |- smoothness_loss: 0.26505
Val Loss Components:
  |- loss_rot: 0.03244
  |- loss_pos: 0.38911
  |- fk_loss: 0.95593
  |- smoothness_loss: 0.16669
LR: 0.000013
Hole frames in this epoch: [4, 16]

Epoch 314 | Train Loss: 0.10281 | Val Loss: 0.27723
Train Loss Components:
  |- loss_rot: 0.01099
  |- loss_pos: 0.06297
  |- fk_loss: 0.21259
  |- smoothness_loss: 0.11659
Val Loss Components:
  |- loss_rot: 0.03250
  |- loss_pos: 0.38027
  |- fk_loss: 0.94743
  |- smoothness_loss: 0.16594
LR: 0.000013
Hole frames in this epoch: [4, 16]

Epoch 315 | Train Loss: 0.10537 | Val Loss: 0.27716
Train Loss Components:
  |- loss_rot: 0.02663
  |- loss_pos: 0.11315
  |- fk_loss: 0.46442
  |- smoothness_loss: 0.22941
Val Loss Components:
  |- loss_rot: 0.03238
  |- loss_pos: 0.37838
  |- fk_loss: 0.94681
  |- smoothness_loss: 0.16544
LR: 0.000013
Hole frames in this epoch: [4, 16]

Epoch 316 | Train Loss: 0.10749 | Val Loss: 0.27712
Train Loss Components:
  |- loss_rot: 0.03564
  |- loss_pos: 0.17380
  |- fk_loss: 0.70698
  |- smoothness_loss: 0.34898
Val Loss Components:
  |- loss_rot: 0.03242
  |- loss_pos: 0.38420
  |- fk_loss: 0.95209
  |- smoothness_loss: 0.16808
LR: 0.000013
Hole frames in this epoch: [4, 16]

Epoch 317 | Train Loss: 0.10300 | Val Loss: 0.27658
Train Loss Components:
  |- loss_rot: 0.03236
  |- loss_pos: 0.13695
  |- fk_loss: 0.58336
  |- smoothness_loss: 0.30025
Val Loss Components:
  |- loss_rot: 0.03243
  |- loss_pos: 0.38453
  |- fk_loss: 0.94683
  |- smoothness_loss: 0.16911
LR: 0.000006
Hole frames in this epoch: [4, 16]

Epoch 318 | Train Loss: 0.10311 | Val Loss: 0.27636
Train Loss Components:
  |- loss_rot: 0.02648
  |- loss_pos: 0.10623
  |- fk_loss: 0.45078
  |- smoothness_loss: 0.24648
Val Loss Components:
  |- loss_rot: 0.03242
  |- loss_pos: 0.37947
  |- fk_loss: 0.94398
  |- smoothness_loss: 0.16642
LR: 0.000006
Hole frames in this epoch: [4, 16]

Epoch 319 | Train Loss: 0.10320 | Val Loss: 0.27604
Train Loss Components:
  |- loss_rot: 0.03245
  |- loss_pos: 0.14673
  |- fk_loss: 0.61455
  |- smoothness_loss: 0.29708
Val Loss Components:
  |- loss_rot: 0.03239
  |- loss_pos: 0.38100
  |- fk_loss: 0.94526
  |- smoothness_loss: 0.16732
LR: 0.000006
Hole frames in this epoch: [4, 16]

Epoch 320 | Train Loss: 0.10408 | Val Loss: 0.27611
Train Loss Components:
  |- loss_rot: 0.03472
  |- loss_pos: 0.16912
  |- fk_loss: 0.67862
  |- smoothness_loss: 0.34658
Val Loss Components:
  |- loss_rot: 0.03241
  |- loss_pos: 0.38004
  |- fk_loss: 0.94938
  |- smoothness_loss: 0.16600
LR: 0.000006
Hole frames in this epoch: [4, 16]

Epoch 321 | Train Loss: 0.10045 | Val Loss: 0.27655
Train Loss Components:
  |- loss_rot: 0.01399
  |- loss_pos: 0.07347
  |- fk_loss: 0.26491
  |- smoothness_loss: 0.13814
Val Loss Components:
  |- loss_rot: 0.03244
  |- loss_pos: 0.38488
  |- fk_loss: 0.94671
  |- smoothness_loss: 0.16720
LR: 0.000006
Hole frames in this epoch: [4, 16]

Epoch 322 | Train Loss: 0.10477 | Val Loss: 0.27626
Train Loss Components:
  |- loss_rot: 0.03442
  |- loss_pos: 0.14460
  |- fk_loss: 0.66383
  |- smoothness_loss: 0.33269
Val Loss Components:
  |- loss_rot: 0.03241
  |- loss_pos: 0.38250
  |- fk_loss: 0.94812
  |- smoothness_loss: 0.16698
LR: 0.000006
Hole frames in this epoch: [4, 16]

Epoch 323 | Train Loss: 0.09933 | Val Loss: 0.27651
Train Loss Components:
  |- loss_rot: 0.02824
  |- loss_pos: 0.11513
  |- fk_loss: 0.49778
  |- smoothness_loss: 0.28284
Val Loss Components:
  |- loss_rot: 0.03238
  |- loss_pos: 0.37789
  |- fk_loss: 0.94726
  |- smoothness_loss: 0.16649
LR: 0.000006
Hole frames in this epoch: [4, 16]

Epoch 324 | Train Loss: 0.10147 | Val Loss: 0.27625
Train Loss Components:
  |- loss_rot: 0.01314
  |- loss_pos: 0.06837
  |- fk_loss: 0.24669
  |- smoothness_loss: 0.11765
Val Loss Components:
  |- loss_rot: 0.03243
  |- loss_pos: 0.38376
  |- fk_loss: 0.94448
  |- smoothness_loss: 0.16523
LR: 0.000006
Hole frames in this epoch: [4, 16]

Epoch 325 | Train Loss: 0.10246 | Val Loss: 0.27623
Train Loss Components:
  |- loss_rot: 0.03225
  |- loss_pos: 0.13923
  |- fk_loss: 0.60343
  |- smoothness_loss: 0.30999
Val Loss Components:
  |- loss_rot: 0.03242
  |- loss_pos: 0.38017
  |- fk_loss: 0.94273
  |- smoothness_loss: 0.16817
LR: 0.000006
Hole frames in this epoch: [4, 16]

Epoch 326 | Train Loss: 0.10254 | Val Loss: 0.27606
Train Loss Components:
  |- loss_rot: 0.01101
  |- loss_pos: 0.06557
  |- fk_loss: 0.21205
  |- smoothness_loss: 0.09294
Val Loss Components:
  |- loss_rot: 0.03240
  |- loss_pos: 0.38286
  |- fk_loss: 0.94200
  |- smoothness_loss: 0.16850
LR: 0.000003
Hole frames in this epoch: [4, 16]

Epoch 327 | Train Loss: 0.10165 | Val Loss: 0.27587
Train Loss Components:
  |- loss_rot: 0.03320
  |- loss_pos: 0.14757
  |- fk_loss: 0.61479
  |- smoothness_loss: 0.30916
Val Loss Components:
  |- loss_rot: 0.03237
  |- loss_pos: 0.38174
  |- fk_loss: 0.94151
  |- smoothness_loss: 0.16766
LR: 0.000003
Hole frames in this epoch: [4, 16]

Epoch 328 | Train Loss: 0.10464 | Val Loss: 0.27570
Train Loss Components:
  |- loss_rot: 0.03149
  |- loss_pos: 0.12588
  |- fk_loss: 0.55262
  |- smoothness_loss: 0.31581
Val Loss Components:
  |- loss_rot: 0.03237
  |- loss_pos: 0.38266
  |- fk_loss: 0.94302
  |- smoothness_loss: 0.16734
LR: 0.000003
Hole frames in this epoch: [4, 16]

Epoch 329 | Train Loss: 0.10298 | Val Loss: 0.27572
Train Loss Components:
  |- loss_rot: 0.01355
  |- loss_pos: 0.06683
  |- fk_loss: 0.25693
  |- smoothness_loss: 0.11606
Val Loss Components:
  |- loss_rot: 0.03236
  |- loss_pos: 0.37869
  |- fk_loss: 0.94169
  |- smoothness_loss: 0.16703
LR: 0.000003
Hole frames in this epoch: [4, 16]

Epoch 330 | Train Loss: 0.10083 | Val Loss: 0.27560
Train Loss Components:
  |- loss_rot: 0.02092
  |- loss_pos: 0.08654
  |- fk_loss: 0.37750
  |- smoothness_loss: 0.19773
Val Loss Components:
  |- loss_rot: 0.03235
  |- loss_pos: 0.37990
  |- fk_loss: 0.94124
  |- smoothness_loss: 0.16648
LR: 0.000003
Hole frames in this epoch: [4, 16]

Epoch 331 | Train Loss: 0.10158 | Val Loss: 0.27570
Train Loss Components:
  |- loss_rot: 0.01574
  |- loss_pos: 0.07545
  |- fk_loss: 0.29813
  |- smoothness_loss: 0.15193
Val Loss Components:
  |- loss_rot: 0.03234
  |- loss_pos: 0.38145
  |- fk_loss: 0.94102
  |- smoothness_loss: 0.16800
LR: 0.000003
Hole frames in this epoch: [4, 16]

Epoch 332 | Train Loss: 0.10517 | Val Loss: 0.27550
Train Loss Components:
  |- loss_rot: 0.02236
  |- loss_pos: 0.09280
  |- fk_loss: 0.39118
  |- smoothness_loss: 0.19711
Val Loss Components:
  |- loss_rot: 0.03234
  |- loss_pos: 0.37954
  |- fk_loss: 0.94035
  |- smoothness_loss: 0.16702
LR: 0.000003
Hole frames in this epoch: [4, 16]

Epoch 333 | Train Loss: 0.10339 | Val Loss: 0.27574
Train Loss Components:
  |- loss_rot: 0.03558
  |- loss_pos: 0.17468
  |- fk_loss: 0.68140
  |- smoothness_loss: 0.34757
Val Loss Components:
  |- loss_rot: 0.03236
  |- loss_pos: 0.38155
  |- fk_loss: 0.94222
  |- smoothness_loss: 0.16790
LR: 0.000003
Hole frames in this epoch: [4, 16]

Epoch 334 | Train Loss: 0.10181 | Val Loss: 0.27569
Train Loss Components:
  |- loss_rot: 0.03040
  |- loss_pos: 0.12278
  |- fk_loss: 0.54665
  |- smoothness_loss: 0.27729
Val Loss Components:
  |- loss_rot: 0.03236
  |- loss_pos: 0.37859
  |- fk_loss: 0.94167
  |- smoothness_loss: 0.16752
LR: 0.000003
Hole frames in this epoch: [4, 16]

Epoch 335 | Train Loss: 0.10140 | Val Loss: 0.27555
Train Loss Components:
  |- loss_rot: 0.02594
  |- loss_pos: 0.10409
  |- fk_loss: 0.45385
  |- smoothness_loss: 0.25118
Val Loss Components:
  |- loss_rot: 0.03236
  |- loss_pos: 0.38255
  |- fk_loss: 0.94299
  |- smoothness_loss: 0.16784
LR: 0.000003
Hole frames in this epoch: [4, 16]

Epoch 336 | Train Loss: 0.10294 | Val Loss: 0.27575
Train Loss Components:
  |- loss_rot: 0.02975
  |- loss_pos: 0.11973
  |- fk_loss: 0.53601
  |- smoothness_loss: 0.27373
Val Loss Components:
  |- loss_rot: 0.03237
  |- loss_pos: 0.37886
  |- fk_loss: 0.94166
  |- smoothness_loss: 0.16850
LR: 0.000003
Hole frames in this epoch: [4, 16]

Epoch 337 | Train Loss: 0.10185 | Val Loss: 0.27579
Train Loss Components:
  |- loss_rot: 0.02446
  |- loss_pos: 0.09641
  |- fk_loss: 0.41864
  |- smoothness_loss: 0.20583
Val Loss Components:
  |- loss_rot: 0.03235
  |- loss_pos: 0.37968
  |- fk_loss: 0.94299
  |- smoothness_loss: 0.16870
LR: 0.000003
Hole frames in this epoch: [4, 16]

Epoch 338 | Train Loss: 0.10297 | Val Loss: 0.27563
Train Loss Components:
  |- loss_rot: 0.01704
  |- loss_pos: 0.07690
  |- fk_loss: 0.30379
  |- smoothness_loss: 0.14353
Val Loss Components:
  |- loss_rot: 0.03235
  |- loss_pos: 0.38040
  |- fk_loss: 0.93980
  |- smoothness_loss: 0.16937
LR: 0.000003
Hole frames in this epoch: [4, 16]

Epoch 339 | Train Loss: 0.10067 | Val Loss: 0.27552
Train Loss Components:
  |- loss_rot: 0.02357
  |- loss_pos: 0.09271
  |- fk_loss: 0.41039
  |- smoothness_loss: 0.19504
Val Loss Components:
  |- loss_rot: 0.03237
  |- loss_pos: 0.38248
  |- fk_loss: 0.94297
  |- smoothness_loss: 0.16866
LR: 0.000002
Hole frames in this epoch: [4, 16]

Epoch 340 | Train Loss: 0.10003 | Val Loss: 0.27539
Train Loss Components:
  |- loss_rot: 0.02972
  |- loss_pos: 0.12286
  |- fk_loss: 0.52798
  |- smoothness_loss: 0.30514
Val Loss Components:
  |- loss_rot: 0.03238
  |- loss_pos: 0.38291
  |- fk_loss: 0.94265
  |- smoothness_loss: 0.16847
LR: 0.000002
Hole frames in this epoch: [4, 16]

Epoch 341 | Train Loss: 0.09980 | Val Loss: 0.27549
Train Loss Components:
  |- loss_rot: 0.01820
  |- loss_pos: 0.08174
  |- fk_loss: 0.33002
  |- smoothness_loss: 0.16692
Val Loss Components:
  |- loss_rot: 0.03239
  |- loss_pos: 0.38178
  |- fk_loss: 0.94191
  |- smoothness_loss: 0.16861
LR: 0.000002
Hole frames in this epoch: [4, 16]

Epoch 342 | Train Loss: 0.09731 | Val Loss: 0.27546
Train Loss Components:
  |- loss_rot: 0.02548
  |- loss_pos: 0.09800
  |- fk_loss: 0.44096
  |- smoothness_loss: 0.23551
Val Loss Components:
  |- loss_rot: 0.03237
  |- loss_pos: 0.38222
  |- fk_loss: 0.94209
  |- smoothness_loss: 0.16913
LR: 0.000002
Hole frames in this epoch: [4, 16]

Epoch 343 | Train Loss: 0.09949 | Val Loss: 0.27561
Train Loss Components:
  |- loss_rot: 0.03354
  |- loss_pos: 0.16384
  |- fk_loss: 0.64582
  |- smoothness_loss: 0.29838
Val Loss Components:
  |- loss_rot: 0.03239
  |- loss_pos: 0.37982
  |- fk_loss: 0.94221
  |- smoothness_loss: 0.16858
LR: 0.000002
Hole frames in this epoch: [4, 16]

Epoch 344 | Train Loss: 0.10017 | Val Loss: 0.27551
Train Loss Components:
  |- loss_rot: 0.02693
  |- loss_pos: 0.10954
  |- fk_loss: 0.47763
  |- smoothness_loss: 0.23960
Val Loss Components:
  |- loss_rot: 0.03239
  |- loss_pos: 0.38145
  |- fk_loss: 0.94292
  |- smoothness_loss: 0.16845
LR: 0.000002
Hole frames in this epoch: [4, 16]

Epoch 345 | Train Loss: 0.10252 | Val Loss: 0.27561
Train Loss Components:
  |- loss_rot: 0.02469
  |- loss_pos: 0.09787
  |- fk_loss: 0.43453
  |- smoothness_loss: 0.22389
Val Loss Components:
  |- loss_rot: 0.03237
  |- loss_pos: 0.38215
  |- fk_loss: 0.94253
  |- smoothness_loss: 0.16851
LR: 0.000002
Hole frames in this epoch: [4, 16]

Epoch 346 | Train Loss: 0.10132 | Val Loss: 0.27537
Train Loss Components:
  |- loss_rot: 0.02837
  |- loss_pos: 0.11124
  |- fk_loss: 0.50193
  |- smoothness_loss: 0.24929
Val Loss Components:
  |- loss_rot: 0.03235
  |- loss_pos: 0.38184
  |- fk_loss: 0.94287
  |- smoothness_loss: 0.16752
LR: 0.000002
Hole frames in this epoch: [4, 16]

Epoch 347 | Train Loss: 0.10129 | Val Loss: 0.27542
Train Loss Components:
  |- loss_rot: 0.01321
  |- loss_pos: 0.06932
  |- fk_loss: 0.24820
  |- smoothness_loss: 0.11799
Val Loss Components:
  |- loss_rot: 0.03236
  |- loss_pos: 0.38321
  |- fk_loss: 0.94528
  |- smoothness_loss: 0.16827
LR: 0.000001
Hole frames in this epoch: [4, 16]

Epoch 348 | Train Loss: 0.10064 | Val Loss: 0.27549
Train Loss Components:
  |- loss_rot: 0.02374
  |- loss_pos: 0.09520
  |- fk_loss: 0.41887
  |- smoothness_loss: 0.21817
Val Loss Components:
  |- loss_rot: 0.03237
  |- loss_pos: 0.37968
  |- fk_loss: 0.94247
  |- smoothness_loss: 0.16814
LR: 0.000001
Hole frames in this epoch: [4, 16]

Epoch 349 | Train Loss: 0.09913 | Val Loss: 0.27539
Train Loss Components:
  |- loss_rot: 0.02004
  |- loss_pos: 0.08492
  |- fk_loss: 0.36244
  |- smoothness_loss: 0.19839
Val Loss Components:
  |- loss_rot: 0.03236
  |- loss_pos: 0.37959
  |- fk_loss: 0.94141
  |- smoothness_loss: 0.16745
LR: 0.000001
Hole frames in this epoch: [4, 16]

Epoch 350 | Train Loss: 0.10063 | Val Loss: 0.27537
Train Loss Components:
  |- loss_rot: 0.02153
  |- loss_pos: 0.08847
  |- fk_loss: 0.38714
  |- smoothness_loss: 0.20141
Val Loss Components:
  |- loss_rot: 0.03235
  |- loss_pos: 0.38164
  |- fk_loss: 0.94164
  |- smoothness_loss: 0.16807
LR: 0.000001
Hole frames in this epoch: [4, 16]

Epoch 351 | Train Loss: 0.10392 | Val Loss: 0.27538
Train Loss Components:
  |- loss_rot: 0.02584
  |- loss_pos: 0.09893
  |- fk_loss: 0.44917
  |- smoothness_loss: 0.23038
Val Loss Components:
  |- loss_rot: 0.03236
  |- loss_pos: 0.38211
  |- fk_loss: 0.94266
  |- smoothness_loss: 0.16821
LR: 0.000001
Hole frames in this epoch: [4, 16]

Epoch 352 | Train Loss: 0.10042 | Val Loss: 0.27542
Train Loss Components:
  |- loss_rot: 0.01285
  |- loss_pos: 0.06768
  |- fk_loss: 0.24981
  |- smoothness_loss: 0.12317
Val Loss Components:
  |- loss_rot: 0.03237
  |- loss_pos: 0.37878
  |- fk_loss: 0.94165
  |- smoothness_loss: 0.16843
LR: 0.000001
Hole frames in this epoch: [4, 16]

Epoch 353 | Train Loss: 0.09930 | Val Loss: 0.27528
Train Loss Components:
  |- loss_rot: 0.01648
  |- loss_pos: 0.07515
  |- fk_loss: 0.30644
  |- smoothness_loss: 0.16863
Val Loss Components:
  |- loss_rot: 0.03236
  |- loss_pos: 0.38052
  |- fk_loss: 0.94344
  |- smoothness_loss: 0.16768
LR: 0.000000
Hole frames in this epoch: [4, 16]

Epoch 354 | Train Loss: 0.10089 | Val Loss: 0.27539
Train Loss Components:
  |- loss_rot: 0.03106
  |- loss_pos: 0.12802
  |- fk_loss: 0.55255
  |- smoothness_loss: 0.28935
Val Loss Components:
  |- loss_rot: 0.03237
  |- loss_pos: 0.37937
  |- fk_loss: 0.94254
  |- smoothness_loss: 0.16831
LR: 0.000000
Hole frames in this epoch: [4, 16]

Epoch 355 | Train Loss: 0.09903 | Val Loss: 0.27530
Train Loss Components:
  |- loss_rot: 0.02386
  |- loss_pos: 0.09366
  |- fk_loss: 0.40670
  |- smoothness_loss: 0.22721
Val Loss Components:
  |- loss_rot: 0.03235
  |- loss_pos: 0.37998
  |- fk_loss: 0.94364
  |- smoothness_loss: 0.16787
LR: 0.000000
Hole frames in this epoch: [4, 16]

Epoch 356 | Train Loss: 0.10434 | Val Loss: 0.27538
Train Loss Components:
  |- loss_rot: 0.02624
  |- loss_pos: 0.10420
  |- fk_loss: 0.45694
  |- smoothness_loss: 0.24273
Val Loss Components:
  |- loss_rot: 0.03237
  |- loss_pos: 0.38001
  |- fk_loss: 0.94345
  |- smoothness_loss: 0.16845
LR: 0.000000
Hole frames in this epoch: [4, 16]

Epoch 357 | Train Loss: 0.10253 | Val Loss: 0.27527
Train Loss Components:
  |- loss_rot: 0.02791
  |- loss_pos: 0.10790
  |- fk_loss: 0.47739
  |- smoothness_loss: 0.27553
Val Loss Components:
  |- loss_rot: 0.03235
  |- loss_pos: 0.37880
  |- fk_loss: 0.94285
  |- smoothness_loss: 0.16763
LR: 0.000000
Hole frames in this epoch: [4, 16]

Epoch 358 | Train Loss: 0.10272 | Val Loss: 0.27537
Train Loss Components:
  |- loss_rot: 0.02186
  |- loss_pos: 0.08800
  |- fk_loss: 0.37842
  |- smoothness_loss: 0.20044
Val Loss Components:
  |- loss_rot: 0.03237
  |- loss_pos: 0.37992
  |- fk_loss: 0.94276
  |- smoothness_loss: 0.16844
LR: 0.000000
Hole frames in this epoch: [4, 16]

Epoch 359 | Train Loss: 0.10157 | Val Loss: 0.27524
Train Loss Components:
  |- loss_rot: 0.02337
  |- loss_pos: 0.09536
  |- fk_loss: 0.39420
  |- smoothness_loss: 0.19408
Val Loss Components:
  |- loss_rot: 0.03235
  |- loss_pos: 0.38089
  |- fk_loss: 0.94303
  |- smoothness_loss: 0.16772
LR: 0.000000
Hole frames in this epoch: [4, 16]

Epoch 360 | Train Loss: 0.09960 | Val Loss: 0.27530
Train Loss Components:
  |- loss_rot: 0.01535
  |- loss_pos: 0.07106
  |- fk_loss: 0.28617
  |- smoothness_loss: 0.15624
Val Loss Components:
  |- loss_rot: 0.03236
  |- loss_pos: 0.38059
  |- fk_loss: 0.94258
  |- smoothness_loss: 0.16834
LR: 0.000000
Hole frames in this epoch: [4, 16]

Epoch 361 | Train Loss: 0.09856 | Val Loss: 0.27523
Train Loss Components:
  |- loss_rot: 0.01303
  |- loss_pos: 0.06996
  |- fk_loss: 0.24669
  |- smoothness_loss: 0.12384
Val Loss Components:
  |- loss_rot: 0.03235
  |- loss_pos: 0.38085
  |- fk_loss: 0.94282
  |- smoothness_loss: 0.16796
LR: 0.000000
Hole frames in this epoch: [4, 16]

Epoch 362 | Train Loss: 0.09764 | Val Loss: 0.27530
Train Loss Components:
  |- loss_rot: 0.02541
  |- loss_pos: 0.09680
  |- fk_loss: 0.42692
  |- smoothness_loss: 0.22203
Val Loss Components:
  |- loss_rot: 0.03236
  |- loss_pos: 0.38040
  |- fk_loss: 0.94141
  |- smoothness_loss: 0.16846
LR: 0.000000
Hole frames in this epoch: [4, 16]

Epoch 363 | Train Loss: 0.10010 | Val Loss: 0.27521
Train Loss Components:
  |- loss_rot: 0.03102
  |- loss_pos: 0.12218
  |- fk_loss: 0.53639
  |- smoothness_loss: 0.28688
Val Loss Components:
  |- loss_rot: 0.03236
  |- loss_pos: 0.38165
  |- fk_loss: 0.94268
  |- smoothness_loss: 0.16805
LR: 0.000000
Hole frames in this epoch: [4, 16]

Epoch 364 | Train Loss: 0.09953 | Val Loss: 0.27526
Train Loss Components:
  |- loss_rot: 0.03642
  |- loss_pos: 0.16366
  |- fk_loss: 0.72127
  |- smoothness_loss: 0.34571
Val Loss Components:
  |- loss_rot: 0.03235
  |- loss_pos: 0.38089
  |- fk_loss: 0.94296
  |- smoothness_loss: 0.16835
LR: 0.000000
Hole frames in this epoch: [4, 16]

Epoch 365 | Train Loss: 0.10376 | Val Loss: 0.27532
Train Loss Components:
  |- loss_rot: 0.02471
  |- loss_pos: 0.09672
  |- fk_loss: 0.42324
  |- smoothness_loss: 0.24368
Val Loss Components:
  |- loss_rot: 0.03235
  |- loss_pos: 0.38032
  |- fk_loss: 0.94232
  |- smoothness_loss: 0.16882
LR: 0.000000
Hole frames in this epoch: [4, 16]

Epoch 366 | Train Loss: 0.09836 | Val Loss: 0.27526
Train Loss Components:
  |- loss_rot: 0.01544
  |- loss_pos: 0.07168
  |- fk_loss: 0.28805
  |- smoothness_loss: 0.14264
Val Loss Components:
  |- loss_rot: 0.03236
  |- loss_pos: 0.38147
  |- fk_loss: 0.94319
  |- smoothness_loss: 0.16778
LR: 0.000000
Hole frames in this epoch: [4, 16]

Epoch 367 | Train Loss: 0.10259 | Val Loss: 0.27529
Train Loss Components:
  |- loss_rot: 0.01450
  |- loss_pos: 0.06938
  |- fk_loss: 0.25777
  |- smoothness_loss: 0.12372
Val Loss Components:
  |- loss_rot: 0.03236
  |- loss_pos: 0.38128
  |- fk_loss: 0.94214
  |- smoothness_loss: 0.16840
LR: 0.000000
Hole frames in this epoch: [4, 16]

Epoch 368 | Train Loss: 0.10233 | Val Loss: 0.27530
Train Loss Components:
  |- loss_rot: 0.02486
  |- loss_pos: 0.09739
  |- fk_loss: 0.42991
  |- smoothness_loss: 0.22979
Val Loss Components:
  |- loss_rot: 0.03236
  |- loss_pos: 0.38108
  |- fk_loss: 0.94204
  |- smoothness_loss: 0.16815
LR: 0.000000
Hole frames in this epoch: [4, 16]

Epoch 369 | Train Loss: 0.09980 | Val Loss: 0.27531
Train Loss Components:
  |- loss_rot: 0.02863
  |- loss_pos: 0.11446
  |- fk_loss: 0.53183
  |- smoothness_loss: 0.26794
Val Loss Components:
  |- loss_rot: 0.03236
  |- loss_pos: 0.37946
  |- fk_loss: 0.94219
  |- smoothness_loss: 0.16877
LR: 0.000000
Hole frames in this epoch: [4, 16]

Epoch 370 | Train Loss: 0.09966 | Val Loss: 0.27524
Train Loss Components:
  |- loss_rot: 0.01235
  |- loss_pos: 0.06636
  |- fk_loss: 0.23034
  |- smoothness_loss: 0.10284
Val Loss Components:
  |- loss_rot: 0.03235
  |- loss_pos: 0.38105
  |- fk_loss: 0.94313
  |- smoothness_loss: 0.16789
LR: 0.000000
Hole frames in this epoch: [4, 16]

Epoch 371 | Train Loss: 0.09907 | Val Loss: 0.27532
Train Loss Components:
  |- loss_rot: 0.01318
  |- loss_pos: 0.06749
  |- fk_loss: 0.24502
  |- smoothness_loss: 0.11636
Val Loss Components:
  |- loss_rot: 0.03236
  |- loss_pos: 0.38139
  |- fk_loss: 0.94293
  |- smoothness_loss: 0.16897
LR: 0.000000
Hole frames in this epoch: [4, 16]

Training time: 16009.82 s